CS_SEXO,CS_RACA,NU_IDADE,SEM_PRI,DT_SIN_PRI,SG_UF,CO_MUN_RES,ID_MN_RESI,CS_ZONA,PCR_FLUASU,FLUASU_OUT,ANO,SEMANA_EPI,CASO_PROXY_INFLUENZA_A
F,4,40,26,03/07/2009,SP,355030,São Paulo,,,,2009,26,0
F,1,10,32,09/08/2009,SP,355030,São Paulo,,,,2009,32,0
F,1,7,28,18/07/2009,SP,355030,São Paulo,,,,2009,28,0
F,4,46,32,10/08/2009,SP,355030,São Paulo,,,,2009,32,0
F,9,33,31,07/08/2009,SP,355030,São Paulo,,,,2009,31,0
M,9,47,32,10/08/2009,SP,355030,São Paulo,,,,2009,32,0
F,9,84,51,20/12/2009,SP,355030,São Paulo,,,,2009,51,0
M,1,29,25,27/06/2009,SP,355030,São Paulo,,,,2009,25,0
F,9,43,25,22/06/2009,SP,355030,São Paulo,,,,2009,25,0
M,1,37,26,28/06/2009,SP,355030,São Paulo,,,,2009,26,0
F,1,26,26,28/06/2009,SP,355030,São Paulo,,,,2009,26,0
F,9,36,25,24/06/2009,SP,355030,São Paulo,,,,2009,25,0
F,1,53,25,25/06/2009,SP,355030,São Paulo,,,,2009,25,0
F,1,35,25,26/06/2009,SP,355030,São Paulo,,,,2009,25,0
F,3,26,25,24/06/2009,SP,355030,São Paulo,,,,2009,25,0
M,1,15,25,27/06/2009,SP,355030,São Paulo,,,,2009,25,0
F,1,6,25,24/06/2009,SP,355030,São Paulo,,,,2009,25,0
M,3,49,25,22/06/2009,SP,355030,São Paulo,,,,2009,25,0
F,1,19,25,24/06/2009,SP,355030,São Paulo,,,,2009,25,0
M,1,40,25,24/06/2009,SP,355030,São Paulo,,,,2009,25,0
F,1,42,25,25/06/2009,SP,355030,São Paulo,,,,2009,25,0
M,1,0,26,28/06/2009,SP,355030,São Paulo,,,,2009,26,0
F,4,26,25,25/06/2009,SP,355030,São Paulo,,,,2009,25,0
F,9,22,26,28/06/2009,SP,355030,São Paulo,,,,2009,26,0
F,1,33,24,19/06/2009,SP,355030,São Paulo,,,,2009,24,0
M,9,50,25,27/06/2009,SP,355030,São Paulo,,,,2009,25,0
F,1,22,25,22/06/2009,SP,355030,São Paulo,,,,2009,25,0
M,1,44,25,24/06/2009,SP,355030,São Paulo,,,,2009,25,0
M,9,37,24,20/06/2009,SP,355030,São Paulo,,,,2009,24,0
M,1,37,24,20/06/2009,SP,355030,São Paulo,,,,2009,24,0
F,2,4,24,20/06/2009,SP,355030,São Paulo,,,,2009,24,0
F,1,43,25,24/06/2009,SP,355030,São Paulo,,,,2009,25,0
F,1,16,25,24/06/2009,SP,355030,São Paulo,,,,2009,25,0
M,1,58,24,20/06/2009,SP,355030,São Paulo,,,,2009,24,0
M,1,26,24,16/06/2009,SP,355030,São Paulo,,,,2009,24,0
F,1,35,25,21/06/2009,SP,355030,São Paulo,,,,2009,25,0
F,,0,24,14/06/2009,SP,355030,São Paulo,,,,2009,24,0
M,3,30,24,16/06/2009,SP,355030,São Paulo,,,,2009,24,0
M,1,10,24,16/06/2009,SP,355030,São Paulo,,,,2009,24,0
M,1,26,24,15/06/2009,SP,355030,São Paulo,,,,2009,24,0
F,,45,23,07/06/2009,SP,355030,São Paulo,,,,2009,23,0
F,1,27,22,06/06/2009,SP,355030,São Paulo,,,,2009,22,0
F,1,4,20,18/05/2009,SP,355030,São Paulo,,,,2009,20,0
M,2,2,32,12/08/2009,SP,355030,São Paulo,,,,2009,32,0
F,2,30,29,21/07/2009,SP,355030,São Paulo,,,,2009,29,0
M,1,24,32,11/08/2009,SP,355030,São Paulo,,,,2009,32,0
F,1,54,33,21/08/2009,SP,355030,São Paulo,,,,2009,33,0
F,1,25,32,14/08/2009,SP,355030,São Paulo,,,,2009,32,0
M,1,8,31,04/08/2009,SP,355030,São Paulo,,,,2009,31,0
M,1,10,31,03/08/2009,SP,355030,São Paulo,,,,2009,31,0
F,1,52,31,03/08/2009,SP,355030,São Paulo,,,,2009,31,0
M,,1,27,07/07/2009,SP,355030,São Paulo,,,,2009,27,0
M,1,40,30,28/07/2009,SP,355030,São Paulo,,,,2009,30,0
F,4,34,30,29/07/2009,SP,355030,São Paulo,,,,2009,30,0
F,1,11,32,10/08/2009,SP,355030,São Paulo,,,,2009,32,0
M,1,8,33,20/08/2009,SP,355030,São Paulo,,,,2009,33,0
M,1,24,31,02/08/2009,SP,355030,São Paulo,,,,2009,31,0
M,1,0,30,01/08/2009,SP,355030,São Paulo,,,,2009,30,0
F,1,42,31,02/08/2009,SP,355030,São Paulo,,,,2009,31,0
F,4,29,31,02/08/2009,SP,355030,São Paulo,,,,2009,31,0
M,1,0,29,24/07/2009,SP,355030,São Paulo,,,,2009,29,0
F,4,0,29,22/07/2009,SP,355030,São Paulo,,,,2009,29,0
F,1,0,28,14/07/2009,SP,355030,São Paulo,,,,2009,28,0
F,1,21,31,05/08/2009,SP,355030,São Paulo,,,,2009,31,0
M,1,31,31,03/08/2009,SP,355030,São Paulo,,,,2009,31,0
F,1,59,33,20/08/2009,SP,355030,São Paulo,,,,2009,33,0
M,1,2,33,20/08/2009,SP,355030,São Paulo,,,,2009,33,0
F,4,17,33,17/08/2009,SP,355030,São Paulo,,,,2009,33,0
M,1,30,31,08/08/2009,SP,355030,São Paulo,,,,2009,31,0
M,1,7,32,09/08/2009,SP,355030,São Paulo,,,,2009,32,0
F,1,8,31,03/08/2009,SP,355030,São Paulo,,,,2009,31,0
F,1,34,31,02/08/2009,SP,355030,São Paulo,,,,2009,31,0
F,1,21,29,25/07/2009,SP,355030,São Paulo,,,,2009,29,0
M,1,27,27,11/07/2009,SP,355030,São Paulo,,,,2009,27,0
M,1,26,30,29/07/2009,SP,355030,São Paulo,,,,2009,30,0
M,1,22,33,18/08/2009,SP,355030,São Paulo,,,,2009,33,0
M,1,26,30,31/07/2009,SP,355030,São Paulo,,,,2009,30,0
F,9,4,33,20/08/2009,SP,355030,São Paulo,,,,2009,33,0
M,1,28,30,28/07/2009,SP,355030,São Paulo,,,,2009,30,0
M,9,17,30,28/07/2009,SP,355030,São Paulo,,,,2009,30,0
F,9,0,31,06/08/2009,SP,355030,São Paulo,,,,2009,31,0
F,5,36,33,18/08/2009,SP,355030,São Paulo,,,,2009,33,0
F,5,4,33,17/08/2009,SP,355030,São Paulo,,,,2009,33,0
M,9,4,30,28/07/2009,SP,355030,São Paulo,,,,2009,30,0
F,9,77,34,23/08/2009,SP,355030,São Paulo,,,,2009,34,0
F,5,4,30,27/07/2009,SP,355030,São Paulo,,,,2009,30,0
F,9,13,32,10/08/2009,SP,355030,São Paulo,,,,2009,32,0
F,1,9,35,30/08/2009,SP,355030,São Paulo,,,,2009,35,0
F,9,25,31,08/08/2009,SP,355030,São Paulo,,,,2009,31,0
F,9,27,33,20/08/2009,SP,355030,São Paulo,,,,2009,33,0
F,1,28,34,27/08/2009,SP,355030,São Paulo,,,,2009,34,0
F,1,0,34,25/08/2009,SP,355030,São Paulo,,,,2009,34,0
F,9,30,34,27/08/2009,SP,355030,São Paulo,,,,2009,34,0
F,1,2,34,27/08/2009,SP,355030,São Paulo,,,,2009,34,0
M,1,2,35,31/08/2009,SP,355030,São Paulo,,,,2009,35,0
F,1,38,30,28/07/2009,SP,355030,São Paulo,,,,2009,30,0
F,9,0,30,29/07/2009,SP,355030,São Paulo,,,,2009,30,0
M,1,9,33,19/08/2009,SP,355030,São Paulo,,,,2009,33,0
F,1,18,33,20/08/2009,SP,355030,São Paulo,,,,2009,33,0
M,1,42,32,14/08/2009,SP,355030,São Paulo,,,,2009,32,0
F,9,0,34,25/08/2009,SP,355030,São Paulo,,,,2009,34,0
F,1,54,31,05/08/2009,SP,355030,São Paulo,,,,2009,31,0
F,9,53,29,25/07/2009,SP,355030,São Paulo,,,,2009,29,0
M,1,25,32,14/08/2009,SP,355030,São Paulo,,,,2009,32,0
F,9,69,34,29/08/2009,SP,355030,São Paulo,,,,2009,34,0
F,1,63,33,18/08/2009,SP,355030,São Paulo,,,,2009,33,0
F,1,59,34,29/08/2009,SP,355030,São Paulo,,,,2009,34,0
F,4,36,32,13/08/2009,SP,355030,São Paulo,,,,2009,32,0
F,9,49,34,27/08/2009,SP,355030,São Paulo,,,,2009,34,0
M,9,0,31,08/08/2009,SP,355030,São Paulo,,,,2009,31,0
F,1,26,30,31/07/2009,SP,355030,São Paulo,,,,2009,30,0
F,1,35,33,21/08/2009,SP,355030,São Paulo,,,,2009,33,0
F,1,23,33,16/08/2009,SP,355030,São Paulo,,,,2009,33,0
F,1,27,30,31/07/2009,SP,355030,São Paulo,,,,2009,30,0
M,1,10,30,01/08/2009,SP,355030,São Paulo,,,,2009,30,0
M,1,13,34,28/08/2009,SP,355030,São Paulo,,,,2009,34,0
F,4,0,30,26/07/2009,SP,355030,São Paulo,,,,2009,30,0
M,1,25,28,16/07/2009,SP,355030,São Paulo,,,,2009,28,0
F,4,49,30,26/07/2009,SP,355030,São Paulo,,,,2009,30,0
F,1,34,30,01/08/2009,SP,355030,São Paulo,,,,2009,30,0
F,1,45,34,23/08/2009,SP,355030,São Paulo,,,,2009,34,0
F,1,32,30,28/07/2009,SP,355030,São Paulo,,,,2009,30,0
F,1,59,29,24/07/2009,SP,355030,São Paulo,,,,2009,29,0
F,4,46,30,31/07/2009,SP,355030,São Paulo,,,,2009,30,0
M,1,28,29,21/07/2009,SP,355030,São Paulo,,,,2009,29,0
M,9,4,34,26/08/2009,SP,355030,São Paulo,,,,2009,34,0
M,4,0,34,26/08/2009,SP,355030,São Paulo,,,,2009,34,0
M,9,39,34,27/08/2009,SP,355030,São Paulo,,,,2009,34,0
M,1,5,34,27/08/2009,SP,355030,São Paulo,,,,2009,34,0
F,9,88,32,10/08/2009,SP,355030,São Paulo,,,,2009,32,0
F,1,29,32,14/08/2009,SP,355030,São Paulo,,,,2009,32,0
F,1,0,34,26/08/2009,SP,355030,São Paulo,,,,2009,34,0
F,1,5,34,23/08/2009,SP,355030,São Paulo,,,,2009,34,0
F,1,5,33,22/08/2009,SP,355030,São Paulo,,,,2009,33,0
F,1,4,33,22/08/2009,SP,355030,São Paulo,,,,2009,33,0
F,1,29,30,01/08/2009,SP,355030,São Paulo,,,,2009,30,0
F,9,25,29,24/07/2009,SP,355030,São Paulo,,,,2009,29,0
M,1,0,34,24/08/2009,SP,355030,São Paulo,,,,2009,34,0
F,1,4,28,16/07/2009,SP,355030,São Paulo,,,,2009,28,0
M,2,8,33,16/08/2009,SP,355030,São Paulo,,,,2009,33,0
F,4,33,34,24/08/2009,SP,355030,São Paulo,,,,2009,34,0
F,4,30,34,28/08/2009,SP,355030,São Paulo,,,,2009,34,0
F,9,25,34,27/08/2009,SP,355030,São Paulo,,,,2009,34,0
M,1,57,30,30/07/2009,SP,355030,São Paulo,,,,2009,30,0
F,9,10,31,05/08/2009,SP,355030,São Paulo,,,,2009,31,0
F,1,42,32,14/08/2009,SP,355030,São Paulo,,,,2009,32,0
F,1,1,34,27/08/2009,SP,355030,São Paulo,,,,2009,34,0
F,5,46,32,12/08/2009,SP,355030,São Paulo,,,,2009,32,0
F,1,47,34,26/08/2009,SP,355030,São Paulo,,,,2009,34,0
M,1,8,34,28/08/2009,SP,355030,São Paulo,,,,2009,34,0
F,4,22,32,09/08/2009,SP,355030,São Paulo,,,,2009,32,0
F,1,45,32,09/08/2009,SP,355030,São Paulo,,,,2009,32,0
F,9,31,34,28/08/2009,SP,355030,São Paulo,,,,2009,34,0
F,9,64,34,24/08/2009,SP,355030,São Paulo,,,,2009,34,0
F,9,60,33,20/08/2009,SP,355030,São Paulo,,,,2009,33,0
F,9,35,29,25/07/2009,SP,355030,São Paulo,,,,2009,29,0
F,,0,34,27/08/2009,SP,355030,São Paulo,,,,2009,34,0
M,,13,27,11/07/2009,SP,355030,São Paulo,,,,2009,27,0
F,,23,34,28/08/2009,SP,355030,São Paulo,,,,2009,34,0
M,,8,30,28/07/2009,SP,355030,São Paulo,,,,2009,30,0
F,,46,31,04/08/2009,SP,355030,São Paulo,,,,2009,31,0
M,1,75,31,04/08/2009,SP,355030,São Paulo,,,,2009,31,0
M,4,61,34,28/08/2009,SP,355030,São Paulo,,,,2009,34,0
F,1,38,33,16/08/2009,SP,355030,São Paulo,,,,2009,33,0
M,9,0,34,26/08/2009,SP,355030,São Paulo,,,,2009,34,0
M,9,2,34,26/08/2009,SP,355030,São Paulo,,,,2009,34,0
M,1,2,34,28/08/2009,SP,355030,São Paulo,,,,2009,34,0
F,1,43,32,09/08/2009,SP,355030,São Paulo,,,,2009,32,0
M,1,0,34,27/08/2009,SP,355030,São Paulo,,,,2009,34,0
F,1,4,34,28/08/2009,SP,355030,São Paulo,,,,2009,34,0
M,1,1,34,25/08/2009,SP,355030,São Paulo,,,,2009,34,0
F,1,4,34,26/08/2009,SP,355030,São Paulo,,,,2009,34,0
F,1,0,33,17/08/2009,SP,355030,São Paulo,,,,2009,33,0
M,1,43,33,20/08/2009,SP,355030,São Paulo,,,,2009,33,0
F,1,3,35,30/08/2009,SP,355030,São Paulo,,,,2009,35,0
F,3,4,34,25/08/2009,SP,355030,São Paulo,,,,2009,34,0
M,1,0,31,02/08/2009,SP,355030,São Paulo,,,,2009,31,0
M,4,0,34,27/08/2009,SP,355030,São Paulo,,,,2009,34,0
M,1,0,34,24/08/2009,SP,355030,São Paulo,,,,2009,34,0
M,1,88,33,16/08/2009,SP,355030,São Paulo,,,,2009,33,0
M,4,0,34,25/08/2009,SP,355030,São Paulo,,,,2009,34,0
M,4,19,33,20/08/2009,SP,355030,São Paulo,,,,2009,33,0
M,4,2,34,26/08/2009,SP,355030,São Paulo,,,,2009,34,0
M,,14,34,24/08/2009,SP,355030,São Paulo,,,,2009,34,0
M,1,0,34,26/08/2009,SP,355030,São Paulo,,,,2009,34,0
M,1,1,34,26/08/2009,SP,355030,São Paulo,,,,2009,34,0
F,1,11,34,25/08/2009,SP,355030,São Paulo,,,,2009,34,0
F,9,2,34,26/08/2009,SP,355030,São Paulo,,,,2009,34,0
M,1,11,34,27/08/2009,SP,355030,São Paulo,,,,2009,34,0
F,9,26,33,17/08/2009,SP,355030,São Paulo,,,,2009,33,0
M,1,40,34,28/08/2009,SP,355030,São Paulo,,,,2009,34,0
M,1,0,34,27/08/2009,SP,355030,São Paulo,,,,2009,34,0
F,1,25,33,18/08/2009,SP,355030,São Paulo,,,,2009,33,0
M,,8,34,28/08/2009,SP,355030,São Paulo,,,,2009,34,0
M,1,5,35,30/08/2009,SP,355030,São Paulo,,,,2009,35,0
F,,1,32,12/08/2009,SP,355030,São Paulo,,,,2009,32,0
F,1,0,34,29/08/2009,SP,355030,São Paulo,,,,2009,34,0
M,3,11,34,29/08/2009,SP,355030,São Paulo,,,,2009,34,0
M,9,43,33,16/08/2009,SP,355030,São Paulo,,,,2009,33,0
M,1,60,33,18/08/2009,SP,355030,São Paulo,,,,2009,33,0
F,1,26,34,28/08/2009,SP,355030,São Paulo,,,,2009,34,0
F,4,43,34,26/08/2009,SP,355030,São Paulo,,,,2009,34,0
F,1,18,34,29/08/2009,SP,355030,São Paulo,,,,2009,34,0
F,1,33,33,17/08/2009,SP,355030,São Paulo,,,,2009,33,0
M,4,4,32,14/08/2009,SP,355030,São Paulo,,,,2009,32,0
F,1,5,33,17/08/2009,SP,355030,São Paulo,,,,2009,33,0
M,1,7,32,11/08/2009,SP,355030,São Paulo,,,,2009,32,0
M,4,1,34,26/08/2009,SP,355030,São Paulo,,,,2009,34,0
F,9,51,34,28/08/2009,SP,355030,São Paulo,,,,2009,34,0
M,1,5,35,30/08/2009,SP,355030,São Paulo,,,,2009,35,0
M,4,36,34,26/08/2009,SP,355030,São Paulo,,,,2009,34,0
F,9,38,33,20/08/2009,SP,355030,São Paulo,,,,2009,33,0
F,4,7,33,19/08/2009,SP,355030,São Paulo,,,,2009,33,0
M,4,6,33,16/08/2009,SP,355030,São Paulo,,,,2009,33,0
F,4,25,35,30/08/2009,SP,355030,São Paulo,,,,2009,35,0
M,1,1,35,30/08/2009,SP,355030,São Paulo,,,,2009,35,0
M,1,0,34,23/08/2009,SP,355030,São Paulo,,,,2009,34,0
F,2,27,34,26/08/2009,SP,355030,São Paulo,,,,2009,34,0
F,1,56,34,29/08/2009,SP,355030,São Paulo,,,,2009,34,0
F,1,2,34,28/08/2009,SP,355030,São Paulo,,,,2009,34,0
M,1,12,34,28/08/2009,SP,355030,São Paulo,,,,2009,34,0
M,9,15,35,30/08/2009,SP,355030,São Paulo,,,,2009,35,0
M,9,22,33,21/08/2009,SP,355030,São Paulo,,,,2009,33,0
F,1,5,34,28/08/2009,SP,355030,São Paulo,,,,2009,34,0
M,9,12,34,24/08/2009,SP,355030,São Paulo,,,,2009,34,0
M,1,47,32,10/08/2009,SP,355030,São Paulo,,,,2009,32,0
M,4,21,32,14/08/2009,SP,355030,São Paulo,,,,2009,32,0
F,9,5,34,29/08/2009,SP,355030,São Paulo,,,,2009,34,0
M,1,17,34,28/08/2009,SP,355030,São Paulo,,,,2009,34,0
F,1,24,34,29/08/2009,SP,355030,São Paulo,,,,2009,34,0
F,1,47,34,26/08/2009,SP,355030,São Paulo,,,,2009,34,0
F,1,42,34,24/08/2009,SP,355030,São Paulo,,,,2009,34,0
M,1,36,34,27/08/2009,SP,355030,São Paulo,,,,2009,34,0
M,9,1,34,24/08/2009,SP,355030,São Paulo,,,,2009,34,0
F,1,63,32,11/08/2009,SP,355030,São Paulo,,,,2009,32,0
M,4,54,32,10/08/2009,SP,355030,São Paulo,,,,2009,32,0
M,1,20,34,23/08/2009,SP,355030,São Paulo,,,,2009,34,0
M,1,51,34,28/08/2009,SP,355030,São Paulo,,,,2009,34,0
F,1,0,32,14/08/2009,SP,355030,São Paulo,,,,2009,32,0
F,1,44,34,25/08/2009,SP,355030,São Paulo,,,,2009,34,0
M,9,0,32,15/08/2009,SP,355030,São Paulo,,,,2009,32,0
F,1,55,32,15/08/2009,SP,355030,São Paulo,,,,2009,32,0
M,9,23,30,27/07/2009,SP,355030,São Paulo,,,,2009,30,0
F,1,37,34,28/08/2009,SP,355030,São Paulo,,,,2009,34,0
F,4,10,33,20/08/2009,SP,355030,São Paulo,,,,2009,33,0
F,2,13,34,26/08/2009,SP,355030,São Paulo,,,,2009,34,0
F,1,7,34,25/08/2009,SP,355030,São Paulo,,,,2009,34,0
F,1,69,32,09/08/2009,SP,355030,São Paulo,,,,2009,32,0
M,4,48,34,25/08/2009,SP,355030,São Paulo,,,,2009,34,0
F,1,38,32,15/08/2009,SP,355030,São Paulo,,,,2009,32,0
F,1,24,34,23/08/2009,SP,355030,São Paulo,,,,2009,34,0
M,1,69,31,05/08/2009,SP,355030,São Paulo,,,,2009,31,0
F,1,23,31,05/08/2009,SP,355030,São Paulo,,,,2009,31,0
F,1,37,31,07/08/2009,SP,355030,São Paulo,,,,2009,31,0
F,9,34,34,25/08/2009,SP,355030,São Paulo,,,,2009,34,0
M,1,11,34,24/08/2009,SP,355030,São Paulo,,,,2009,34,0
F,1,37,34,26/08/2009,SP,355030,São Paulo,,,,2009,34,0
F,1,6,34,26/08/2009,SP,355030,São Paulo,,,,2009,34,0
F,1,20,34,26/08/2009,SP,355030,São Paulo,,,,2009,34,0
M,1,0,34,27/08/2009,SP,355030,São Paulo,,,,2009,34,0
F,1,74,34,24/08/2009,SP,355030,São Paulo,,,,2009,34,0
M,1,14,33,22/08/2009,SP,355030,São Paulo,,,,2009,33,0
F,1,17,34,25/08/2009,SP,355030,São Paulo,,,,2009,34,0
F,2,11,30,01/08/2009,SP,355030,São Paulo,,,,2009,30,0
F,9,30,34,26/08/2009,SP,355030,São Paulo,,,,2009,34,0
M,4,9,34,27/08/2009,SP,355030,São Paulo,,,,2009,34,0
F,9,30,33,20/08/2009,SP,355030,São Paulo,,,,2009,33,0
F,1,0,34,25/08/2009,SP,355030,São Paulo,,,,2009,34,0
M,9,5,34,25/08/2009,SP,355030,São Paulo,,,,2009,34,0
M,1,28,31,06/08/2009,SP,355030,São Paulo,,,,2009,31,0
M,1,56,30,26/07/2009,SP,355030,São Paulo,,,,2009,30,0
F,1,34,34,24/08/2009,SP,355030,São Paulo,,,,2009,34,0
M,1,7,31,05/08/2009,SP,355030,São Paulo,,,,2009,31,0
M,1,7,33,19/08/2009,SP,355030,São Paulo,,,,2009,33,0
F,4,3,34,23/08/2009,SP,355030,São Paulo,,,,2009,34,0
F,1,20,34,26/08/2009,SP,355030,São Paulo,,,,2009,34,0
M,9,33,33,20/08/2009,SP,355030,São Paulo,,,,2009,33,0
M,1,16,33,21/08/2009,SP,355030,São Paulo,,,,2009,33,0
M,1,0,33,22/08/2009,SP,355030,São Paulo,,,,2009,33,0
M,1,2,32,13/08/2009,SP,355030,São Paulo,,,,2009,32,0
M,1,23,34,23/08/2009,SP,355030,São Paulo,,,,2009,34,0
F,9,0,32,11/08/2009,SP,355030,São Paulo,,,,2009,32,0
F,1,10,32,13/08/2009,SP,355030,São Paulo,,,,2009,32,0
M,1,0,33,17/08/2009,SP,355030,São Paulo,,,,2009,33,0
M,1,35,32,11/08/2009,SP,355030,São Paulo,,,,2009,32,0
M,9,0,32,12/08/2009,SP,355030,São Paulo,,,,2009,32,0
F,1,45,34,25/08/2009,SP,355030,São Paulo,,,,2009,34,0
M,1,4,33,19/08/2009,SP,355030,São Paulo,,,,2009,33,0
M,4,19,31,03/08/2009,SP,355030,São Paulo,,,,2009,31,0
F,1,22,33,20/08/2009,SP,355030,São Paulo,,,,2009,33,0
M,1,6,34,25/08/2009,SP,355030,São Paulo,,,,2009,34,0
F,1,23,34,25/08/2009,SP,355030,São Paulo,,,,2009,34,0
M,,1,34,23/08/2009,SP,355030,São Paulo,,,,2009,34,0
F,4,53,32,11/08/2009,SP,355030,São Paulo,,,,2009,32,0
M,1,42,34,23/08/2009,SP,355030,São Paulo,,,,2009,34,0
M,4,29,34,24/08/2009,SP,355030,São Paulo,,,,2009,34,0
F,1,32,33,22/08/2009,SP,355030,São Paulo,,,,2009,33,0
F,1,18,34,23/08/2009,SP,355030,São Paulo,,,,2009,34,0
M,1,34,33,21/08/2009,SP,355030,São Paulo,,,,2009,33,0
F,,61,34,24/08/2009,SP,355030,São Paulo,,,,2009,34,0
F,,9,34,25/08/2009,SP,355030,São Paulo,,,,2009,34,0
M,9,0,34,25/08/2009,SP,355030,São Paulo,,,,2009,34,0
F,2,55,34,25/08/2009,SP,355030,São Paulo,,,,2009,34,0
M,4,25,33,22/08/2009,SP,355030,São Paulo,,,,2009,33,0
F,9,12,34,26/08/2009,SP,355030,São Paulo,,,,2009,34,0
F,4,40,34,23/08/2009,SP,355030,São Paulo,,,,2009,34,0
M,1,19,34,23/08/2009,SP,355030,São Paulo,,,,2009,34,0
F,4,20,34,26/08/2009,SP,355030,São Paulo,,,,2009,34,0
F,1,9,34,24/08/2009,SP,355030,São Paulo,,,,2009,34,0
F,1,2,34,23/08/2009,SP,355030,São Paulo,,,,2009,34,0
F,1,5,34,26/08/2009,SP,355030,São Paulo,,,,2009,34,0
F,1,11,34,23/08/2009,SP,355030,São Paulo,,,,2009,34,0
F,1,27,34,24/08/2009,SP,355030,São Paulo,,,,2009,34,0
F,9,21,34,24/08/2009,SP,355030,São Paulo,,,,2009,34,0
F,9,62,33,19/08/2009,SP,355030,São Paulo,,,,2009,33,0
F,1,24,31,03/08/2009,SP,355030,São Paulo,,,,2009,31,0
M,9,0,34,26/08/2009,SP,355030,São Paulo,,,,2009,34,0
F,1,17,32,14/08/2009,SP,355030,São Paulo,,,,2009,32,0
F,9,1,34,25/08/2009,SP,355030,São Paulo,,,,2009,34,0
F,1,30,34,25/08/2009,SP,355030,São Paulo,,,,2009,34,0
M,1,4,34,24/08/2009,SP,355030,São Paulo,,,,2009,34,0
F,9,36,34,23/08/2009,SP,355030,São Paulo,,,,2009,34,0
M,9,1,34,23/08/2009,SP,355030,São Paulo,,,,2009,34,0
M,1,18,34,25/08/2009,SP,355030,São Paulo,,,,2009,34,0
F,1,38,33,22/08/2009,SP,355030,São Paulo,,,,2009,33,0
F,1,64,33,16/08/2009,SP,355030,São Paulo,,,,2009,33,0
F,1,69,34,23/08/2009,SP,355030,São Paulo,,,,2009,34,0
F,9,8,34,25/08/2009,SP,355030,São Paulo,,,,2009,34,0
M,1,65,33,17/08/2009,SP,355030,São Paulo,,,,2009,33,0
F,1,24,33,19/08/2009,SP,355030,São Paulo,,,,2009,33,0
F,4,7,33,21/08/2009,SP,355030,São Paulo,,,,2009,33,0
M,1,29,32,11/08/2009,SP,355030,São Paulo,,,,2009,32,0
F,1,28,34,24/08/2009,SP,355030,São Paulo,,,,2009,34,0
M,3,21,34,24/08/2009,SP,355030,São Paulo,,,,2009,34,0
M,,30,34,24/08/2009,SP,355030,São Paulo,,,,2009,34,0
F,9,35,32,10/08/2009,SP,355030,São Paulo,,,,2009,32,0
F,4,51,32,12/08/2009,SP,355030,São Paulo,,,,2009,32,0
F,1,1,34,23/08/2009,SP,355030,São Paulo,,,,2009,34,0
F,1,29,34,25/08/2009,SP,355030,São Paulo,,,,2009,34,0
M,1,23,34,24/08/2009,SP,355030,São Paulo,,,,2009,34,0
F,1,37,34,25/08/2009,SP,355030,São Paulo,,,,2009,34,0
F,1,20,34,24/08/2009,SP,355030,São Paulo,,,,2009,34,0
M,4,23,34,24/08/2009,SP,355030,São Paulo,,,,2009,34,0
F,,16,34,24/08/2009,SP,355030,São Paulo,,,,2009,34,0
M,9,24,34,23/08/2009,SP,355030,São Paulo,,,,2009,34,0
F,1,0,30,29/07/2009,SP,355030,São Paulo,,,,2009,30,0
F,1,20,34,24/08/2009,SP,355030,São Paulo,,,,2009,34,0
F,4,18,34,23/08/2009,SP,355030,São Paulo,,,,2009,34,0
M,4,11,33,22/08/2009,SP,355030,São Paulo,,,,2009,33,0
F,1,50,34,23/08/2009,SP,355030,São Paulo,,,,2009,34,0
F,1,21,34,23/08/2009,SP,355030,São Paulo,,,,2009,34,0
F,1,17,34,23/08/2009,SP,355030,São Paulo,,,,2009,34,0
F,1,42,31,04/08/2009,SP,355030,São Paulo,,,,2009,31,0
M,1,15,34,23/08/2009,SP,355030,São Paulo,,,,2009,34,0
F,1,49,33,19/08/2009,SP,355030,São Paulo,,,,2009,33,0
M,9,42,33,18/08/2009,SP,355030,São Paulo,,,,2009,33,0
M,,17,30,01/08/2009,SP,355030,São Paulo,,,,2009,30,0
M,9,15,33,22/08/2009,SP,355030,São Paulo,,,,2009,33,0
M,1,8,34,25/08/2009,SP,355030,São Paulo,,,,2009,34,0
F,1,23,33,20/08/2009,SP,355030,São Paulo,,,,2009,33,0
F,9,55,34,24/08/2009,SP,355030,São Paulo,,,,2009,34,0
F,3,80,34,23/08/2009,SP,355030,São Paulo,,,,2009,34,0
F,1,5,33,22/08/2009,SP,355030,São Paulo,,,,2009,33,0
F,1,52,33,18/08/2009,SP,355030,São Paulo,,,,2009,33,0
F,1,6,33,18/08/2009,SP,355030,São Paulo,,,,2009,33,0
M,1,12,33,18/08/2009,SP,355030,São Paulo,,,,2009,33,0
F,1,23,34,25/08/2009,SP,355030,São Paulo,,,,2009,34,0
F,9,55,33,22/08/2009,SP,355030,São Paulo,,,,2009,33,0
F,1,5,34,23/08/2009,SP,355030,São Paulo,,,,2009,34,0
M,4,25,33,20/08/2009,SP,355030,São Paulo,,,,2009,33,0
F,4,11,34,24/08/2009,SP,355030,São Paulo,,,,2009,34,0
M,1,9,34,23/08/2009,SP,355030,São Paulo,,,,2009,34,0
M,4,10,34,23/08/2009,SP,355030,São Paulo,,,,2009,34,0
F,1,11,33,21/08/2009,SP,355030,São Paulo,,,,2009,33,0
M,1,0,33,20/08/2009,SP,355030,São Paulo,,,,2009,33,0
F,1,55,33,22/08/2009,SP,355030,São Paulo,,,,2009,33,0
F,1,39,33,19/08/2009,SP,355030,São Paulo,,,,2009,33,0
M,4,7,33,20/08/2009,SP,355030,São Paulo,,,,2009,33,0
M,1,12,33,20/08/2009,SP,355030,São Paulo,,,,2009,33,0
F,1,18,33,19/08/2009,SP,355030,São Paulo,,,,2009,33,0
M,9,3,33,22/08/2009,SP,355030,São Paulo,,,,2009,33,0
F,9,14,34,24/08/2009,SP,355030,São Paulo,,,,2009,34,0
M,9,2,34,24/08/2009,SP,355030,São Paulo,,,,2009,34,0
M,9,8,34,23/08/2009,SP,355030,São Paulo,,,,2009,34,0
M,1,3,33,21/08/2009,SP,355030,São Paulo,,,,2009,33,0
M,1,0,34,23/08/2009,SP,355030,São Paulo,,,,2009,34,0
F,1,46,33,19/08/2009,SP,355030,São Paulo,,,,2009,33,0
M,1,49,34,24/08/2009,SP,355030,São Paulo,,,,2009,34,0
M,1,6,33,22/08/2009,SP,355030,São Paulo,,,,2009,33,0
F,1,24,33,21/08/2009,SP,355030,São Paulo,,,,2009,33,0
F,9,55,31,03/08/2009,SP,355030,São Paulo,,,,2009,31,0
F,4,17,32,15/08/2009,SP,355030,São Paulo,,,,2009,32,0
M,1,28,33,22/08/2009,SP,355030,São Paulo,,,,2009,33,0
M,1,3,33,19/08/2009,SP,355030,São Paulo,,,,2009,33,0
M,1,18,31,08/08/2009,SP,355030,São Paulo,,,,2009,31,0
F,9,2,32,15/08/2009,SP,355030,São Paulo,,,,2009,32,0
M,1,24,31,04/08/2009,SP,355030,São Paulo,,,,2009,31,0
F,4,76,34,23/08/2009,SP,355030,São Paulo,,,,2009,34,0
M,1,56,33,18/08/2009,SP,355030,São Paulo,,,,2009,33,0
F,4,33,34,23/08/2009,SP,355030,São Paulo,,,,2009,34,0
F,9,22,32,15/08/2009,SP,355030,São Paulo,,,,2009,32,0
M,3,77,32,14/08/2009,SP,355030,São Paulo,,,,2009,32,0
F,1,46,32,14/08/2009,SP,355030,São Paulo,,,,2009,32,0
F,2,10,33,20/08/2009,SP,355030,São Paulo,,,,2009,33,0
M,9,65,33,20/08/2009,SP,355030,São Paulo,,,,2009,33,0
F,4,0,33,18/08/2009,SP,355030,São Paulo,,,,2009,33,0
F,1,4,32,15/08/2009,SP,355030,São Paulo,,,,2009,32,0
F,,15,33,16/08/2009,SP,355030,São Paulo,,,,2009,33,0
F,1,70,32,14/08/2009,SP,355030,São Paulo,,,,2009,32,0
F,9,37,33,19/08/2009,SP,355030,São Paulo,,,,2009,33,0
F,1,4,33,19/08/2009,SP,355030,São Paulo,,,,2009,33,0
M,,0,33,21/08/2009,SP,355030,São Paulo,,,,2009,33,0
M,,15,33,22/08/2009,SP,355030,São Paulo,,,,2009,33,0
M,1,10,33,17/08/2009,SP,355030,São Paulo,,,,2009,33,0
F,3,6,34,23/08/2009,SP,355030,São Paulo,,,,2009,34,0
M,9,31,33,21/08/2009,SP,355030,São Paulo,,,,2009,33,0
M,3,8,33,21/08/2009,SP,355030,São Paulo,,,,2009,33,0
M,9,30,34,23/08/2009,SP,355030,São Paulo,,,,2009,34,0
F,,61,33,20/08/2009,SP,355030,São Paulo,,,,2009,33,0
F,9,54,32,09/08/2009,SP,355030,São Paulo,,,,2009,32,0
M,1,23,33,21/08/2009,SP,355030,São Paulo,,,,2009,33,0
F,1,21,33,17/08/2009,SP,355030,São Paulo,,,,2009,33,0
F,1,4,26,01/07/2009,SP,355030,São Paulo,,,,2009,26,0
F,1,1,27,10/07/2009,SP,355030,São Paulo,,,,2009,27,0
M,,9,33,22/08/2009,SP,355030,São Paulo,,,,2009,33,0
F,1,24,33,20/08/2009,SP,355030,São Paulo,,,,2009,33,0
M,1,37,33,16/08/2009,SP,355030,São Paulo,,,,2009,33,0
M,1,14,33,17/08/2009,SP,355030,São Paulo,,,,2009,33,0
F,2,16,33,20/08/2009,SP,355030,São Paulo,,,,2009,33,0
F,1,0,33,18/08/2009,SP,355030,São Paulo,,,,2009,33,0
F,9,31,33,17/08/2009,SP,355030,São Paulo,,,,2009,33,0
F,1,11,32,11/08/2009,SP,355030,São Paulo,,,,2009,32,0
M,9,29,33,16/08/2009,SP,355030,São Paulo,,,,2009,33,0
M,,5,33,22/08/2009,SP,355030,São Paulo,,,,2009,33,0
F,4,16,33,20/08/2009,SP,355030,São Paulo,,,,2009,33,0
M,9,9,33,21/08/2009,SP,355030,São Paulo,,,,2009,33,0
F,1,0,33,22/08/2009,SP,355030,São Paulo,,,,2009,33,0
F,,22,30,01/08/2009,SP,355030,São Paulo,,,,2009,30,0
F,1,1,33,21/08/2009,SP,355030,São Paulo,,,,2009,33,0
F,1,56,31,04/08/2009,SP,355030,São Paulo,,,,2009,31,0
F,4,2,32,11/08/2009,SP,355030,São Paulo,,,,2009,32,0
M,,0,33,19/08/2009,SP,355030,São Paulo,,,,2009,33,0
M,1,0,33,18/08/2009,SP,355030,São Paulo,,,,2009,33,0
F,,33,30,30/07/2009,SP,355030,São Paulo,,,,2009,30,0
F,1,9,33,20/08/2009,SP,355030,São Paulo,,,,2009,33,0
M,1,23,31,02/08/2009,SP,355030,São Paulo,,,,2009,31,0
F,1,27,31,02/08/2009,SP,355030,São Paulo,,,,2009,31,0
F,1,30,33,22/08/2009,SP,355030,São Paulo,,,,2009,33,0
F,2,29,34,23/08/2009,SP,355030,São Paulo,,,,2009,34,0
M,1,3,33,22/08/2009,SP,355030,São Paulo,,,,2009,33,0
F,4,12,33,22/08/2009,SP,355030,São Paulo,,,,2009,33,0
M,1,11,33,20/08/2009,SP,355030,São Paulo,,,,2009,33,0
F,1,12,34,23/08/2009,SP,355030,São Paulo,,,,2009,34,0
F,4,2,32,10/08/2009,SP,355030,São Paulo,,,,2009,32,0
M,1,20,33,17/08/2009,SP,355030,São Paulo,,,,2009,33,0
M,9,31,32,12/08/2009,SP,355030,São Paulo,,,,2009,32,0
M,1,27,33,18/08/2009,SP,355030,São Paulo,,,,2009,33,0
M,9,48,33,20/08/2009,SP,355030,São Paulo,,,,2009,33,0
F,1,31,32,09/08/2009,SP,355030,São Paulo,,,,2009,32,0
F,1,88,32,15/08/2009,SP,355030,São Paulo,,,,2009,32,0
F,1,53,32,12/08/2009,SP,355030,São Paulo,,,,2009,32,0
M,1,44,31,08/08/2009,SP,355030,São Paulo,,,,2009,31,0
F,3,2,33,19/08/2009,SP,355030,São Paulo,,,,2009,33,0
M,1,10,33,19/08/2009,SP,355030,São Paulo,,,,2009,33,0
F,9,0,33,19/08/2009,SP,355030,São Paulo,,,,2009,33,0
F,1,33,32,15/08/2009,SP,355030,São Paulo,,,,2009,32,0
F,1,2,32,15/08/2009,SP,355030,São Paulo,,,,2009,32,0
M,1,31,33,20/08/2009,SP,355030,São Paulo,,,,2009,33,0
F,1,3,34,23/08/2009,SP,355030,São Paulo,,,,2009,34,0
M,1,43,32,13/08/2009,SP,355030,São Paulo,,,,2009,32,0
M,1,77,31,08/08/2009,SP,355030,São Paulo,,,,2009,31,0
M,9,1,33,19/08/2009,SP,355030,São Paulo,,,,2009,33,0
M,1,33,31,08/08/2009,SP,355030,São Paulo,,,,2009,31,0
F,4,49,33,19/08/2009,SP,355030,São Paulo,,,,2009,33,0
M,1,58,33,19/08/2009,SP,355030,São Paulo,,,,2009,33,0
M,1,16,33,20/08/2009,SP,355030,São Paulo,,,,2009,33,0
F,1,69,32,11/08/2009,SP,355030,São Paulo,,,,2009,32,0
M,1,21,33,21/08/2009,SP,355030,São Paulo,,,,2009,33,0
M,4,25,33,19/08/2009,SP,355030,São Paulo,,,,2009,33,0
M,1,5,33,21/08/2009,SP,355030,São Paulo,,,,2009,33,0
F,4,10,33,20/08/2009,SP,355030,São Paulo,,,,2009,33,0
F,4,11,33,18/08/2009,SP,355030,São Paulo,,,,2009,33,0
F,,0,33,18/08/2009,SP,355030,São Paulo,,,,2009,33,0
F,4,6,33,21/08/2009,SP,355030,São Paulo,,,,2009,33,0
M,1,15,33,21/08/2009,SP,355030,São Paulo,,,,2009,33,0
F,1,59,33,21/08/2009,SP,355030,São Paulo,,,,2009,33,0
M,9,0,33,19/08/2009,SP,355030,São Paulo,,,,2009,33,0
M,1,34,33,17/08/2009,SP,355030,São Paulo,,,,2009,33,0
M,4,0,33,19/08/2009,SP,355030,São Paulo,,,,2009,33,0
F,,12,33,20/08/2009,SP,355030,São Paulo,,,,2009,33,0
M,1,1,33,19/08/2009,SP,355030,São Paulo,,,,2009,33,0
M,1,0,31,03/08/2009,SP,355030,São Paulo,,,,2009,31,0
M,4,0,29,22/07/2009,SP,355030,São Paulo,,,,2009,29,0
M,9,41,33,17/08/2009,SP,355030,São Paulo,,,,2009,33,0
M,1,0,33,21/08/2009,SP,355030,São Paulo,,,,2009,33,0
F,4,37,32,13/08/2009,SP,355030,São Paulo,,,,2009,32,0
F,,9,33,18/08/2009,SP,355030,São Paulo,,,,2009,33,0
F,1,26,32,15/08/2009,SP,355030,São Paulo,,,,2009,32,0
F,1,24,33,17/08/2009,SP,355030,São Paulo,,,,2009,33,0
F,1,19,33,18/08/2009,SP,355030,São Paulo,,,,2009,33,0
F,1,3,33,16/08/2009,SP,355030,São Paulo,,,,2009,33,0
F,9,79,33,19/08/2009,SP,355030,São Paulo,,,,2009,33,0
M,4,1,33,17/08/2009,SP,355030,São Paulo,,,,2009,33,0
F,9,37,33,16/08/2009,SP,355030,São Paulo,,,,2009,33,0
M,9,1,33,17/08/2009,SP,355030,São Paulo,,,,2009,33,0
M,1,7,33,17/08/2009,SP,355030,São Paulo,,,,2009,33,0
M,1,1,32,14/08/2009,SP,355030,São Paulo,,,,2009,32,0
M,4,0,33,19/08/2009,SP,355030,São Paulo,,,,2009,33,0
M,1,76,32,11/08/2009,SP,355030,São Paulo,,,,2009,32,0
F,1,36,33,17/08/2009,SP,355030,São Paulo,,,,2009,33,0
M,1,8,31,02/08/2009,SP,355030,São Paulo,,,,2009,31,0
F,4,27,33,17/08/2009,SP,355030,São Paulo,,,,2009,33,0
F,1,26,33,18/08/2009,SP,355030,São Paulo,,,,2009,33,0
M,1,20,32,15/08/2009,SP,355030,São Paulo,,,,2009,32,0
M,1,65,33,19/08/2009,SP,355030,São Paulo,,,,2009,33,0
M,1,79,32,15/08/2009,SP,355030,São Paulo,,,,2009,32,0
F,1,21,33,18/08/2009,SP,355030,São Paulo,,,,2009,33,0
F,3,23,32,15/08/2009,SP,355030,São Paulo,,,,2009,32,0
M,,12,32,12/08/2009,SP,355030,São Paulo,,,,2009,32,0
M,1,2,33,19/08/2009,SP,355030,São Paulo,,,,2009,33,0
M,,16,32,15/08/2009,SP,355030,São Paulo,,,,2009,32,0
F,1,37,30,01/08/2009,SP,355030,São Paulo,,,,2009,30,0
F,1,16,32,14/08/2009,SP,355030,São Paulo,,,,2009,32,0
F,1,19,31,05/08/2009,SP,355030,São Paulo,,,,2009,31,0
M,1,40,32,15/08/2009,SP,355030,São Paulo,,,,2009,32,0
M,4,36,32,13/08/2009,SP,355030,São Paulo,,,,2009,32,0
F,1,35,32,14/08/2009,SP,355030,São Paulo,,,,2009,32,0
F,4,23,33,19/08/2009,SP,355030,São Paulo,,,,2009,33,0
F,1,60,29,23/07/2009,SP,355030,São Paulo,,,,2009,29,0
F,4,32,32,12/08/2009,SP,355030,São Paulo,,,,2009,32,0
M,1,8,33,19/08/2009,SP,355030,São Paulo,,,,2009,33,0
F,9,9,33,20/08/2009,SP,355030,São Paulo,,,,2009,33,0
F,2,6,33,20/08/2009,SP,355030,São Paulo,,,,2009,33,0
F,9,18,32,11/08/2009,SP,355030,São Paulo,,,,2009,32,0
M,2,4,32,14/08/2009,SP,355030,São Paulo,,,,2009,32,0
F,9,28,30,01/08/2009,SP,355030,São Paulo,,,,2009,30,0
F,9,24,32,14/08/2009,SP,355030,São Paulo,,,,2009,32,0
M,1,4,33,19/08/2009,SP,355030,São Paulo,,,,2009,33,0
M,,29,32,10/08/2009,SP,355030,São Paulo,,,,2009,32,0
F,1,1,32,11/08/2009,SP,355030,São Paulo,,,,2009,32,0
F,1,30,33,17/08/2009,SP,355030,São Paulo,,,,2009,33,0
M,,8,33,19/08/2009,SP,355030,São Paulo,,,,2009,33,0
F,,1,33,19/08/2009,SP,355030,São Paulo,,,,2009,33,0
F,,0,33,18/08/2009,SP,355030,São Paulo,,,,2009,33,0
F,,41,32,14/08/2009,SP,355030,São Paulo,,,,2009,32,0
M,1,10,33,18/08/2009,SP,355030,São Paulo,,,,2009,33,0
F,2,46,30,01/08/2009,SP,355030,São Paulo,,,,2009,30,0
F,1,37,32,10/08/2009,SP,355030,São Paulo,,,,2009,32,0
F,1,11,32,14/08/2009,SP,355030,São Paulo,,,,2009,32,0
M,4,60,33,18/08/2009,SP,355030,São Paulo,,,,2009,33,0
M,9,1,33,17/08/2009,SP,355030,São Paulo,,,,2009,33,0
M,4,0,32,09/08/2009,SP,355030,São Paulo,,,,2009,32,0
F,1,6,33,16/08/2009,SP,355030,São Paulo,,,,2009,33,0
M,1,0,31,07/08/2009,SP,355030,São Paulo,,,,2009,31,0
M,1,0,33,18/08/2009,SP,355030,São Paulo,,,,2009,33,0
F,1,0,32,10/08/2009,SP,355030,São Paulo,,,,2009,32,0
F,1,26,33,17/08/2009,SP,355030,São Paulo,,,,2009,33,0
F,1,61,32,10/08/2009,SP,355030,São Paulo,,,,2009,32,0
M,1,20,32,15/08/2009,SP,355030,São Paulo,,,,2009,32,0
F,9,56,32,13/08/2009,SP,355030,São Paulo,,,,2009,32,0
F,1,53,31,08/08/2009,SP,355030,São Paulo,,,,2009,31,0
M,1,12,33,17/08/2009,SP,355030,São Paulo,,,,2009,33,0
M,1,75,32,13/08/2009,SP,355030,São Paulo,,,,2009,32,0
F,4,14,33,18/08/2009,SP,355030,São Paulo,,,,2009,33,0
F,1,17,30,01/08/2009,SP,355030,São Paulo,,,,2009,30,0
F,,18,32,13/08/2009,SP,355030,São Paulo,,,,2009,32,0
F,4,11,33,18/08/2009,SP,355030,São Paulo,,,,2009,33,0
F,1,0,33,16/08/2009,SP,355030,São Paulo,,,,2009,33,0
M,,9,30,27/07/2009,SP,355030,São Paulo,,,,2009,30,0
F,4,19,32,11/08/2009,SP,355030,São Paulo,,,,2009,32,0
F,2,30,33,18/08/2009,SP,355030,São Paulo,,,,2009,33,0
F,1,0,33,17/08/2009,SP,355030,São Paulo,,,,2009,33,0
F,1,37,30,28/07/2009,SP,355030,São Paulo,,,,2009,30,0
M,1,51,33,18/08/2009,SP,355030,São Paulo,,,,2009,33,0
M,4,1,32,14/08/2009,SP,355030,São Paulo,,,,2009,32,0
M,9,15,32,12/08/2009,SP,355030,São Paulo,,,,2009,32,0
F,9,1,33,16/08/2009,SP,355030,São Paulo,,,,2009,33,0
F,1,26,33,17/08/2009,SP,355030,São Paulo,,,,2009,33,0
M,1,5,31,07/08/2009,SP,355030,São Paulo,,,,2009,31,0
F,1,1,29,23/07/2009,SP,355030,São Paulo,,,,2009,29,0
F,1,19,33,18/08/2009,SP,355030,São Paulo,,,,2009,33,0
F,4,14,31,03/08/2009,SP,355030,São Paulo,,,,2009,31,0
M,1,4,31,07/08/2009,SP,355030,São Paulo,,,,2009,31,0
F,1,26,32,12/08/2009,SP,355030,São Paulo,,,,2009,32,0
M,1,14,32,13/08/2009,SP,355030,São Paulo,,,,2009,32,0
F,4,36,31,08/08/2009,SP,355030,São Paulo,,,,2009,31,0
M,4,34,30,01/08/2009,SP,355030,São Paulo,,,,2009,30,0
F,1,36,31,08/08/2009,SP,355030,São Paulo,,,,2009,31,0
F,2,18,32,10/08/2009,SP,355030,São Paulo,,,,2009,32,0
F,1,0,33,17/08/2009,SP,355030,São Paulo,,,,2009,33,0
F,1,28,33,18/08/2009,SP,355030,São Paulo,,,,2009,33,0
M,5,1,33,16/08/2009,SP,355030,São Paulo,,,,2009,33,0
M,1,65,32,11/08/2009,SP,355030,São Paulo,,,,2009,32,0
M,1,63,31,08/08/2009,SP,355030,São Paulo,,,,2009,31,0
M,1,1,31,03/08/2009,SP,355030,São Paulo,,,,2009,31,0
F,2,8,32,12/08/2009,SP,355030,São Paulo,,,,2009,32,0
M,1,3,33,18/08/2009,SP,355030,São Paulo,,,,2009,33,0
M,1,4,33,17/08/2009,SP,355030,São Paulo,,,,2009,33,0
M,1,13,33,18/08/2009,SP,355030,São Paulo,,,,2009,33,0
M,4,0,32,10/08/2009,SP,355030,São Paulo,,,,2009,32,0
F,1,21,33,16/08/2009,SP,355030,São Paulo,,,,2009,33,0
M,4,1,32,13/08/2009,SP,355030,São Paulo,,,,2009,32,0
F,1,64,31,02/08/2009,SP,355030,São Paulo,,,,2009,31,0
F,9,54,31,05/08/2009,SP,355030,São Paulo,,,,2009,31,0
M,4,7,32,12/08/2009,SP,355030,São Paulo,,,,2009,32,0
M,1,6,32,14/08/2009,SP,355030,São Paulo,,,,2009,32,0
M,9,0,33,19/08/2009,SP,355030,São Paulo,,,,2009,33,0
F,9,78,32,12/08/2009,SP,355030,São Paulo,,,,2009,32,0
F,,2,32,14/08/2009,SP,355030,São Paulo,,,,2009,32,0
M,4,20,31,03/08/2009,SP,355030,São Paulo,,,,2009,31,0
F,1,0,30,29/07/2009,SP,355030,São Paulo,,,,2009,30,0
M,1,49,30,01/08/2009,SP,355030,São Paulo,,,,2009,30,0
M,4,53,31,03/08/2009,SP,355030,São Paulo,,,,2009,31,0
M,1,57,31,03/08/2009,SP,355030,São Paulo,,,,2009,31,0
F,,1,32,14/08/2009,SP,355030,São Paulo,,,,2009,32,0
M,1,41,32,15/08/2009,SP,355030,São Paulo,,,,2009,32,0
F,1,45,31,05/08/2009,SP,355030,São Paulo,,,,2009,31,0
F,4,26,31,04/08/2009,SP,355030,São Paulo,,,,2009,31,0
M,4,8,32,14/08/2009,SP,355030,São Paulo,,,,2009,32,0
F,1,42,32,10/08/2009,SP,355030,São Paulo,,,,2009,32,0
F,1,22,32,11/08/2009,SP,355030,São Paulo,,,,2009,32,0
F,1,26,32,10/08/2009,SP,355030,São Paulo,,,,2009,32,0
M,2,36,32,10/08/2009,SP,355030,São Paulo,,,,2009,32,0
M,4,9,32,15/08/2009,SP,355030,São Paulo,,,,2009,32,0
F,1,26,32,15/08/2009,SP,355030,São Paulo,,,,2009,32,0
F,1,33,30,30/07/2009,SP,355030,São Paulo,,,,2009,30,0
M,1,22,33,16/08/2009,SP,355030,São Paulo,,,,2009,33,0
F,1,19,33,17/08/2009,SP,355030,São Paulo,,,,2009,33,0
F,1,42,32,12/08/2009,SP,355030,São Paulo,,,,2009,32,0
M,1,69,32,13/08/2009,SP,355030,São Paulo,,,,2009,32,0
F,9,2,33,18/08/2009,SP,355030,São Paulo,,,,2009,33,0
F,1,18,33,17/08/2009,SP,355030,São Paulo,,,,2009,33,0
M,1,22,32,14/08/2009,SP,355030,São Paulo,,,,2009,32,0
F,1,45,33,16/08/2009,SP,355030,São Paulo,,,,2009,33,0
M,9,1,32,13/08/2009,SP,355030,São Paulo,,,,2009,32,0
M,1,16,31,08/08/2009,SP,355030,São Paulo,,,,2009,31,0
F,1,35,31,08/08/2009,SP,355030,São Paulo,,,,2009,31,0
M,4,60,33,18/08/2009,SP,355030,São Paulo,,,,2009,33,0
F,1,27,32,12/08/2009,SP,355030,São Paulo,,,,2009,32,0
F,1,29,32,15/08/2009,SP,355030,São Paulo,,,,2009,32,0
M,4,19,31,08/08/2009,SP,355030,São Paulo,,,,2009,31,0
M,1,1,32,11/08/2009,SP,355030,São Paulo,,,,2009,32,0
F,4,29,31,05/08/2009,SP,355030,São Paulo,,,,2009,31,0
F,4,40,30,01/08/2009,SP,355030,São Paulo,,,,2009,30,0
M,1,46,32,14/08/2009,SP,355030,São Paulo,,,,2009,32,0
M,1,2,32,14/08/2009,SP,355030,São Paulo,,,,2009,32,0
M,9,0,33,16/08/2009,SP,355030,São Paulo,,,,2009,33,0
F,1,8,33,16/08/2009,SP,355030,São Paulo,,,,2009,33,0
F,1,36,32,13/08/2009,SP,355030,São Paulo,,,,2009,32,0
F,1,3,32,15/08/2009,SP,355030,São Paulo,,,,2009,32,0
M,1,22,33,17/08/2009,SP,355030,São Paulo,,,,2009,33,0
M,1,22,33,17/08/2009,SP,355030,São Paulo,,,,2009,33,0
F,1,46,31,02/08/2009,SP,355030,São Paulo,,,,2009,31,0
F,9,50,30,30/07/2009,SP,355030,São Paulo,,,,2009,30,0
F,9,20,33,18/08/2009,SP,355030,São Paulo,,,,2009,33,0
F,1,25,30,31/07/2009,SP,355030,São Paulo,,,,2009,30,0
M,1,6,32,13/08/2009,SP,355030,São Paulo,,,,2009,32,0
F,9,6,32,14/08/2009,SP,355030,São Paulo,,,,2009,32,0
F,9,37,32,15/08/2009,SP,355030,São Paulo,,,,2009,32,0
F,1,3,32,13/08/2009,SP,355030,São Paulo,,,,2009,32,0
M,1,26,31,05/08/2009,SP,355030,São Paulo,,,,2009,31,0
F,1,26,31,07/08/2009,SP,355030,São Paulo,,,,2009,31,0
M,1,25,33,16/08/2009,SP,355030,São Paulo,,,,2009,33,0
F,1,20,33,16/08/2009,SP,355030,São Paulo,,,,2009,33,0
F,1,31,31,05/08/2009,SP,355030,São Paulo,,,,2009,31,0
F,1,33,32,15/08/2009,SP,355030,São Paulo,,,,2009,32,0
M,9,4,33,16/08/2009,SP,355030,São Paulo,,,,2009,33,0
M,1,32,32,10/08/2009,SP,355030,São Paulo,,,,2009,32,0
F,1,79,31,07/08/2009,SP,355030,São Paulo,,,,2009,31,0
F,1,30,31,08/08/2009,SP,355030,São Paulo,,,,2009,31,0
M,4,9,31,04/08/2009,SP,355030,São Paulo,,,,2009,31,0
F,1,8,33,18/08/2009,SP,355030,São Paulo,,,,2009,33,0
F,1,1,32,13/08/2009,SP,355030,São Paulo,,,,2009,32,0
F,1,25,31,03/08/2009,SP,355030,São Paulo,,,,2009,31,0
F,1,13,32,11/08/2009,SP,355030,São Paulo,,,,2009,32,0
F,1,7,32,13/08/2009,SP,355030,São Paulo,,,,2009,32,0
F,4,7,28,14/07/2009,SP,355030,São Paulo,,,,2009,28,0
F,4,18,31,05/08/2009,SP,355030,São Paulo,,,,2009,31,0
F,9,53,31,04/08/2009,SP,355030,São Paulo,,,,2009,31,0
M,1,25,32,15/08/2009,SP,355030,São Paulo,,,,2009,32,0
F,1,37,31,03/08/2009,SP,355030,São Paulo,,,,2009,31,0
F,4,60,30,01/08/2009,SP,355030,São Paulo,,,,2009,30,0
M,4,0,32,11/08/2009,SP,355030,São Paulo,,,,2009,32,0
M,1,29,32,13/08/2009,SP,355030,São Paulo,,,,2009,32,0
M,1,31,33,17/08/2009,SP,355030,São Paulo,,,,2009,33,0
F,4,31,32,10/08/2009,SP,355030,São Paulo,,,,2009,32,0
M,1,23,32,10/08/2009,SP,355030,São Paulo,,,,2009,32,0
M,1,0,33,17/08/2009,SP,355030,São Paulo,,,,2009,33,0
M,1,1,30,01/08/2009,SP,355030,São Paulo,,,,2009,30,0
F,1,1,33,16/08/2009,SP,355030,São Paulo,,,,2009,33,0
F,,6,32,15/08/2009,SP,355030,São Paulo,,,,2009,32,0
M,4,1,32,14/08/2009,SP,355030,São Paulo,,,,2009,32,0
M,1,0,32,13/08/2009,SP,355030,São Paulo,,,,2009,32,0
M,1,0,32,15/08/2009,SP,355030,São Paulo,,,,2009,32,0
M,1,20,32,11/08/2009,SP,355030,São Paulo,,,,2009,32,0
M,4,8,32,11/08/2009,SP,355030,São Paulo,,,,2009,32,0
M,1,29,32,13/08/2009,SP,355030,São Paulo,,,,2009,32,0
M,1,6,32,12/08/2009,SP,355030,São Paulo,,,,2009,32,0
F,1,0,31,02/08/2009,SP,355030,São Paulo,,,,2009,31,0
F,1,0,32,10/08/2009,SP,355030,São Paulo,,,,2009,32,0
F,1,23,32,13/08/2009,SP,355030,São Paulo,,,,2009,32,0
F,9,23,32,13/08/2009,SP,355030,São Paulo,,,,2009,32,0
F,1,24,32,15/08/2009,SP,355030,São Paulo,,,,2009,32,0
M,9,36,31,05/08/2009,SP,355030,São Paulo,,,,2009,31,0
F,1,77,33,17/08/2009,SP,355030,São Paulo,,,,2009,33,0
M,9,1,32,11/08/2009,SP,355030,São Paulo,,,,2009,32,0
F,9,5,32,12/08/2009,SP,355030,São Paulo,,,,2009,32,0
F,9,2,32,12/08/2009,SP,355030,São Paulo,,,,2009,32,0
F,2,17,33,16/08/2009,SP,355030,São Paulo,,,,2009,33,0
F,3,24,32,15/08/2009,SP,355030,São Paulo,,,,2009,32,0
M,9,2,33,16/08/2009,SP,355030,São Paulo,,,,2009,33,0
M,9,0,33,16/08/2009,SP,355030,São Paulo,,,,2009,33,0
F,9,20,32,15/08/2009,SP,355030,São Paulo,,,,2009,32,0
M,1,39,32,09/08/2009,SP,355030,São Paulo,,,,2009,32,0
F,4,4,32,10/08/2009,SP,355030,São Paulo,,,,2009,32,0
M,5,43,31,08/08/2009,SP,355030,São Paulo,,,,2009,31,0
M,1,25,32,10/08/2009,SP,355030,São Paulo,,,,2009,32,0
M,4,1,30,26/07/2009,SP,355030,São Paulo,,,,2009,30,0
M,9,69,32,12/08/2009,SP,355030,São Paulo,,,,2009,32,0
F,1,10,33,17/08/2009,SP,355030,São Paulo,,,,2009,33,0
M,1,59,31,06/08/2009,SP,355030,São Paulo,,,,2009,31,0
M,1,60,32,11/08/2009,SP,355030,São Paulo,,,,2009,32,0
M,9,1,32,12/08/2009,SP,355030,São Paulo,,,,2009,32,0
F,9,2,33,17/08/2009,SP,355030,São Paulo,,,,2009,33,0
M,,31,32,15/08/2009,SP,355030,São Paulo,,,,2009,32,0
F,1,14,33,16/08/2009,SP,355030,São Paulo,,,,2009,33,0
F,9,77,31,02/08/2009,SP,355030,São Paulo,,,,2009,31,0
M,1,33,32,13/08/2009,SP,355030,São Paulo,,,,2009,32,0
F,1,0,32,14/08/2009,SP,355030,São Paulo,,,,2009,32,0
F,4,2,32,14/08/2009,SP,355030,São Paulo,,,,2009,32,0
M,,0,31,04/08/2009,SP,355030,São Paulo,,,,2009,31,0
M,9,37,32,14/08/2009,SP,355030,São Paulo,,,,2009,32,0
F,1,5,32,10/08/2009,SP,355030,São Paulo,,,,2009,32,0
M,9,39,32,13/08/2009,SP,355030,São Paulo,,,,2009,32,0
F,1,3,31,02/08/2009,SP,355030,São Paulo,,,,2009,31,0
M,4,0,31,04/08/2009,SP,355030,São Paulo,,,,2009,31,0
M,4,31,32,13/08/2009,SP,355030,São Paulo,,,,2009,32,0
M,4,7,31,06/08/2009,SP,355030,São Paulo,,,,2009,31,0
M,9,21,31,03/08/2009,SP,355030,São Paulo,,,,2009,31,0
F,1,18,32,12/08/2009,SP,355030,São Paulo,,,,2009,32,0
M,4,11,32,14/08/2009,SP,355030,São Paulo,,,,2009,32,0
F,1,0,33,16/08/2009,SP,355030,São Paulo,,,,2009,33,0
F,9,1,32,13/08/2009,SP,355030,São Paulo,,,,2009,32,0
M,,1,32,13/08/2009,SP,355030,São Paulo,,,,2009,32,0
F,4,23,32,14/08/2009,SP,355030,São Paulo,,,,2009,32,0
F,1,51,31,04/08/2009,SP,355030,São Paulo,,,,2009,31,0
F,4,40,33,16/08/2009,SP,355030,São Paulo,,,,2009,33,0
F,4,2,32,15/08/2009,SP,355030,São Paulo,,,,2009,32,0
F,1,21,32,14/08/2009,SP,355030,São Paulo,,,,2009,32,0
M,1,84,31,03/08/2009,SP,355030,São Paulo,,,,2009,31,0
F,1,3,32,14/08/2009,SP,355030,São Paulo,,,,2009,32,0
M,1,43,31,03/08/2009,SP,355030,São Paulo,,,,2009,31,0
F,9,1,31,06/08/2009,SP,355030,São Paulo,,,,2009,31,0
M,,34,32,14/08/2009,SP,355030,São Paulo,,,,2009,32,0
M,2,10,33,17/08/2009,SP,355030,São Paulo,,,,2009,33,0
M,9,9,32,13/08/2009,SP,355030,São Paulo,,,,2009,32,0
M,1,1,33,16/08/2009,SP,355030,São Paulo,,,,2009,33,0
M,1,22,32,13/08/2009,SP,355030,São Paulo,,,,2009,32,0
M,4,7,31,02/08/2009,SP,355030,São Paulo,,,,2009,31,0
M,4,10,32,15/08/2009,SP,355030,São Paulo,,,,2009,32,0
F,1,38,32,12/08/2009,SP,355030,São Paulo,,,,2009,32,0
M,9,63,32,12/08/2009,SP,355030,São Paulo,,,,2009,32,0
F,9,0,32,09/08/2009,SP,355030,São Paulo,,,,2009,32,0
F,1,28,29,24/07/2009,SP,355030,São Paulo,,,,2009,29,0
M,4,2,31,08/08/2009,SP,355030,São Paulo,,,,2009,31,0
F,4,22,32,14/08/2009,SP,355030,São Paulo,,,,2009,32,0
F,9,21,31,08/08/2009,SP,355030,São Paulo,,,,2009,31,0
M,1,37,32,12/08/2009,SP,355030,São Paulo,,,,2009,32,0
M,1,7,31,05/08/2009,SP,355030,São Paulo,,,,2009,31,0
F,4,72,31,07/08/2009,SP,355030,São Paulo,,,,2009,31,0
F,4,17,32,15/08/2009,SP,355030,São Paulo,,,,2009,32,0
M,9,9,23,13/06/2009,SP,355030,São Paulo,,,,2009,23,0
F,1,13,32,11/08/2009,SP,355030,São Paulo,,,,2009,32,0
F,1,0,32,14/08/2009,SP,355030,São Paulo,,,,2009,32,0
F,9,45,32,13/08/2009,SP,355030,São Paulo,,,,2009,32,0
F,1,34,32,13/08/2009,SP,355030,São Paulo,,,,2009,32,0
M,4,23,32,11/08/2009,SP,355030,São Paulo,,,,2009,32,0
F,1,23,32,10/08/2009,SP,355030,São Paulo,,,,2009,32,0
F,1,27,32,15/08/2009,SP,355030,São Paulo,,,,2009,32,0
F,1,40,32,09/08/2009,SP,355030,São Paulo,,,,2009,32,0
M,9,2,32,13/08/2009,SP,355030,São Paulo,,,,2009,32,0
F,1,23,33,16/08/2009,SP,355030,São Paulo,,,,2009,33,0
F,9,89,32,13/08/2009,SP,355030,São Paulo,,,,2009,32,0
M,1,11,30,01/08/2009,SP,355030,São Paulo,,,,2009,30,0
M,9,9,32,15/08/2009,SP,355030,São Paulo,,,,2009,32,0
M,9,75,32,12/08/2009,SP,355030,São Paulo,,,,2009,32,0
F,4,23,32,09/08/2009,SP,355030,São Paulo,,,,2009,32,0
F,1,6,32,13/08/2009,SP,355030,São Paulo,,,,2009,32,0
M,9,5,32,15/08/2009,SP,355030,São Paulo,,,,2009,32,0
F,4,26,32,10/08/2009,SP,355030,São Paulo,,,,2009,32,0
F,4,34,31,06/08/2009,SP,355030,São Paulo,,,,2009,31,0
M,1,17,31,03/08/2009,SP,355030,São Paulo,,,,2009,31,0
F,1,40,32,12/08/2009,SP,355030,São Paulo,,,,2009,32,0
F,1,25,32,12/08/2009,SP,355030,São Paulo,,,,2009,32,0
F,3,37,32,10/08/2009,SP,355030,São Paulo,,,,2009,32,0
M,,85,30,31/07/2009,SP,355030,São Paulo,,,,2009,30,0
F,1,77,31,02/08/2009,SP,355030,São Paulo,,,,2009,31,0
F,1,0,32,14/08/2009,SP,355030,São Paulo,,,,2009,32,0
F,1,35,31,07/08/2009,SP,355030,São Paulo,,,,2009,31,0
F,3,39,32,11/08/2009,SP,355030,São Paulo,,,,2009,32,0
F,1,56,30,30/07/2009,SP,355030,São Paulo,,,,2009,30,0
M,,40,32,10/08/2009,SP,355030,São Paulo,,,,2009,32,0
M,1,14,32,12/08/2009,SP,355030,São Paulo,,,,2009,32,0
M,1,22,32,10/08/2009,SP,355030,São Paulo,,,,2009,32,0
F,2,25,32,14/08/2009,SP,355030,São Paulo,,,,2009,32,0
M,1,18,33,16/08/2009,SP,355030,São Paulo,,,,2009,33,0
M,1,0,31,08/08/2009,SP,355030,São Paulo,,,,2009,31,0
F,4,23,32,11/08/2009,SP,355030,São Paulo,,,,2009,32,0
M,1,0,32,13/08/2009,SP,355030,São Paulo,,,,2009,32,0
F,,1,32,12/08/2009,SP,355030,São Paulo,,,,2009,32,0
F,1,15,32,15/08/2009,SP,355030,São Paulo,,,,2009,32,0
M,4,0,32,10/08/2009,SP,355030,São Paulo,,,,2009,32,0
M,9,7,33,16/08/2009,SP,355030,São Paulo,,,,2009,33,0
F,1,24,32,11/08/2009,SP,355030,São Paulo,,,,2009,32,0
M,9,3,32,12/08/2009,SP,355030,São Paulo,,,,2009,32,0
M,4,12,32,14/08/2009,SP,355030,São Paulo,,,,2009,32,0
F,1,29,32,13/08/2009,SP,355030,São Paulo,,,,2009,32,0
M,1,35,32,13/08/2009,SP,355030,São Paulo,,,,2009,32,0
F,1,43,32,15/08/2009,SP,355030,São Paulo,,,,2009,32,0
F,1,1,32,14/08/2009,SP,355030,São Paulo,,,,2009,32,0
M,1,6,32,14/08/2009,SP,355030,São Paulo,,,,2009,32,0
F,4,1,32,14/08/2009,SP,355030,São Paulo,,,,2009,32,0
M,9,28,31,08/08/2009,SP,355030,São Paulo,,,,2009,31,0
F,2,21,32,13/08/2009,SP,355030,São Paulo,,,,2009,32,0
F,1,54,32,09/08/2009,SP,355030,São Paulo,,,,2009,32,0
F,1,10,32,10/08/2009,SP,355030,São Paulo,,,,2009,32,0
F,1,50,32,10/08/2009,SP,355030,São Paulo,,,,2009,32,0
F,9,32,32,13/08/2009,SP,355030,São Paulo,,,,2009,32,0
M,1,5,32,10/08/2009,SP,355030,São Paulo,,,,2009,32,0
M,1,0,32,13/08/2009,SP,355030,São Paulo,,,,2009,32,0
F,9,48,31,02/08/2009,SP,355030,São Paulo,,,,2009,31,0
M,4,0,32,11/08/2009,SP,355030,São Paulo,,,,2009,32,0
F,9,25,32,11/08/2009,SP,355030,São Paulo,,,,2009,32,0
M,4,0,32,10/08/2009,SP,355030,São Paulo,,,,2009,32,0
F,1,9,32,12/08/2009,SP,355030,São Paulo,,,,2009,32,0
F,4,20,32,12/08/2009,SP,355030,São Paulo,,,,2009,32,0
M,9,5,32,13/08/2009,SP,355030,São Paulo,,,,2009,32,0
M,1,72,32,12/08/2009,SP,355030,São Paulo,,,,2009,32,0
F,1,16,32,12/08/2009,SP,355030,São Paulo,,,,2009,32,0
F,2,54,32,12/08/2009,SP,355030,São Paulo,,,,2009,32,0
M,9,31,32,12/08/2009,SP,355030,São Paulo,,,,2009,32,0
M,1,5,32,09/08/2009,SP,355030,São Paulo,,,,2009,32,0
F,9,25,32,10/08/2009,SP,355030,São Paulo,,,,2009,32,0
M,2,52,30,01/08/2009,SP,355030,São Paulo,,,,2009,30,0
F,9,20,32,11/08/2009,SP,355030,São Paulo,,,,2009,32,0
M,1,0,32,10/08/2009,SP,355030,São Paulo,,,,2009,32,0
F,1,58,32,11/08/2009,SP,355030,São Paulo,,,,2009,32,0
F,1,1,32,13/08/2009,SP,355030,São Paulo,,,,2009,32,0
F,1,14,32,12/08/2009,SP,355030,São Paulo,,,,2009,32,0
I,1,38,31,07/08/2009,SP,355030,São Paulo,,,,2009,31,0
F,1,24,32,09/08/2009,SP,355030,São Paulo,,,,2009,32,0
F,4,56,31,06/08/2009,SP,355030,São Paulo,,,,2009,31,0
F,1,29,31,02/08/2009,SP,355030,São Paulo,,,,2009,31,0
F,1,5,32,09/08/2009,SP,355030,São Paulo,,,,2009,32,0
F,4,25,30,29/07/2009,SP,355030,São Paulo,,,,2009,30,0
F,9,24,31,02/08/2009,SP,355030,São Paulo,,,,2009,31,0
F,1,27,31,06/08/2009,SP,355030,São Paulo,,,,2009,31,0
F,,21,31,03/08/2009,SP,355030,São Paulo,,,,2009,31,0
F,1,27,32,13/08/2009,SP,355030,São Paulo,,,,2009,32,0
F,9,33,31,04/08/2009,SP,355030,São Paulo,,,,2009,31,0
M,,0,31,04/08/2009,SP,355030,São Paulo,,,,2009,31,0
F,1,19,31,07/08/2009,SP,355030,São Paulo,,,,2009,31,0
M,9,0,32,12/08/2009,SP,355030,São Paulo,,,,2009,32,0
F,9,4,32,12/08/2009,SP,355030,São Paulo,,,,2009,32,0
F,1,47,31,03/08/2009,SP,355030,São Paulo,,,,2009,31,0
M,1,1,31,05/08/2009,SP,355030,São Paulo,,,,2009,31,0
F,1,28,31,07/08/2009,SP,355030,São Paulo,,,,2009,31,0
M,1,12,31,05/08/2009,SP,355030,São Paulo,,,,2009,31,0
F,1,0,32,11/08/2009,SP,355030,São Paulo,,,,2009,32,0
F,1,81,31,07/08/2009,SP,355030,São Paulo,,,,2009,31,0
F,1,23,31,03/08/2009,SP,355030,São Paulo,,,,2009,31,0
F,1,5,32,13/08/2009,SP,355030,São Paulo,,,,2009,32,0
M,9,34,29,25/07/2009,SP,355030,São Paulo,,,,2009,29,0
M,1,65,32,10/08/2009,SP,355030,São Paulo,,,,2009,32,0
F,9,31,31,08/08/2009,SP,355030,São Paulo,,,,2009,31,0
F,1,10,32,09/08/2009,SP,355030,São Paulo,,,,2009,32,0
M,9,34,31,04/08/2009,SP,355030,São Paulo,,,,2009,31,0
F,,48,30,01/08/2009,SP,355030,São Paulo,,,,2009,30,0
F,1,12,32,12/08/2009,SP,355030,São Paulo,,,,2009,32,0
M,3,70,31,06/08/2009,SP,355030,São Paulo,,,,2009,31,0
M,1,9,32,10/08/2009,SP,355030,São Paulo,,,,2009,32,0
M,1,1,32,11/08/2009,SP,355030,São Paulo,,,,2009,32,0
F,,33,32,11/08/2009,SP,355030,São Paulo,,,,2009,32,0
F,1,25,31,06/08/2009,SP,355030,São Paulo,,,,2009,31,0
F,2,31,31,02/08/2009,SP,355030,São Paulo,,,,2009,31,0
F,4,30,31,08/08/2009,SP,355030,São Paulo,,,,2009,31,0
M,1,8,31,05/08/2009,SP,355030,São Paulo,,,,2009,31,0
M,1,13,31,03/08/2009,SP,355030,São Paulo,,,,2009,31,0
M,1,11,31,02/08/2009,SP,355030,São Paulo,,,,2009,31,0
F,1,28,31,08/08/2009,SP,355030,São Paulo,,,,2009,31,0
M,1,1,31,05/08/2009,SP,355030,São Paulo,,,,2009,31,0
F,1,26,32,11/08/2009,SP,355030,São Paulo,,,,2009,32,0
M,9,4,32,12/08/2009,SP,355030,São Paulo,,,,2009,32,0
F,1,50,29,24/07/2009,SP,355030,São Paulo,,,,2009,29,0
F,4,3,31,07/08/2009,SP,355030,São Paulo,,,,2009,31,0
F,1,65,31,04/08/2009,SP,355030,São Paulo,,,,2009,31,0
F,2,54,31,08/08/2009,SP,355030,São Paulo,,,,2009,31,0
M,4,53,30,01/08/2009,SP,355030,São Paulo,,,,2009,30,0
F,1,48,31,07/08/2009,SP,355030,São Paulo,,,,2009,31,0
F,4,51,30,31/07/2009,SP,355030,São Paulo,,,,2009,30,0
F,1,25,32,10/08/2009,SP,355030,São Paulo,,,,2009,32,0
M,9,6,32,09/08/2009,SP,355030,São Paulo,,,,2009,32,0
F,4,0,30,29/07/2009,SP,355030,São Paulo,,,,2009,30,0
M,1,27,32,11/08/2009,SP,355030,São Paulo,,,,2009,32,0
F,9,35,32,11/08/2009,SP,355030,São Paulo,,,,2009,32,0
M,1,10,32,11/08/2009,SP,355030,São Paulo,,,,2009,32,0
M,1,12,31,04/08/2009,SP,355030,São Paulo,,,,2009,31,0
F,4,32,32,10/08/2009,SP,355030,São Paulo,,,,2009,32,0
M,9,7,32,12/08/2009,SP,355030,São Paulo,,,,2009,32,0
F,1,5,32,12/08/2009,SP,355030,São Paulo,,,,2009,32,0
F,1,26,32,12/08/2009,SP,355030,São Paulo,,,,2009,32,0
M,9,2,31,07/08/2009,SP,355030,São Paulo,,,,2009,31,0
F,9,50,32,11/08/2009,SP,355030,São Paulo,,,,2009,32,0
M,4,47,32,10/08/2009,SP,355030,São Paulo,,,,2009,32,0
M,1,37,30,28/07/2009,SP,355030,São Paulo,,,,2009,30,0
M,4,6,32,11/08/2009,SP,355030,São Paulo,,,,2009,32,0
F,9,0,31,07/08/2009,SP,355030,São Paulo,,,,2009,31,0
F,1,1,31,06/08/2009,SP,355030,São Paulo,,,,2009,31,0
M,9,22,32,11/08/2009,SP,355030,São Paulo,,,,2009,32,0
M,1,23,32,11/08/2009,SP,355030,São Paulo,,,,2009,32,0
F,1,19,31,06/08/2009,SP,355030,São Paulo,,,,2009,31,0
M,1,15,32,12/08/2009,SP,355030,São Paulo,,,,2009,32,0
M,9,0,31,05/08/2009,SP,355030,São Paulo,,,,2009,31,0
M,5,2,32,09/08/2009,SP,355030,São Paulo,,,,2009,32,0
F,9,22,31,03/08/2009,SP,355030,São Paulo,,,,2009,31,0
M,,22,32,10/08/2009,SP,355030,São Paulo,,,,2009,32,0
M,1,9,32,11/08/2009,SP,355030,São Paulo,,,,2009,32,0
F,,29,30,30/07/2009,SP,355030,São Paulo,,,,2009,30,0
M,1,23,32,10/08/2009,SP,355030,São Paulo,,,,2009,32,0
F,9,62,32,09/08/2009,SP,355030,São Paulo,,,,2009,32,0
M,1,17,31,06/08/2009,SP,355030,São Paulo,,,,2009,31,0
M,3,37,30,01/08/2009,SP,355030,São Paulo,,,,2009,30,0
M,9,2,31,08/08/2009,SP,355030,São Paulo,,,,2009,31,0
M,1,29,32,11/08/2009,SP,355030,São Paulo,,,,2009,32,0
F,1,20,31,03/08/2009,SP,355030,São Paulo,,,,2009,31,0
M,1,39,31,07/08/2009,SP,355030,São Paulo,,,,2009,31,0
M,1,53,31,03/08/2009,SP,355030,São Paulo,,,,2009,31,0
F,1,6,31,05/08/2009,SP,355030,São Paulo,,,,2009,31,0
F,1,28,31,05/08/2009,SP,355030,São Paulo,,,,2009,31,0
F,4,29,31,08/08/2009,SP,355030,São Paulo,,,,2009,31,0
F,2,50,32,10/08/2009,SP,355030,São Paulo,,,,2009,32,0
M,1,31,31,04/08/2009,SP,355030,São Paulo,,,,2009,31,0
M,9,32,31,04/08/2009,SP,355030,São Paulo,,,,2009,31,0
M,1,10,31,07/08/2009,SP,355030,São Paulo,,,,2009,31,0
F,1,25,31,07/08/2009,SP,355030,São Paulo,,,,2009,31,0
M,1,5,31,06/08/2009,SP,355030,São Paulo,,,,2009,31,0
M,4,3,32,10/08/2009,SP,355030,São Paulo,,,,2009,32,0
F,2,46,31,08/08/2009,SP,355030,São Paulo,,,,2009,31,0
F,4,14,31,08/08/2009,SP,355030,São Paulo,,,,2009,31,0
F,9,37,30,29/07/2009,SP,355030,São Paulo,,,,2009,30,0
F,1,2,32,11/08/2009,SP,355030,São Paulo,,,,2009,32,0
F,1,55,31,04/08/2009,SP,355030,São Paulo,,,,2009,31,0
M,1,25,31,04/08/2009,SP,355030,São Paulo,,,,2009,31,0
F,1,45,31,07/08/2009,SP,355030,São Paulo,,,,2009,31,0
F,1,0,31,06/08/2009,SP,355030,São Paulo,,,,2009,31,0
M,1,32,32,09/08/2009,SP,355030,São Paulo,,,,2009,32,0
F,9,36,31,03/08/2009,SP,355030,São Paulo,,,,2009,31,0
F,1,9,32,09/08/2009,SP,355030,São Paulo,,,,2009,32,0
M,1,3,32,10/08/2009,SP,355030,São Paulo,,,,2009,32,0
F,9,27,32,11/08/2009,SP,355030,São Paulo,,,,2009,32,0
F,1,75,32,11/08/2009,SP,355030,São Paulo,,,,2009,32,0
F,1,7,32,10/08/2009,SP,355030,São Paulo,,,,2009,32,0
M,1,21,32,10/08/2009,SP,355030,São Paulo,,,,2009,32,0
M,1,0,31,05/08/2009,SP,355030,São Paulo,,,,2009,31,0
F,4,20,31,07/08/2009,SP,355030,São Paulo,,,,2009,31,0
F,1,48,32,09/08/2009,SP,355030,São Paulo,,,,2009,32,0
F,1,21,31,06/08/2009,SP,355030,São Paulo,,,,2009,31,0
F,9,22,32,11/08/2009,SP,355030,São Paulo,,,,2009,32,0
M,1,58,31,05/08/2009,SP,355030,São Paulo,,,,2009,31,0
M,5,1,28,15/07/2009,SP,355030,São Paulo,,,,2009,28,0
M,1,41,31,03/08/2009,SP,355030,São Paulo,,,,2009,31,0
F,1,19,32,09/08/2009,SP,355030,São Paulo,,,,2009,32,0
M,1,4,32,10/08/2009,SP,355030,São Paulo,,,,2009,32,0
M,1,28,31,08/08/2009,SP,355030,São Paulo,,,,2009,31,0
M,,14,32,10/08/2009,SP,355030,São Paulo,,,,2009,32,0
F,1,34,31,03/08/2009,SP,355030,São Paulo,,,,2009,31,0
M,9,1,31,07/08/2009,SP,355030,São Paulo,,,,2009,31,0
F,1,1,32,10/08/2009,SP,355030,São Paulo,,,,2009,32,0
F,9,33,31,05/08/2009,SP,355030,São Paulo,,,,2009,31,0
F,1,22,30,01/08/2009,SP,355030,São Paulo,,,,2009,30,0
M,1,0,31,08/08/2009,SP,355030,São Paulo,,,,2009,31,0
F,4,26,32,10/08/2009,SP,355030,São Paulo,,,,2009,32,0
M,1,29,31,07/08/2009,SP,355030,São Paulo,,,,2009,31,0
F,1,41,31,07/08/2009,SP,355030,São Paulo,,,,2009,31,0
F,1,18,31,07/08/2009,SP,355030,São Paulo,,,,2009,31,0
F,9,1,32,09/08/2009,SP,355030,São Paulo,,,,2009,32,0
M,9,5,32,09/08/2009,SP,355030,São Paulo,,,,2009,32,0
F,1,51,31,02/08/2009,SP,355030,São Paulo,,,,2009,31,0
F,1,56,32,09/08/2009,SP,355030,São Paulo,,,,2009,32,0
F,1,18,31,07/08/2009,SP,355030,São Paulo,,,,2009,31,0
M,9,62,32,09/08/2009,SP,355030,São Paulo,,,,2009,32,0
F,1,21,31,06/08/2009,SP,355030,São Paulo,,,,2009,31,0
M,1,9,31,08/08/2009,SP,355030,São Paulo,,,,2009,31,0
F,2,19,31,07/08/2009,SP,355030,São Paulo,,,,2009,31,0
M,,0,31,07/08/2009,SP,355030,São Paulo,,,,2009,31,0
M,1,51,31,03/08/2009,SP,355030,São Paulo,,,,2009,31,0
F,1,37,32,10/08/2009,SP,355030,São Paulo,,,,2009,32,0
F,9,3,32,11/08/2009,SP,355030,São Paulo,,,,2009,32,0
F,1,51,31,04/08/2009,SP,355030,São Paulo,,,,2009,31,0
F,1,42,31,06/08/2009,SP,355030,São Paulo,,,,2009,31,0
F,9,3,31,06/08/2009,SP,355030,São Paulo,,,,2009,31,0
M,1,1,30,31/07/2009,SP,355030,São Paulo,,,,2009,30,0
F,4,60,31,04/08/2009,SP,355030,São Paulo,,,,2009,31,0
F,1,31,32,09/08/2009,SP,355030,São Paulo,,,,2009,32,0
F,1,12,30,28/07/2009,SP,355030,São Paulo,,,,2009,30,0
M,1,0,31,06/08/2009,SP,355030,São Paulo,,,,2009,31,0
M,1,29,31,07/08/2009,SP,355030,São Paulo,,,,2009,31,0
F,1,49,31,06/08/2009,SP,355030,São Paulo,,,,2009,31,0
M,1,14,32,10/08/2009,SP,355030,São Paulo,,,,2009,32,0
M,3,61,31,05/08/2009,SP,355030,São Paulo,,,,2009,31,0
F,1,24,31,08/08/2009,SP,355030,São Paulo,,,,2009,31,0
F,4,28,31,07/08/2009,SP,355030,São Paulo,,,,2009,31,0
F,,0,31,08/08/2009,SP,355030,São Paulo,,,,2009,31,0
F,,29,31,08/08/2009,SP,355030,São Paulo,,,,2009,31,0
F,4,22,31,08/08/2009,SP,355030,São Paulo,,,,2009,31,0
F,,22,31,02/08/2009,SP,355030,São Paulo,,,,2009,31,0
M,4,2,32,09/08/2009,SP,355030,São Paulo,,,,2009,32,0
F,1,78,32,09/08/2009,SP,355030,São Paulo,,,,2009,32,0
F,1,45,32,09/08/2009,SP,355030,São Paulo,,,,2009,32,0
M,4,8,31,07/08/2009,SP,355030,São Paulo,,,,2009,31,0
M,1,46,31,06/08/2009,SP,355030,São Paulo,,,,2009,31,0
F,9,35,32,09/08/2009,SP,355030,São Paulo,,,,2009,32,0
F,4,52,30,27/07/2009,SP,355030,São Paulo,,,,2009,30,0
M,4,0,31,07/08/2009,SP,355030,São Paulo,,,,2009,31,0
M,1,33,32,10/08/2009,SP,355030,São Paulo,,,,2009,32,0
M,1,40,32,10/08/2009,SP,355030,São Paulo,,,,2009,32,0
F,4,16,32,09/08/2009,SP,355030,São Paulo,,,,2009,32,0
F,9,27,31,05/08/2009,SP,355030,São Paulo,,,,2009,31,0
M,1,0,32,10/08/2009,SP,355030,São Paulo,,,,2009,32,0
M,9,0,32,09/08/2009,SP,355030,São Paulo,,,,2009,32,0
F,1,27,31,06/08/2009,SP,355030,São Paulo,,,,2009,31,0
F,9,1,32,09/08/2009,SP,355030,São Paulo,,,,2009,32,0
M,1,64,31,07/08/2009,SP,355030,São Paulo,,,,2009,31,0
F,9,30,31,07/08/2009,SP,355030,São Paulo,,,,2009,31,0
M,9,35,31,04/08/2009,SP,355030,São Paulo,,,,2009,31,0
M,1,0,31,07/08/2009,SP,355030,São Paulo,,,,2009,31,0
F,1,2,31,06/08/2009,SP,355030,São Paulo,,,,2009,31,0
F,3,7,31,05/08/2009,SP,355030,São Paulo,,,,2009,31,0
F,1,59,31,04/08/2009,SP,355030,São Paulo,,,,2009,31,0
F,1,56,31,06/08/2009,SP,355030,São Paulo,,,,2009,31,0
M,1,61,30,30/07/2009,SP,355030,São Paulo,,,,2009,30,0
M,4,8,31,08/08/2009,SP,355030,São Paulo,,,,2009,31,0
F,4,16,31,05/08/2009,SP,355030,São Paulo,,,,2009,31,0
F,4,36,29,23/07/2009,SP,355030,São Paulo,,,,2009,29,0
F,1,72,31,06/08/2009,SP,355030,São Paulo,,,,2009,31,0
M,1,64,31,02/08/2009,SP,355030,São Paulo,,,,2009,31,0
F,9,0,31,07/08/2009,SP,355030,São Paulo,,,,2009,31,0
F,1,33,31,05/08/2009,SP,355030,São Paulo,,,,2009,31,0
M,1,22,30,01/08/2009,SP,355030,São Paulo,,,,2009,30,0
F,4,55,31,08/08/2009,SP,355030,São Paulo,,,,2009,31,0
F,1,49,31,06/08/2009,SP,355030,São Paulo,,,,2009,31,0
F,,31,31,03/08/2009,SP,355030,São Paulo,,,,2009,31,0
F,1,7,31,08/08/2009,SP,355030,São Paulo,,,,2009,31,0
M,4,5,31,04/08/2009,SP,355030,São Paulo,,,,2009,31,0
F,1,27,31,04/08/2009,SP,355030,São Paulo,,,,2009,31,0
F,1,34,31,02/08/2009,SP,355030,São Paulo,,,,2009,31,0
F,1,10,31,04/08/2009,SP,355030,São Paulo,,,,2009,31,0
F,2,21,31,07/08/2009,SP,355030,São Paulo,,,,2009,31,0
M,1,37,32,10/08/2009,SP,355030,São Paulo,,,,2009,32,0
F,9,8,31,08/08/2009,SP,355030,São Paulo,,,,2009,31,0
M,1,51,31,08/08/2009,SP,355030,São Paulo,,,,2009,31,0
F,1,0,31,07/08/2009,SP,355030,São Paulo,,,,2009,31,0
F,1,42,31,05/08/2009,SP,355030,São Paulo,,,,2009,31,0
M,4,10,31,04/08/2009,SP,355030,São Paulo,,,,2009,31,0
M,1,61,31,02/08/2009,SP,355030,São Paulo,,,,2009,31,0
M,1,54,29,25/07/2009,SP,355030,São Paulo,,,,2009,29,0
F,1,1,31,06/08/2009,SP,355030,São Paulo,,,,2009,31,0
M,4,48,30,29/07/2009,SP,355030,São Paulo,,,,2009,30,0
F,1,53,31,05/08/2009,SP,355030,São Paulo,,,,2009,31,0
F,1,48,31,05/08/2009,SP,355030,São Paulo,,,,2009,31,0
F,9,15,31,06/08/2009,SP,355030,São Paulo,,,,2009,31,0
F,1,23,31,05/08/2009,SP,355030,São Paulo,,,,2009,31,0
F,1,0,31,06/08/2009,SP,355030,São Paulo,,,,2009,31,0
F,1,0,31,05/08/2009,SP,355030,São Paulo,,,,2009,31,0
M,1,43,31,07/08/2009,SP,355030,São Paulo,,,,2009,31,0
M,1,7,31,05/08/2009,SP,355030,São Paulo,,,,2009,31,0
F,1,45,31,05/08/2009,SP,355030,São Paulo,,,,2009,31,0
M,4,27,31,02/08/2009,SP,355030,São Paulo,,,,2009,31,0
M,9,1,31,07/08/2009,SP,355030,São Paulo,,,,2009,31,0
F,1,16,31,06/08/2009,SP,355030,São Paulo,,,,2009,31,0
M,9,42,31,07/08/2009,SP,355030,São Paulo,,,,2009,31,0
F,4,2,31,06/08/2009,SP,355030,São Paulo,,,,2009,31,0
M,1,29,30,01/08/2009,SP,355030,São Paulo,,,,2009,30,0
F,1,73,30,27/07/2009,SP,355030,São Paulo,,,,2009,30,0
F,2,50,31,05/08/2009,SP,355030,São Paulo,,,,2009,31,0
F,1,11,31,04/08/2009,SP,355030,São Paulo,,,,2009,31,0
F,9,2,31,05/08/2009,SP,355030,São Paulo,,,,2009,31,0
M,9,11,32,09/08/2009,SP,355030,São Paulo,,,,2009,32,0
M,4,58,31,05/08/2009,SP,355030,São Paulo,,,,2009,31,0
M,1,3,32,10/08/2009,SP,355030,São Paulo,,,,2009,32,0
F,1,65,30,30/07/2009,SP,355030,São Paulo,,,,2009,30,0
M,9,3,31,07/08/2009,SP,355030,São Paulo,,,,2009,31,0
F,2,55,31,06/08/2009,SP,355030,São Paulo,,,,2009,31,0
F,1,50,31,02/08/2009,SP,355030,São Paulo,,,,2009,31,0
F,3,54,31,03/08/2009,SP,355030,São Paulo,,,,2009,31,0
F,1,21,31,08/08/2009,SP,355030,São Paulo,,,,2009,31,0
M,2,19,31,07/08/2009,SP,355030,São Paulo,,,,2009,31,0
M,9,27,31,05/08/2009,SP,355030,São Paulo,,,,2009,31,0
F,1,60,31,06/08/2009,SP,355030,São Paulo,,,,2009,31,0
F,4,12,29,22/07/2009,SP,355030,São Paulo,,,,2009,29,0
F,4,45,29,21/07/2009,SP,355030,São Paulo,,,,2009,29,0
M,1,9,31,06/08/2009,SP,355030,São Paulo,,,,2009,31,0
F,4,10,31,05/08/2009,SP,355030,São Paulo,,,,2009,31,0
M,1,0,31,04/08/2009,SP,355030,São Paulo,,,,2009,31,0
F,1,23,30,31/07/2009,SP,355030,São Paulo,,,,2009,30,0
F,1,44,31,02/08/2009,SP,355030,São Paulo,,,,2009,31,0
F,3,38,31,06/08/2009,SP,355030,São Paulo,,,,2009,31,0
F,1,20,31,02/08/2009,SP,355030,São Paulo,,,,2009,31,0
F,1,41,32,09/08/2009,SP,355030,São Paulo,,,,2009,32,0
F,1,41,31,08/08/2009,SP,355030,São Paulo,,,,2009,31,0
M,1,0,31,07/08/2009,SP,355030,São Paulo,,,,2009,31,0
M,1,7,31,07/08/2009,SP,355030,São Paulo,,,,2009,31,0
F,1,53,31,03/08/2009,SP,355030,São Paulo,,,,2009,31,0
M,1,4,31,05/08/2009,SP,355030,São Paulo,,,,2009,31,0
F,1,68,31,06/08/2009,SP,355030,São Paulo,,,,2009,31,0
M,9,23,31,02/08/2009,SP,355030,São Paulo,,,,2009,31,0
M,1,0,31,04/08/2009,SP,355030,São Paulo,,,,2009,31,0
F,,20,31,07/08/2009,SP,355030,São Paulo,,,,2009,31,0
F,1,21,31,05/08/2009,SP,355030,São Paulo,,,,2009,31,0
F,1,74,31,06/08/2009,SP,355030,São Paulo,,,,2009,31,0
F,1,63,31,02/08/2009,SP,355030,São Paulo,,,,2009,31,0
M,1,7,31,07/08/2009,SP,355030,São Paulo,,,,2009,31,0
M,2,48,32,09/08/2009,SP,355030,São Paulo,,,,2009,32,0
M,,7,31,06/08/2009,SP,355030,São Paulo,,,,2009,31,0
F,1,5,32,09/08/2009,SP,355030,São Paulo,,,,2009,32,0
M,2,46,32,09/08/2009,SP,355030,São Paulo,,,,2009,32,0
M,1,40,32,09/08/2009,SP,355030,São Paulo,,,,2009,32,0
M,1,6,31,04/08/2009,SP,355030,São Paulo,,,,2009,31,0
F,1,12,31,05/08/2009,SP,355030,São Paulo,,,,2009,31,0
F,1,48,31,04/08/2009,SP,355030,São Paulo,,,,2009,31,0
F,1,19,31,08/08/2009,SP,355030,São Paulo,,,,2009,31,0
F,1,36,31,05/08/2009,SP,355030,São Paulo,,,,2009,31,0
F,1,66,31,06/08/2009,SP,355030,São Paulo,,,,2009,31,0
M,1,23,31,08/08/2009,SP,355030,São Paulo,,,,2009,31,0
M,1,5,31,06/08/2009,SP,355030,São Paulo,,,,2009,31,0
F,1,45,31,05/08/2009,SP,355030,São Paulo,,,,2009,31,0
M,9,20,30,01/08/2009,SP,355030,São Paulo,,,,2009,30,0
M,9,10,31,06/08/2009,SP,355030,São Paulo,,,,2009,31,0
M,4,10,31,08/08/2009,SP,355030,São Paulo,,,,2009,31,0
F,1,0,31,02/08/2009,SP,355030,São Paulo,,,,2009,31,0
M,1,8,31,06/08/2009,SP,355030,São Paulo,,,,2009,31,0
M,1,0,31,02/08/2009,SP,355030,São Paulo,,,,2009,31,0
F,4,4,31,02/08/2009,SP,355030,São Paulo,,,,2009,31,0
F,1,19,31,04/08/2009,SP,355030,São Paulo,,,,2009,31,0
F,9,2,32,09/08/2009,SP,355030,São Paulo,,,,2009,32,0
F,9,49,31,04/08/2009,SP,355030,São Paulo,,,,2009,31,0
F,9,33,31,07/08/2009,SP,355030,São Paulo,,,,2009,31,0
M,1,27,31,07/08/2009,SP,355030,São Paulo,,,,2009,31,0
F,1,15,31,07/08/2009,SP,355030,São Paulo,,,,2009,31,0
F,1,43,31,03/08/2009,SP,355030,São Paulo,,,,2009,31,0
M,4,10,29,22/07/2009,SP,355030,São Paulo,,,,2009,29,0
M,1,0,31,05/08/2009,SP,355030,São Paulo,,,,2009,31,0
F,1,83,22,05/06/2009,SP,355030,São Paulo,,,,2009,22,0
M,2,9,32,09/08/2009,SP,355030,São Paulo,,,,2009,32,0
M,1,0,31,08/08/2009,SP,355030,São Paulo,,,,2009,31,0
M,1,29,29,19/07/2009,SP,355030,São Paulo,,,,2009,29,0
M,1,10,31,08/08/2009,SP,355030,São Paulo,,,,2009,31,0
M,1,14,30,31/07/2009,SP,355030,São Paulo,,,,2009,30,0
F,1,69,31,02/08/2009,SP,355030,São Paulo,,,,2009,31,0
F,9,0,31,07/08/2009,SP,355030,São Paulo,,,,2009,31,0
F,3,4,29,22/07/2009,SP,355030,São Paulo,,,,2009,29,0
M,4,9,31,08/08/2009,SP,355030,São Paulo,,,,2009,31,0
M,1,10,31,03/08/2009,SP,355030,São Paulo,,,,2009,31,0
F,4,45,31,03/08/2009,SP,355030,São Paulo,,,,2009,31,0
M,1,2,31,02/08/2009,SP,355030,São Paulo,,,,2009,31,0
F,1,0,31,05/08/2009,SP,355030,São Paulo,,,,2009,31,0
F,4,1,31,03/08/2009,SP,355030,São Paulo,,,,2009,31,0
M,1,37,31,02/08/2009,SP,355030,São Paulo,,,,2009,31,0
M,1,30,31,04/08/2009,SP,355030,São Paulo,,,,2009,31,0
F,9,50,31,04/08/2009,SP,355030,São Paulo,,,,2009,31,0
F,9,2,31,05/08/2009,SP,355030,São Paulo,,,,2009,31,0
F,1,45,31,05/08/2009,SP,355030,São Paulo,,,,2009,31,0
F,1,38,29,24/07/2009,SP,355030,São Paulo,,,,2009,29,0
M,1,21,31,04/08/2009,SP,355030,São Paulo,,,,2009,31,0
M,9,12,31,04/08/2009,SP,355030,São Paulo,,,,2009,31,0
F,3,32,29,24/07/2009,SP,355030,São Paulo,,,,2009,29,0
M,4,53,31,02/08/2009,SP,355030,São Paulo,,,,2009,31,0
F,1,30,31,04/08/2009,SP,355030,São Paulo,,,,2009,31,0
F,9,1,31,03/08/2009,SP,355030,São Paulo,,,,2009,31,0
F,9,33,31,03/08/2009,SP,355030,São Paulo,,,,2009,31,0
F,1,24,31,02/08/2009,SP,355030,São Paulo,,,,2009,31,0
F,4,51,31,02/08/2009,SP,355030,São Paulo,,,,2009,31,0
M,1,22,31,04/08/2009,SP,355030,São Paulo,,,,2009,31,0
M,2,53,31,03/08/2009,SP,355030,São Paulo,,,,2009,31,0
F,9,8,31,02/08/2009,SP,355030,São Paulo,,,,2009,31,0
F,4,54,31,02/08/2009,SP,355030,São Paulo,,,,2009,31,0
M,1,35,31,03/08/2009,SP,355030,São Paulo,,,,2009,31,0
M,,44,31,02/08/2009,SP,355030,São Paulo,,,,2009,31,0
M,1,35,30,30/07/2009,SP,355030,São Paulo,,,,2009,30,0
M,,21,31,06/08/2009,SP,355030,São Paulo,,,,2009,31,0
F,1,27,31,03/08/2009,SP,355030,São Paulo,,,,2009,31,0
F,1,46,31,04/08/2009,SP,355030,São Paulo,,,,2009,31,0
F,2,58,30,30/07/2009,SP,355030,São Paulo,,,,2009,30,0
F,9,10,31,04/08/2009,SP,355030,São Paulo,,,,2009,31,0
F,1,21,31,04/08/2009,SP,355030,São Paulo,,,,2009,31,0
M,,36,31,07/08/2009,SP,355030,São Paulo,,,,2009,31,0
F,1,0,31,07/08/2009,SP,355030,São Paulo,,,,2009,31,0
M,9,30,31,08/08/2009,SP,355030,São Paulo,,,,2009,31,0
M,1,49,31,07/08/2009,SP,355030,São Paulo,,,,2009,31,0
F,2,23,29,20/07/2009,SP,355030,São Paulo,,,,2009,29,0
M,4,10,31,05/08/2009,SP,355030,São Paulo,,,,2009,31,0
F,1,0,31,05/08/2009,SP,355030,São Paulo,,,,2009,31,0
F,1,6,31,07/08/2009,SP,355030,São Paulo,,,,2009,31,0
M,4,26,31,06/08/2009,SP,355030,São Paulo,,,,2009,31,0
M,4,51,31,03/08/2009,SP,355030,São Paulo,,,,2009,31,0
F,1,26,31,07/08/2009,SP,355030,São Paulo,,,,2009,31,0
M,2,52,30,01/08/2009,SP,355030,São Paulo,,,,2009,30,0
F,2,11,31,06/08/2009,SP,355030,São Paulo,,,,2009,31,0
M,1,25,31,06/08/2009,SP,355030,São Paulo,,,,2009,31,0
F,1,21,31,07/08/2009,SP,355030,São Paulo,,,,2009,31,0
M,1,47,31,06/08/2009,SP,355030,São Paulo,,,,2009,31,0
F,4,21,31,07/08/2009,SP,355030,São Paulo,,,,2009,31,0
F,4,59,31,05/08/2009,SP,355030,São Paulo,,,,2009,31,0
M,9,0,31,07/08/2009,SP,355030,São Paulo,,,,2009,31,0
F,9,30,31,08/08/2009,SP,355030,São Paulo,,,,2009,31,0
F,9,27,31,07/08/2009,SP,355030,São Paulo,,,,2009,31,0
F,1,53,31,02/08/2009,SP,355030,São Paulo,,,,2009,31,0
F,4,16,31,07/08/2009,SP,355030,São Paulo,,,,2009,31,0
M,4,0,31,06/08/2009,SP,355030,São Paulo,,,,2009,31,0
F,,24,31,04/08/2009,SP,355030,São Paulo,,,,2009,31,0
F,9,8,30,01/08/2009,SP,355030,São Paulo,,,,2009,30,0
M,1,0,31,05/08/2009,SP,355030,São Paulo,,,,2009,31,0
M,1,27,31,03/08/2009,SP,355030,São Paulo,,,,2009,31,0
M,1,5,31,06/08/2009,SP,355030,São Paulo,,,,2009,31,0
M,9,15,31,07/08/2009,SP,355030,São Paulo,,,,2009,31,0
F,3,38,30,30/07/2009,SP,355030,São Paulo,,,,2009,30,0
M,4,6,31,03/08/2009,SP,355030,São Paulo,,,,2009,31,0
M,1,12,31,05/08/2009,SP,355030,São Paulo,,,,2009,31,0
F,1,1,31,04/08/2009,SP,355030,São Paulo,,,,2009,31,0
F,1,27,31,05/08/2009,SP,355030,São Paulo,,,,2009,31,0
F,1,20,31,04/08/2009,SP,355030,São Paulo,,,,2009,31,0
F,4,30,31,06/08/2009,SP,355030,São Paulo,,,,2009,31,0
F,1,30,31,06/08/2009,SP,355030,São Paulo,,,,2009,31,0
F,1,23,31,04/08/2009,SP,355030,São Paulo,,,,2009,31,0
F,2,51,31,04/08/2009,SP,355030,São Paulo,,,,2009,31,0
M,1,0,31,05/08/2009,SP,355030,São Paulo,,,,2009,31,0
F,2,0,31,03/08/2009,SP,355030,São Paulo,,,,2009,31,0
M,4,2,31,06/08/2009,SP,355030,São Paulo,,,,2009,31,0
M,2,24,31,04/08/2009,SP,355030,São Paulo,,,,2009,31,0
M,1,28,31,05/08/2009,SP,355030,São Paulo,,,,2009,31,0
F,1,67,30,29/07/2009,SP,355030,São Paulo,,,,2009,30,0
M,9,19,31,04/08/2009,SP,355030,São Paulo,,,,2009,31,0
M,9,32,29,20/07/2009,SP,355030,São Paulo,,,,2009,29,0
F,9,15,31,05/08/2009,SP,355030,São Paulo,,,,2009,31,0
F,9,17,31,04/08/2009,SP,355030,São Paulo,,,,2009,31,0
F,1,25,31,05/08/2009,SP,355030,São Paulo,,,,2009,31,0
M,1,32,30,01/08/2009,SP,355030,São Paulo,,,,2009,30,0
F,5,41,31,03/08/2009,SP,355030,São Paulo,,,,2009,31,0
F,1,34,31,03/08/2009,SP,355030,São Paulo,,,,2009,31,0
F,1,26,31,05/08/2009,SP,355030,São Paulo,,,,2009,31,0
M,1,33,31,04/08/2009,SP,355030,São Paulo,,,,2009,31,0
M,1,0,31,07/08/2009,SP,355030,São Paulo,,,,2009,31,0
M,4,24,31,05/08/2009,SP,355030,São Paulo,,,,2009,31,0
M,9,54,30,27/07/2009,SP,355030,São Paulo,,,,2009,30,0
M,1,33,31,03/08/2009,SP,355030,São Paulo,,,,2009,31,0
M,1,5,31,06/08/2009,SP,355030,São Paulo,,,,2009,31,0
M,1,21,31,03/08/2009,SP,355030,São Paulo,,,,2009,31,0
M,9,1,31,04/08/2009,SP,355030,São Paulo,,,,2009,31,0
M,4,30,31,04/08/2009,SP,355030,São Paulo,,,,2009,31,0
M,1,1,31,02/08/2009,SP,355030,São Paulo,,,,2009,31,0
F,1,2,30,31/07/2009,SP,355030,São Paulo,,,,2009,30,0
M,1,50,31,03/08/2009,SP,355030,São Paulo,,,,2009,31,0
F,4,27,30,01/08/2009,SP,355030,São Paulo,,,,2009,30,0
F,1,21,31,06/08/2009,SP,355030,São Paulo,,,,2009,31,0
F,1,36,31,03/08/2009,SP,355030,São Paulo,,,,2009,31,0
F,1,29,31,05/08/2009,SP,355030,São Paulo,,,,2009,31,0
F,4,25,31,03/08/2009,SP,355030,São Paulo,,,,2009,31,0
M,1,44,31,04/08/2009,SP,355030,São Paulo,,,,2009,31,0
F,1,19,30,30/07/2009,SP,355030,São Paulo,,,,2009,30,0
M,1,0,30,28/07/2009,SP,355030,São Paulo,,,,2009,30,0
F,1,0,31,06/08/2009,SP,355030,São Paulo,,,,2009,31,0
F,1,0,31,03/08/2009,SP,355030,São Paulo,,,,2009,31,0
M,1,3,31,05/08/2009,SP,355030,São Paulo,,,,2009,31,0
M,1,0,30,27/07/2009,SP,355030,São Paulo,,,,2009,30,0
M,1,20,31,05/08/2009,SP,355030,São Paulo,,,,2009,31,0
F,1,30,31,02/08/2009,SP,355030,São Paulo,,,,2009,31,0
M,1,35,31,06/08/2009,SP,355030,São Paulo,,,,2009,31,0
F,9,28,30,01/08/2009,SP,355030,São Paulo,,,,2009,30,0
M,9,67,31,03/08/2009,SP,355030,São Paulo,,,,2009,31,0
M,9,2,30,01/08/2009,SP,355030,São Paulo,,,,2009,30,0
F,1,23,31,05/08/2009,SP,355030,São Paulo,,,,2009,31,0
F,9,0,31,03/08/2009,SP,355030,São Paulo,,,,2009,31,0
M,1,26,31,03/08/2009,SP,355030,São Paulo,,,,2009,31,0
F,9,8,31,06/08/2009,SP,355030,São Paulo,,,,2009,31,0
M,1,0,31,03/08/2009,SP,355030,São Paulo,,,,2009,31,0
M,1,10,31,03/08/2009,SP,355030,São Paulo,,,,2009,31,0
F,1,33,31,04/08/2009,SP,355030,São Paulo,,,,2009,31,0
F,4,28,31,03/08/2009,SP,355030,São Paulo,,,,2009,31,0
F,1,17,31,03/08/2009,SP,355030,São Paulo,,,,2009,31,0
F,1,20,31,04/08/2009,SP,355030,São Paulo,,,,2009,31,0
M,3,51,31,04/08/2009,SP,355030,São Paulo,,,,2009,31,0
F,9,33,30,01/08/2009,SP,355030,São Paulo,,,,2009,30,0
F,4,0,30,01/08/2009,SP,355030,São Paulo,,,,2009,30,0
F,9,23,31,02/08/2009,SP,355030,São Paulo,,,,2009,31,0
M,9,4,31,04/08/2009,SP,355030,São Paulo,,,,2009,31,0
M,1,12,30,30/07/2009,SP,355030,São Paulo,,,,2009,30,0
F,,16,31,04/08/2009,SP,355030,São Paulo,,,,2009,31,0
F,9,38,29,24/07/2009,SP,355030,São Paulo,,,,2009,29,0
M,1,12,31,03/08/2009,SP,355030,São Paulo,,,,2009,31,0
M,2,3,31,04/08/2009,SP,355030,São Paulo,,,,2009,31,0
M,4,1,30,27/07/2009,SP,355030,São Paulo,,,,2009,30,0
F,1,62,30,31/07/2009,SP,355030,São Paulo,,,,2009,30,0
F,9,1,31,04/08/2009,SP,355030,São Paulo,,,,2009,31,0
M,9,79,31,02/08/2009,SP,355030,São Paulo,,,,2009,31,0
F,,61,30,01/08/2009,SP,355030,São Paulo,,,,2009,30,0
F,1,25,31,02/08/2009,SP,355030,São Paulo,,,,2009,31,0
F,1,47,30,29/07/2009,SP,355030,São Paulo,,,,2009,30,0
F,1,58,31,02/08/2009,SP,355030,São Paulo,,,,2009,31,0
M,2,4,31,02/08/2009,SP,355030,São Paulo,,,,2009,31,0
F,2,22,30,28/07/2009,SP,355030,São Paulo,,,,2009,30,0
F,1,32,31,04/08/2009,SP,355030,São Paulo,,,,2009,31,0
F,1,32,30,31/07/2009,SP,355030,São Paulo,,,,2009,30,0
F,1,24,31,02/08/2009,SP,355030,São Paulo,,,,2009,31,0
M,1,0,31,02/08/2009,SP,355030,São Paulo,,,,2009,31,0
M,1,13,31,05/08/2009,SP,355030,São Paulo,,,,2009,31,0
M,1,27,31,04/08/2009,SP,355030,São Paulo,,,,2009,31,0
F,1,6,30,01/08/2009,SP,355030,São Paulo,,,,2009,30,0
F,1,50,29,24/07/2009,SP,355030,São Paulo,,,,2009,29,0
F,1,21,31,04/08/2009,SP,355030,São Paulo,,,,2009,31,0
F,4,54,28,17/07/2009,SP,355030,São Paulo,,,,2009,28,0
M,9,30,29,24/07/2009,SP,355030,São Paulo,,,,2009,29,0
F,2,43,31,05/08/2009,SP,355030,São Paulo,,,,2009,31,0
F,4,20,30,01/08/2009,SP,355030,São Paulo,,,,2009,30,0
F,1,45,31,03/08/2009,SP,355030,São Paulo,,,,2009,31,0
F,1,23,31,04/08/2009,SP,355030,São Paulo,,,,2009,31,0
M,1,3,31,02/08/2009,SP,355030,São Paulo,,,,2009,31,0
F,1,49,30,29/07/2009,SP,355030,São Paulo,,,,2009,30,0
F,,58,30,31/07/2009,SP,355030,São Paulo,,,,2009,30,0
M,1,0,31,05/08/2009,SP,355030,São Paulo,,,,2009,31,0
F,1,36,31,03/08/2009,SP,355030,São Paulo,,,,2009,31,0
M,1,1,30,01/08/2009,SP,355030,São Paulo,,,,2009,30,0
F,4,34,31,04/08/2009,SP,355030,São Paulo,,,,2009,31,0
F,1,64,30,26/07/2009,SP,355030,São Paulo,,,,2009,30,0
F,2,25,31,05/08/2009,SP,355030,São Paulo,,,,2009,31,0
F,1,2,30,30/07/2009,SP,355030,São Paulo,,,,2009,30,0
F,1,63,31,02/08/2009,SP,355030,São Paulo,,,,2009,31,0
F,,23,31,03/08/2009,SP,355030,São Paulo,,,,2009,31,0
F,9,39,31,03/08/2009,SP,355030,São Paulo,,,,2009,31,0
M,5,0,29,21/07/2009,SP,355030,São Paulo,,,,2009,29,0
F,1,17,31,03/08/2009,SP,355030,São Paulo,,,,2009,31,0
M,9,1,31,04/08/2009,SP,355030,São Paulo,,,,2009,31,0
M,9,16,31,02/08/2009,SP,355030,São Paulo,,,,2009,31,0
M,2,18,31,03/08/2009,SP,355030,São Paulo,,,,2009,31,0
F,4,65,31,03/08/2009,SP,355030,São Paulo,,,,2009,31,0
F,1,29,30,31/07/2009,SP,355030,São Paulo,,,,2009,30,0
F,9,24,29,23/07/2009,SP,355030,São Paulo,,,,2009,29,0
F,1,40,31,04/08/2009,SP,355030,São Paulo,,,,2009,31,0
F,9,10,31,03/08/2009,SP,355030,São Paulo,,,,2009,31,0
F,1,40,31,03/08/2009,SP,355030,São Paulo,,,,2009,31,0
F,1,40,27,10/07/2009,SP,355030,São Paulo,,,,2009,27,0
M,9,35,30,28/07/2009,SP,355030,São Paulo,,,,2009,30,0
F,5,2,31,03/08/2009,SP,355030,São Paulo,,,,2009,31,0
F,1,38,31,03/08/2009,SP,355030,São Paulo,,,,2009,31,0
F,1,51,29,24/07/2009,SP,355030,São Paulo,,,,2009,29,0
F,1,4,31,03/08/2009,SP,355030,São Paulo,,,,2009,31,0
F,4,27,29,21/07/2009,SP,355030,São Paulo,,,,2009,29,0
M,1,19,30,31/07/2009,SP,355030,São Paulo,,,,2009,30,0
F,1,69,30,01/08/2009,SP,355030,São Paulo,,,,2009,30,0
F,,29,31,03/08/2009,SP,355030,São Paulo,,,,2009,31,0
M,1,18,31,03/08/2009,SP,355030,São Paulo,,,,2009,31,0
M,1,74,28,18/07/2009,SP,355030,São Paulo,,,,2009,28,0
F,1,6,31,05/08/2009,SP,355030,São Paulo,,,,2009,31,0
M,4,8,31,04/08/2009,SP,355030,São Paulo,,,,2009,31,0
M,1,9,31,04/08/2009,SP,355030,São Paulo,,,,2009,31,0
F,9,20,31,03/08/2009,SP,355030,São Paulo,,,,2009,31,0
M,1,8,30,30/07/2009,SP,355030,São Paulo,,,,2009,30,0
F,9,1,31,04/08/2009,SP,355030,São Paulo,,,,2009,31,0
F,9,37,31,03/08/2009,SP,355030,São Paulo,,,,2009,31,0
M,1,61,30,01/08/2009,SP,355030,São Paulo,,,,2009,30,0
F,1,56,31,03/08/2009,SP,355030,São Paulo,,,,2009,31,0
M,1,35,30,28/07/2009,SP,355030,São Paulo,,,,2009,30,0
M,9,27,31,02/08/2009,SP,355030,São Paulo,,,,2009,31,0
M,1,16,31,03/08/2009,SP,355030,São Paulo,,,,2009,31,0
F,4,17,31,03/08/2009,SP,355030,São Paulo,,,,2009,31,0
F,1,44,31,03/08/2009,SP,355030,São Paulo,,,,2009,31,0
F,1,24,31,03/08/2009,SP,355030,São Paulo,,,,2009,31,0
M,9,11,30,31/07/2009,SP,355030,São Paulo,,,,2009,30,0
M,2,11,31,03/08/2009,SP,355030,São Paulo,,,,2009,31,0
F,9,59,31,02/08/2009,SP,355030,São Paulo,,,,2009,31,0
F,1,36,31,03/08/2009,SP,355030,São Paulo,,,,2009,31,0
F,1,25,31,03/08/2009,SP,355030,São Paulo,,,,2009,31,0
F,1,44,31,03/08/2009,SP,355030,São Paulo,,,,2009,31,0
F,1,53,30,29/07/2009,SP,355030,São Paulo,,,,2009,30,0
M,1,0,31,04/08/2009,SP,355030,São Paulo,,,,2009,31,0
M,1,21,30,31/07/2009,SP,355030,São Paulo,,,,2009,30,0
F,,49,30,31/07/2009,SP,355030,São Paulo,,,,2009,30,0
M,4,0,31,05/08/2009,SP,355030,São Paulo,,,,2009,31,0
M,1,48,31,04/08/2009,SP,355030,São Paulo,,,,2009,31,0
M,1,1,31,05/08/2009,SP,355030,São Paulo,,,,2009,31,0
F,4,23,30,28/07/2009,SP,355030,São Paulo,,,,2009,30,0
F,2,53,30,29/07/2009,SP,355030,São Paulo,,,,2009,30,0
F,9,7,30,01/08/2009,SP,355030,São Paulo,,,,2009,30,0
F,9,33,31,04/08/2009,SP,355030,São Paulo,,,,2009,31,0
M,1,35,31,03/08/2009,SP,355030,São Paulo,,,,2009,31,0
M,1,47,31,02/08/2009,SP,355030,São Paulo,,,,2009,31,0
F,9,33,31,05/08/2009,SP,355030,São Paulo,,,,2009,31,0
F,4,22,31,03/08/2009,SP,355030,São Paulo,,,,2009,31,0
F,1,32,30,31/07/2009,SP,355030,São Paulo,,,,2009,30,0
M,1,27,31,03/08/2009,SP,355030,São Paulo,,,,2009,31,0
M,9,0,30,01/08/2009,SP,355030,São Paulo,,,,2009,30,0
M,1,62,30,01/08/2009,SP,355030,São Paulo,,,,2009,30,0
F,2,50,31,02/08/2009,SP,355030,São Paulo,,,,2009,31,0
M,1,6,30,01/08/2009,SP,355030,São Paulo,,,,2009,30,0
F,1,15,31,04/08/2009,SP,355030,São Paulo,,,,2009,31,0
M,4,5,30,01/08/2009,SP,355030,São Paulo,,,,2009,30,0
M,9,27,31,03/08/2009,SP,355030,São Paulo,,,,2009,31,0
M,1,56,31,02/08/2009,SP,355030,São Paulo,,,,2009,31,0
F,1,54,31,04/08/2009,SP,355030,São Paulo,,,,2009,31,0
F,1,22,30,01/08/2009,SP,355030,São Paulo,,,,2009,30,0
F,1,0,31,03/08/2009,SP,355030,São Paulo,,,,2009,31,0
F,9,31,31,02/08/2009,SP,355030,São Paulo,,,,2009,31,0
F,1,26,30,01/08/2009,SP,355030,São Paulo,,,,2009,30,0
M,1,39,30,27/07/2009,SP,355030,São Paulo,,,,2009,30,0
F,1,26,30,27/07/2009,SP,355030,São Paulo,,,,2009,30,0
F,1,8,30,31/07/2009,SP,355030,São Paulo,,,,2009,30,0
F,1,22,31,03/08/2009,SP,355030,São Paulo,,,,2009,31,0
F,1,16,31,04/08/2009,SP,355030,São Paulo,,,,2009,31,0
F,1,33,31,04/08/2009,SP,355030,São Paulo,,,,2009,31,0
M,9,9,30,01/08/2009,SP,355030,São Paulo,,,,2009,30,0
M,,2,31,02/08/2009,SP,355030,São Paulo,,,,2009,31,0
F,9,28,31,02/08/2009,SP,355030,São Paulo,,,,2009,31,0
M,1,21,31,02/08/2009,SP,355030,São Paulo,,,,2009,31,0
F,1,34,31,03/08/2009,SP,355030,São Paulo,,,,2009,31,0
M,3,18,31,02/08/2009,SP,355030,São Paulo,,,,2009,31,0
F,4,21,30,01/08/2009,SP,355030,São Paulo,,,,2009,30,0
F,1,19,30,30/07/2009,SP,355030,São Paulo,,,,2009,30,0
M,4,21,30,01/08/2009,SP,355030,São Paulo,,,,2009,30,0
M,1,36,31,03/08/2009,SP,355030,São Paulo,,,,2009,31,0
F,4,1,31,02/08/2009,SP,355030,São Paulo,,,,2009,31,0
F,,6,30,26/07/2009,SP,355030,São Paulo,,,,2009,30,0
F,9,6,31,04/08/2009,SP,355030,São Paulo,,,,2009,31,0
F,1,1,30,27/07/2009,SP,355030,São Paulo,,,,2009,30,0
M,4,42,30,31/07/2009,SP,355030,São Paulo,,,,2009,30,0
F,4,25,30,29/07/2009,SP,355030,São Paulo,,,,2009,30,0
M,1,50,30,31/07/2009,SP,355030,São Paulo,,,,2009,30,0
F,9,47,30,01/08/2009,SP,355030,São Paulo,,,,2009,30,0
F,9,23,30,29/07/2009,SP,355030,São Paulo,,,,2009,30,0
F,9,77,30,28/07/2009,SP,355030,São Paulo,,,,2009,30,0
F,4,3,30,01/08/2009,SP,355030,São Paulo,,,,2009,30,0
F,1,0,30,01/08/2009,SP,355030,São Paulo,,,,2009,30,0
M,1,8,30,31/07/2009,SP,355030,São Paulo,,,,2009,30,0
F,1,34,31,02/08/2009,SP,355030,São Paulo,,,,2009,31,0
F,1,21,31,02/08/2009,SP,355030,São Paulo,,,,2009,31,0
F,1,48,30,27/07/2009,SP,355030,São Paulo,,,,2009,30,0
F,,30,30,01/08/2009,SP,355030,São Paulo,,,,2009,30,0
F,1,35,31,02/08/2009,SP,355030,São Paulo,,,,2009,31,0
F,1,28,31,02/08/2009,SP,355030,São Paulo,,,,2009,31,0
F,1,36,31,05/08/2009,SP,355030,São Paulo,,,,2009,31,0
F,1,67,31,02/08/2009,SP,355030,São Paulo,,,,2009,31,0
M,1,5,29,25/07/2009,SP,355030,São Paulo,,,,2009,29,0
F,1,96,30,01/08/2009,SP,355030,São Paulo,,,,2009,30,0
M,1,37,30,29/07/2009,SP,355030,São Paulo,,,,2009,30,0
F,4,55,30,28/07/2009,SP,355030,São Paulo,,,,2009,30,0
F,9,22,30,31/07/2009,SP,355030,São Paulo,,,,2009,30,0
F,2,12,30,30/07/2009,SP,355030,São Paulo,,,,2009,30,0
M,1,43,30,01/08/2009,SP,355030,São Paulo,,,,2009,30,0
F,,5,31,02/08/2009,SP,355030,São Paulo,,,,2009,31,0
F,4,23,30,31/07/2009,SP,355030,São Paulo,,,,2009,30,0
M,3,72,30,30/07/2009,SP,355030,São Paulo,,,,2009,30,0
M,9,19,30,29/07/2009,SP,355030,São Paulo,,,,2009,30,0
F,2,11,31,02/08/2009,SP,355030,São Paulo,,,,2009,31,0
M,9,20,30,29/07/2009,SP,355030,São Paulo,,,,2009,30,0
M,9,51,30,31/07/2009,SP,355030,São Paulo,,,,2009,30,0
F,1,35,30,01/08/2009,SP,355030,São Paulo,,,,2009,30,0
F,1,21,30,01/08/2009,SP,355030,São Paulo,,,,2009,30,0
F,1,0,31,02/08/2009,SP,355030,São Paulo,,,,2009,31,0
M,1,7,28,13/07/2009,SP,355030,São Paulo,,,,2009,28,0
M,9,5,30,27/07/2009,SP,355030,São Paulo,,,,2009,30,0
M,9,51,30,27/07/2009,SP,355030,São Paulo,,,,2009,30,0
M,1,28,30,31/07/2009,SP,355030,São Paulo,,,,2009,30,0
F,4,52,31,04/08/2009,SP,355030,São Paulo,,,,2009,31,0
F,1,20,30,01/08/2009,SP,355030,São Paulo,,,,2009,30,0
F,,52,31,02/08/2009,SP,355030,São Paulo,,,,2009,31,0
F,1,5,30,28/07/2009,SP,355030,São Paulo,,,,2009,30,0
F,4,1,29,22/07/2009,SP,355030,São Paulo,,,,2009,29,0
F,1,26,30,31/07/2009,SP,355030,São Paulo,,,,2009,30,0
F,1,2,31,02/08/2009,SP,355030,São Paulo,,,,2009,31,0
M,1,30,31,02/08/2009,SP,355030,São Paulo,,,,2009,31,0
F,1,26,30,01/08/2009,SP,355030,São Paulo,,,,2009,30,0
F,1,37,30,28/07/2009,SP,355030,São Paulo,,,,2009,30,0
M,1,79,30,30/07/2009,SP,355030,São Paulo,,,,2009,30,0
F,,22,31,02/08/2009,SP,355030,São Paulo,,,,2009,31,0
F,1,35,30,01/08/2009,SP,355030,São Paulo,,,,2009,30,0
M,1,22,30,31/07/2009,SP,355030,São Paulo,,,,2009,30,0
M,,29,28,16/07/2009,SP,355030,São Paulo,,,,2009,28,0
F,9,2,29,19/07/2009,SP,355030,São Paulo,,,,2009,29,0
M,1,1,31,02/08/2009,SP,355030,São Paulo,,,,2009,31,0
F,1,40,30,31/07/2009,SP,355030,São Paulo,,,,2009,30,0
F,1,3,30,01/08/2009,SP,355030,São Paulo,,,,2009,30,0
F,1,10,31,03/08/2009,SP,355030,São Paulo,,,,2009,31,0
F,1,14,31,02/08/2009,SP,355030,São Paulo,,,,2009,31,0
M,1,58,30,29/07/2009,SP,355030,São Paulo,,,,2009,30,0
F,1,18,30,01/08/2009,SP,355030,São Paulo,,,,2009,30,0
F,9,37,30,30/07/2009,SP,355030,São Paulo,,,,2009,30,0
M,9,34,30,28/07/2009,SP,355030,São Paulo,,,,2009,30,0
F,1,35,30,30/07/2009,SP,355030,São Paulo,,,,2009,30,0
F,1,35,30,30/07/2009,SP,355030,São Paulo,,,,2009,30,0
F,4,26,31,03/08/2009,SP,355030,São Paulo,,,,2009,31,0
M,1,2,30,01/08/2009,SP,355030,São Paulo,,,,2009,30,0
M,1,0,31,02/08/2009,SP,355030,São Paulo,,,,2009,31,0
F,4,0,31,02/08/2009,SP,355030,São Paulo,,,,2009,31,0
M,1,25,30,31/07/2009,SP,355030,São Paulo,,,,2009,30,0
M,1,0,31,03/08/2009,SP,355030,São Paulo,,,,2009,31,0
M,4,0,30,30/07/2009,SP,355030,São Paulo,,,,2009,30,0
M,2,20,30,30/07/2009,SP,355030,São Paulo,,,,2009,30,0
F,1,17,30,28/07/2009,SP,355030,São Paulo,,,,2009,30,0
M,9,56,30,28/07/2009,SP,355030,São Paulo,,,,2009,30,0
F,1,26,30,30/07/2009,SP,355030,São Paulo,,,,2009,30,0
F,1,26,30,01/08/2009,SP,355030,São Paulo,,,,2009,30,0
M,1,11,31,02/08/2009,SP,355030,São Paulo,,,,2009,31,0
F,4,69,30,01/08/2009,SP,355030,São Paulo,,,,2009,30,0
M,1,15,30,01/08/2009,SP,355030,São Paulo,,,,2009,30,0
F,1,20,31,02/08/2009,SP,355030,São Paulo,,,,2009,31,0
F,1,15,30,28/07/2009,SP,355030,São Paulo,,,,2009,30,0
F,1,53,30,26/07/2009,SP,355030,São Paulo,,,,2009,30,0
F,9,5,30,30/07/2009,SP,355030,São Paulo,,,,2009,30,0
M,9,3,30,31/07/2009,SP,355030,São Paulo,,,,2009,30,0
F,2,39,31,02/08/2009,SP,355030,São Paulo,,,,2009,31,0
F,1,18,29,20/07/2009,SP,355030,São Paulo,,,,2009,29,0
F,9,7,30,28/07/2009,SP,355030,São Paulo,,,,2009,30,0
M,9,2,30,31/07/2009,SP,355030,São Paulo,,,,2009,30,0
F,1,41,29,20/07/2009,SP,355030,São Paulo,,,,2009,29,0
F,1,47,31,02/08/2009,SP,355030,São Paulo,,,,2009,31,0
F,1,30,30,31/07/2009,SP,355030,São Paulo,,,,2009,30,0
F,1,1,30,29/07/2009,SP,355030,São Paulo,,,,2009,30,0
M,1,22,31,03/08/2009,SP,355030,São Paulo,,,,2009,31,0
M,9,1,29,24/07/2009,SP,355030,São Paulo,,,,2009,29,0
M,1,5,30,28/07/2009,SP,355030,São Paulo,,,,2009,30,0
F,1,9,30,31/07/2009,SP,355030,São Paulo,,,,2009,30,0
F,1,39,30,30/07/2009,SP,355030,São Paulo,,,,2009,30,0
M,1,8,30,31/07/2009,SP,355030,São Paulo,,,,2009,30,0
M,1,23,30,29/07/2009,SP,355030,São Paulo,,,,2009,30,0
F,1,51,30,30/07/2009,SP,355030,São Paulo,,,,2009,30,0
M,1,35,30,27/07/2009,SP,355030,São Paulo,,,,2009,30,0
F,1,9,30,31/07/2009,SP,355030,São Paulo,,,,2009,30,0
F,9,3,30,28/07/2009,SP,355030,São Paulo,,,,2009,30,0
M,1,24,30,01/08/2009,SP,355030,São Paulo,,,,2009,30,0
F,4,0,31,03/08/2009,SP,355030,São Paulo,,,,2009,31,0
M,9,0,30,30/07/2009,SP,355030,São Paulo,,,,2009,30,0
F,1,0,30,01/08/2009,SP,355030,São Paulo,,,,2009,30,0
F,9,0,30,28/07/2009,SP,355030,São Paulo,,,,2009,30,0
M,9,4,31,02/08/2009,SP,355030,São Paulo,,,,2009,31,0
M,1,30,30,31/07/2009,SP,355030,São Paulo,,,,2009,30,0
F,9,7,30,30/07/2009,SP,355030,São Paulo,,,,2009,30,0
F,1,16,30,01/08/2009,SP,355030,São Paulo,,,,2009,30,0
F,1,20,30,30/07/2009,SP,355030,São Paulo,,,,2009,30,0
M,9,19,31,02/08/2009,SP,355030,São Paulo,,,,2009,31,0
F,1,1,30,01/08/2009,SP,355030,São Paulo,,,,2009,30,0
F,1,39,31,02/08/2009,SP,355030,São Paulo,,,,2009,31,0
F,9,23,30,01/08/2009,SP,355030,São Paulo,,,,2009,30,0
F,,0,30,01/08/2009,SP,355030,São Paulo,,,,2009,30,0
F,4,19,31,02/08/2009,SP,355030,São Paulo,,,,2009,31,0
M,1,13,31,02/08/2009,SP,355030,São Paulo,,,,2009,31,0
F,9,32,30,01/08/2009,SP,355030,São Paulo,,,,2009,30,0
F,9,1,30,29/07/2009,SP,355030,São Paulo,,,,2009,30,0
M,4,1,30,29/07/2009,SP,355030,São Paulo,,,,2009,30,0
F,9,24,31,02/08/2009,SP,355030,São Paulo,,,,2009,31,0
F,9,21,30,31/07/2009,SP,355030,São Paulo,,,,2009,30,0
F,1,35,30,27/07/2009,SP,355030,São Paulo,,,,2009,30,0
F,4,26,30,01/08/2009,SP,355030,São Paulo,,,,2009,30,0
F,4,28,30,31/07/2009,SP,355030,São Paulo,,,,2009,30,0
F,1,21,30,30/07/2009,SP,355030,São Paulo,,,,2009,30,0
F,1,18,31,02/08/2009,SP,355030,São Paulo,,,,2009,31,0
F,,0,30,31/07/2009,SP,355030,São Paulo,,,,2009,30,0
F,4,23,30,01/08/2009,SP,355030,São Paulo,,,,2009,30,0
M,1,1,30,01/08/2009,SP,355030,São Paulo,,,,2009,30,0
F,1,18,30,30/07/2009,SP,355030,São Paulo,,,,2009,30,0
F,4,28,29,25/07/2009,SP,355030,São Paulo,,,,2009,29,0
F,1,16,29,23/07/2009,SP,355030,São Paulo,,,,2009,29,0
F,2,65,30,01/08/2009,SP,355030,São Paulo,,,,2009,30,0
F,9,19,30,01/08/2009,SP,355030,São Paulo,,,,2009,30,0
F,1,47,31,03/08/2009,SP,355030,São Paulo,,,,2009,31,0
M,1,39,30,29/07/2009,SP,355030,São Paulo,,,,2009,30,0
M,9,6,30,30/07/2009,SP,355030,São Paulo,,,,2009,30,0
M,9,51,30,27/07/2009,SP,355030,São Paulo,,,,2009,30,0
M,9,2,30,31/07/2009,SP,355030,São Paulo,,,,2009,30,0
M,1,1,30,31/07/2009,SP,355030,São Paulo,,,,2009,30,0
F,9,24,30,31/07/2009,SP,355030,São Paulo,,,,2009,30,0
F,3,2,30,27/07/2009,SP,355030,São Paulo,,,,2009,30,0
M,1,1,30,26/07/2009,SP,355030,São Paulo,,,,2009,30,0
F,4,24,30,31/07/2009,SP,355030,São Paulo,,,,2009,30,0
M,9,1,30,31/07/2009,SP,355030,São Paulo,,,,2009,30,0
M,9,10,30,31/07/2009,SP,355030,São Paulo,,,,2009,30,0
M,1,21,29,23/07/2009,SP,355030,São Paulo,,,,2009,29,0
F,4,46,30,01/08/2009,SP,355030,São Paulo,,,,2009,30,0
M,4,15,30,29/07/2009,SP,355030,São Paulo,,,,2009,30,0
F,1,43,30,29/07/2009,SP,355030,São Paulo,,,,2009,30,0
F,9,10,29,22/07/2009,SP,355030,São Paulo,,,,2009,29,0
M,9,70,30,26/07/2009,SP,355030,São Paulo,,,,2009,30,0
F,4,12,30,29/07/2009,SP,355030,São Paulo,,,,2009,30,0
M,,25,29,24/07/2009,SP,355030,São Paulo,,,,2009,29,0
F,1,21,30,01/08/2009,SP,355030,São Paulo,,,,2009,30,0
M,4,2,30,01/08/2009,SP,355030,São Paulo,,,,2009,30,0
M,4,0,30,01/08/2009,SP,355030,São Paulo,,,,2009,30,0
M,1,21,30,28/07/2009,SP,355030,São Paulo,,,,2009,30,0
M,1,45,30,27/07/2009,SP,355030,São Paulo,,,,2009,30,0
M,1,25,30,26/07/2009,SP,355030,São Paulo,,,,2009,30,0
F,1,37,29,22/07/2009,SP,355030,São Paulo,,,,2009,29,0
M,9,89,29,22/07/2009,SP,355030,São Paulo,,,,2009,29,0
F,9,1,30,26/07/2009,SP,355030,São Paulo,,,,2009,30,0
F,2,39,30,28/07/2009,SP,355030,São Paulo,,,,2009,30,0
F,1,39,29,21/07/2009,SP,355030,São Paulo,,,,2009,29,0
F,1,0,28,13/07/2009,SP,355030,São Paulo,,,,2009,28,0
F,9,25,30,27/07/2009,SP,355030,São Paulo,,,,2009,30,0
M,1,10,29,23/07/2009,SP,355030,São Paulo,,,,2009,29,0
M,,4,30,28/07/2009,SP,355030,São Paulo,,,,2009,30,0
F,2,29,30,31/07/2009,SP,355030,São Paulo,,,,2009,30,0
F,1,3,30,30/07/2009,SP,355030,São Paulo,,,,2009,30,0
M,1,22,29,24/07/2009,SP,355030,São Paulo,,,,2009,29,0
M,4,4,30,30/07/2009,SP,355030,São Paulo,,,,2009,30,0
F,1,36,30,31/07/2009,SP,355030,São Paulo,,,,2009,30,0
F,1,33,30,01/08/2009,SP,355030,São Paulo,,,,2009,30,0
F,9,30,30,28/07/2009,SP,355030,São Paulo,,,,2009,30,0
F,9,32,29,19/07/2009,SP,355030,São Paulo,,,,2009,29,0
M,4,44,29,25/07/2009,SP,355030,São Paulo,,,,2009,29,0
F,1,17,29,23/07/2009,SP,355030,São Paulo,,,,2009,29,0
M,1,7,30,01/08/2009,SP,355030,São Paulo,,,,2009,30,0
M,4,3,30,01/08/2009,SP,355030,São Paulo,,,,2009,30,0
F,9,31,30,31/07/2009,SP,355030,São Paulo,,,,2009,30,0
F,1,47,30,28/07/2009,SP,355030,São Paulo,,,,2009,30,0
F,1,21,30,31/07/2009,SP,355030,São Paulo,,,,2009,30,0
F,1,0,29,25/07/2009,SP,355030,São Paulo,,,,2009,29,0
F,1,13,30,28/07/2009,SP,355030,São Paulo,,,,2009,30,0
M,1,28,29,24/07/2009,SP,355030,São Paulo,,,,2009,29,0
F,1,27,30,29/07/2009,SP,355030,São Paulo,,,,2009,30,0
F,2,32,30,28/07/2009,SP,355030,São Paulo,,,,2009,30,0
M,,17,30,01/08/2009,SP,355030,São Paulo,,,,2009,30,0
M,,0,30,28/07/2009,SP,355030,São Paulo,,,,2009,30,0
F,2,20,31,02/08/2009,SP,355030,São Paulo,,,,2009,31,0
F,1,21,30,27/07/2009,SP,355030,São Paulo,,,,2009,30,0
M,9,7,30,29/07/2009,SP,355030,São Paulo,,,,2009,30,0
M,4,17,30,29/07/2009,SP,355030,São Paulo,,,,2009,30,0
F,9,3,30,30/07/2009,SP,355030,São Paulo,,,,2009,30,0
M,9,2,30,01/08/2009,SP,355030,São Paulo,,,,2009,30,0
F,1,47,30,30/07/2009,SP,355030,São Paulo,,,,2009,30,0
M,2,36,30,28/07/2009,SP,355030,São Paulo,,,,2009,30,0
F,4,22,29,20/07/2009,SP,355030,São Paulo,,,,2009,29,0
F,1,9,30,31/07/2009,SP,355030,São Paulo,,,,2009,30,0
M,1,2,30,31/07/2009,SP,355030,São Paulo,,,,2009,30,0
F,9,46,30,01/08/2009,SP,355030,São Paulo,,,,2009,30,0
F,1,51,30,30/07/2009,SP,355030,São Paulo,,,,2009,30,0
M,3,56,30,30/07/2009,SP,355030,São Paulo,,,,2009,30,0
F,,1,30,31/07/2009,SP,355030,São Paulo,,,,2009,30,0
M,9,16,29,24/07/2009,SP,355030,São Paulo,,,,2009,29,0
M,1,74,29,21/07/2009,SP,355030,São Paulo,,,,2009,29,0
M,4,2,30,27/07/2009,SP,355030,São Paulo,,,,2009,30,0
F,1,23,30,30/07/2009,SP,355030,São Paulo,,,,2009,30,0
M,1,38,30,30/07/2009,SP,355030,São Paulo,,,,2009,30,0
M,2,12,30,31/07/2009,SP,355030,São Paulo,,,,2009,30,0
F,9,24,30,30/07/2009,SP,355030,São Paulo,,,,2009,30,0
F,3,33,30,29/07/2009,SP,355030,São Paulo,,,,2009,30,0
M,1,2,30,29/07/2009,SP,355030,São Paulo,,,,2009,30,0
F,1,19,30,31/07/2009,SP,355030,São Paulo,,,,2009,30,0
F,1,27,29,25/07/2009,SP,355030,São Paulo,,,,2009,29,0
F,1,4,30,29/07/2009,SP,355030,São Paulo,,,,2009,30,0
F,,28,30,30/07/2009,SP,355030,São Paulo,,,,2009,30,0
M,4,57,30,31/07/2009,SP,355030,São Paulo,,,,2009,30,0
F,4,37,30,28/07/2009,SP,355030,São Paulo,,,,2009,30,0
F,4,42,30,27/07/2009,SP,355030,São Paulo,,,,2009,30,0
M,1,49,30,29/07/2009,SP,355030,São Paulo,,,,2009,30,0
M,1,5,30,30/07/2009,SP,355030,São Paulo,,,,2009,30,0
F,1,2,30,28/07/2009,SP,355030,São Paulo,,,,2009,30,0
F,1,39,30,29/07/2009,SP,355030,São Paulo,,,,2009,30,0
F,4,29,29,24/07/2009,SP,355030,São Paulo,,,,2009,29,0
F,1,35,30,28/07/2009,SP,355030,São Paulo,,,,2009,30,0
M,5,2,30,27/07/2009,SP,355030,São Paulo,,,,2009,30,0
M,,1,30,27/07/2009,SP,355030,São Paulo,,,,2009,30,0
M,5,1,30,27/07/2009,SP,355030,São Paulo,,,,2009,30,0
M,1,1,30,30/07/2009,SP,355030,São Paulo,,,,2009,30,0
F,1,38,30,29/07/2009,SP,355030,São Paulo,,,,2009,30,0
M,2,4,29,23/07/2009,SP,355030,São Paulo,,,,2009,29,0
F,1,6,30,29/07/2009,SP,355030,São Paulo,,,,2009,30,0
F,2,48,30,28/07/2009,SP,355030,São Paulo,,,,2009,30,0
F,1,1,30,30/07/2009,SP,355030,São Paulo,,,,2009,30,0
F,1,0,30,30/07/2009,SP,355030,São Paulo,,,,2009,30,0
F,1,52,30,27/07/2009,SP,355030,São Paulo,,,,2009,30,0
M,4,45,30,29/07/2009,SP,355030,São Paulo,,,,2009,30,0
F,1,23,30,27/07/2009,SP,355030,São Paulo,,,,2009,30,0
F,9,1,29,25/07/2009,SP,355030,São Paulo,,,,2009,29,0
F,1,3,30,30/07/2009,SP,355030,São Paulo,,,,2009,30,0
F,4,51,30,28/07/2009,SP,355030,São Paulo,,,,2009,30,0
F,1,18,30,28/07/2009,SP,355030,São Paulo,,,,2009,30,0
M,1,1,29,20/07/2009,SP,355030,São Paulo,,,,2009,29,0
F,4,24,29,25/07/2009,SP,355030,São Paulo,,,,2009,29,0
F,4,22,30,27/07/2009,SP,355030,São Paulo,,,,2009,30,0
F,1,12,30,26/07/2009,SP,355030,São Paulo,,,,2009,30,0
F,9,1,30,27/07/2009,SP,355030,São Paulo,,,,2009,30,0
F,9,21,30,26/07/2009,SP,355030,São Paulo,,,,2009,30,0
M,1,11,30,28/07/2009,SP,355030,São Paulo,,,,2009,30,0
M,1,10,29,25/07/2009,SP,355030,São Paulo,,,,2009,29,0
F,9,26,30,28/07/2009,SP,355030,São Paulo,,,,2009,30,0
F,1,28,30,28/07/2009,SP,355030,São Paulo,,,,2009,30,0
M,1,47,30,26/07/2009,SP,355030,São Paulo,,,,2009,30,0
F,9,35,30,29/07/2009,SP,355030,São Paulo,,,,2009,30,0
F,4,15,30,28/07/2009,SP,355030,São Paulo,,,,2009,30,0
M,1,1,29,20/07/2009,SP,355030,São Paulo,,,,2009,29,0
M,1,25,30,26/07/2009,SP,355030,São Paulo,,,,2009,30,0
F,4,31,30,27/07/2009,SP,355030,São Paulo,,,,2009,30,0
F,1,25,30,26/07/2009,SP,355030,São Paulo,,,,2009,30,0
M,1,25,29,25/07/2009,SP,355030,São Paulo,,,,2009,29,0
M,1,26,30,29/07/2009,SP,355030,São Paulo,,,,2009,30,0
F,1,22,30,26/07/2009,SP,355030,São Paulo,,,,2009,30,0
M,1,24,29,19/07/2009,SP,355030,São Paulo,,,,2009,29,0
M,1,21,29,25/07/2009,SP,355030,São Paulo,,,,2009,29,0
F,1,49,30,27/07/2009,SP,355030,São Paulo,,,,2009,30,0
M,1,0,29,21/07/2009,SP,355030,São Paulo,,,,2009,29,0
F,9,70,30,29/07/2009,SP,355030,São Paulo,,,,2009,30,0
F,1,35,30,27/07/2009,SP,355030,São Paulo,,,,2009,30,0
F,9,55,30,30/07/2009,SP,355030,São Paulo,,,,2009,30,0
M,1,0,30,29/07/2009,SP,355030,São Paulo,,,,2009,30,0
M,4,0,30,26/07/2009,SP,355030,São Paulo,,,,2009,30,0
F,1,37,30,27/07/2009,SP,355030,São Paulo,,,,2009,30,0
F,1,23,30,28/07/2009,SP,355030,São Paulo,,,,2009,30,0
F,1,66,30,29/07/2009,SP,355030,São Paulo,,,,2009,30,0
F,1,17,30,29/07/2009,SP,355030,São Paulo,,,,2009,30,0
M,1,19,30,27/07/2009,SP,355030,São Paulo,,,,2009,30,0
F,4,1,30,27/07/2009,SP,355030,São Paulo,,,,2009,30,0
F,9,54,29,22/07/2009,SP,355030,São Paulo,,,,2009,29,0
F,4,20,30,28/07/2009,SP,355030,São Paulo,,,,2009,30,0
F,9,26,29,24/07/2009,SP,355030,São Paulo,,,,2009,29,0
M,1,47,29,25/07/2009,SP,355030,São Paulo,,,,2009,29,0
F,4,12,30,28/07/2009,SP,355030,São Paulo,,,,2009,30,0
F,1,23,30,26/07/2009,SP,355030,São Paulo,,,,2009,30,0
F,1,57,30,27/07/2009,SP,355030,São Paulo,,,,2009,30,0
F,1,58,29,25/07/2009,SP,355030,São Paulo,,,,2009,29,0
M,4,37,30,27/07/2009,SP,355030,São Paulo,,,,2009,30,0
M,1,9,30,29/07/2009,SP,355030,São Paulo,,,,2009,30,0
M,1,25,30,28/07/2009,SP,355030,São Paulo,,,,2009,30,0
M,4,56,30,30/07/2009,SP,355030,São Paulo,,,,2009,30,0
M,1,56,30,29/07/2009,SP,355030,São Paulo,,,,2009,30,0
F,1,23,30,26/07/2009,SP,355030,São Paulo,,,,2009,30,0
M,1,1,30,28/07/2009,SP,355030,São Paulo,,,,2009,30,0
M,,24,30,26/07/2009,SP,355030,São Paulo,,,,2009,30,0
M,1,2,30,26/07/2009,SP,355030,São Paulo,,,,2009,30,0
F,1,26,29,19/07/2009,SP,355030,São Paulo,,,,2009,29,0
M,9,66,28,12/07/2009,SP,355030,São Paulo,,,,2009,28,0
M,1,5,30,26/07/2009,SP,355030,São Paulo,,,,2009,30,0
F,1,1,29,20/07/2009,SP,355030,São Paulo,,,,2009,29,0
F,,23,29,21/07/2009,SP,355030,São Paulo,,,,2009,29,0
M,2,3,29,21/07/2009,SP,355030,São Paulo,,,,2009,29,0
F,1,36,29,25/07/2009,SP,355030,São Paulo,,,,2009,29,0
M,1,28,30,30/07/2009,SP,355030,São Paulo,,,,2009,30,0
M,1,20,29,21/07/2009,SP,355030,São Paulo,,,,2009,29,0
M,1,0,29,25/07/2009,SP,355030,São Paulo,,,,2009,29,0
F,1,7,29,23/07/2009,SP,355030,São Paulo,,,,2009,29,0
F,1,18,30,27/07/2009,SP,355030,São Paulo,,,,2009,30,0
F,1,21,29,24/07/2009,SP,355030,São Paulo,,,,2009,29,0
M,4,33,30,26/07/2009,SP,355030,São Paulo,,,,2009,30,0
M,4,45,29,22/07/2009,SP,355030,São Paulo,,,,2009,29,0
F,1,12,29,24/07/2009,SP,355030,São Paulo,,,,2009,29,0
M,1,34,29,24/07/2009,SP,355030,São Paulo,,,,2009,29,0
F,1,47,29,23/07/2009,SP,355030,São Paulo,,,,2009,29,0
M,1,49,30,26/07/2009,SP,355030,São Paulo,,,,2009,30,0
M,1,49,29,22/07/2009,SP,355030,São Paulo,,,,2009,29,0
M,1,29,29,21/07/2009,SP,355030,São Paulo,,,,2009,29,0
M,1,18,29,24/07/2009,SP,355030,São Paulo,,,,2009,29,0
F,1,13,29,24/07/2009,SP,355030,São Paulo,,,,2009,29,0
M,1,30,29,21/07/2009,SP,355030,São Paulo,,,,2009,29,0
M,9,0,30,28/07/2009,SP,355030,São Paulo,,,,2009,30,0
M,4,0,30,26/07/2009,SP,355030,São Paulo,,,,2009,30,0
M,9,0,29,24/07/2009,SP,355030,São Paulo,,,,2009,29,0
F,1,0,30,27/07/2009,SP,355030,São Paulo,,,,2009,30,0
M,9,4,29,21/07/2009,SP,355030,São Paulo,,,,2009,29,0
M,9,0,30,27/07/2009,SP,355030,São Paulo,,,,2009,30,0
F,1,27,30,28/07/2009,SP,355030,São Paulo,,,,2009,30,0
F,1,56,30,26/07/2009,SP,355030,São Paulo,,,,2009,30,0
M,1,30,29,19/07/2009,SP,355030,São Paulo,,,,2009,29,0
F,1,5,30,28/07/2009,SP,355030,São Paulo,,,,2009,30,0
M,1,11,29,25/07/2009,SP,355030,São Paulo,,,,2009,29,0
F,,8,30,28/07/2009,SP,355030,São Paulo,,,,2009,30,0
M,1,36,30,26/07/2009,SP,355030,São Paulo,,,,2009,30,0
M,,9,30,28/07/2009,SP,355030,São Paulo,,,,2009,30,0
F,1,1,29,21/07/2009,SP,355030,São Paulo,,,,2009,29,0
M,4,10,30,28/07/2009,SP,355030,São Paulo,,,,2009,30,0
F,4,31,30,26/07/2009,SP,355030,São Paulo,,,,2009,30,0
M,,31,29,23/07/2009,SP,355030,São Paulo,,,,2009,29,0
M,4,40,29,24/07/2009,SP,355030,São Paulo,,,,2009,29,0
M,1,38,30,27/07/2009,SP,355030,São Paulo,,,,2009,30,0
F,9,37,29,21/07/2009,SP,355030,São Paulo,,,,2009,29,0
M,4,12,30,28/07/2009,SP,355030,São Paulo,,,,2009,30,0
M,1,4,30,28/07/2009,SP,355030,São Paulo,,,,2009,30,0
F,3,25,30,27/07/2009,SP,355030,São Paulo,,,,2009,30,0
F,1,2,30,26/07/2009,SP,355030,São Paulo,,,,2009,30,0
F,9,30,30,29/07/2009,SP,355030,São Paulo,,,,2009,30,0
M,1,30,29,25/07/2009,SP,355030,São Paulo,,,,2009,29,0
F,1,1,29,21/07/2009,SP,355030,São Paulo,,,,2009,29,0
F,1,31,29,25/07/2009,SP,355030,São Paulo,,,,2009,29,0
M,4,25,28,13/07/2009,SP,355030,São Paulo,,,,2009,28,0
M,1,21,28,12/07/2009,SP,355030,São Paulo,,,,2009,28,0
M,1,19,29,23/07/2009,SP,355030,São Paulo,,,,2009,29,0
F,1,44,30,26/07/2009,SP,355030,São Paulo,,,,2009,30,0
F,2,54,29,21/07/2009,SP,355030,São Paulo,,,,2009,29,0
F,1,41,29,25/07/2009,SP,355030,São Paulo,,,,2009,29,0
M,4,28,30,27/07/2009,SP,355030,São Paulo,,,,2009,30,0
M,1,47,29,22/07/2009,SP,355030,São Paulo,,,,2009,29,0
M,,29,29,23/07/2009,SP,355030,São Paulo,,,,2009,29,0
M,1,51,29,22/07/2009,SP,355030,São Paulo,,,,2009,29,0
F,1,41,30,26/07/2009,SP,355030,São Paulo,,,,2009,30,0
M,1,54,29,22/07/2009,SP,355030,São Paulo,,,,2009,29,0
F,1,23,30,28/07/2009,SP,355030,São Paulo,,,,2009,30,0
F,1,3,29,21/07/2009,SP,355030,São Paulo,,,,2009,29,0
M,,18,29,25/07/2009,SP,355030,São Paulo,,,,2009,29,0
M,9,20,30,26/07/2009,SP,355030,São Paulo,,,,2009,30,0
F,,33,28,15/07/2009,SP,355030,São Paulo,,,,2009,28,0
F,9,0,29,24/07/2009,SP,355030,São Paulo,,,,2009,29,0
F,2,50,28,18/07/2009,SP,355030,São Paulo,,,,2009,28,0
F,1,54,28,18/07/2009,SP,355030,São Paulo,,,,2009,28,0
M,4,19,29,19/07/2009,SP,355030,São Paulo,,,,2009,29,0
F,1,1,28,18/07/2009,SP,355030,São Paulo,,,,2009,28,0
F,9,0,29,25/07/2009,SP,355030,São Paulo,,,,2009,29,0
M,1,16,29,22/07/2009,SP,355030,São Paulo,,,,2009,29,0
M,1,64,20,20/05/2009,SP,355030,São Paulo,,,,2009,20,0
F,1,40,30,28/07/2009,SP,355030,São Paulo,,,,2009,30,0
F,1,18,29,25/07/2009,SP,355030,São Paulo,,,,2009,29,0
M,,40,29,22/07/2009,SP,355030,São Paulo,,,,2009,29,0
M,1,24,30,26/07/2009,SP,355030,São Paulo,,,,2009,30,0
F,,25,30,28/07/2009,SP,355030,São Paulo,,,,2009,30,0
M,3,16,30,27/07/2009,SP,355030,São Paulo,,,,2009,30,0
F,1,10,29,24/07/2009,SP,355030,São Paulo,,,,2009,29,0
M,1,45,29,22/07/2009,SP,355030,São Paulo,,,,2009,29,0
F,9,22,29,20/07/2009,SP,355030,São Paulo,,,,2009,29,0
M,1,1,30,26/07/2009,SP,355030,São Paulo,,,,2009,30,0
F,1,30,28,17/07/2009,SP,355030,São Paulo,,,,2009,28,0
M,9,36,30,26/07/2009,SP,355030,São Paulo,,,,2009,30,0
F,1,2,29,25/07/2009,SP,355030,São Paulo,,,,2009,29,0
F,1,52,29,20/07/2009,SP,355030,São Paulo,,,,2009,29,0
M,4,0,29,22/07/2009,SP,355030,São Paulo,,,,2009,29,0
M,1,66,30,26/07/2009,SP,355030,São Paulo,,,,2009,30,0
M,1,29,29,25/07/2009,SP,355030,São Paulo,,,,2009,29,0
M,4,21,29,25/07/2009,SP,355030,São Paulo,,,,2009,29,0
F,4,7,29,23/07/2009,SP,355030,São Paulo,,,,2009,29,0
F,1,29,29,22/07/2009,SP,355030,São Paulo,,,,2009,29,0
F,1,57,28,18/07/2009,SP,355030,São Paulo,,,,2009,28,0
F,4,0,29,25/07/2009,SP,355030,São Paulo,,,,2009,29,0
F,1,9,30,26/07/2009,SP,355030,São Paulo,,,,2009,30,0
M,1,3,30,27/07/2009,SP,355030,São Paulo,,,,2009,30,0
F,2,29,30,27/07/2009,SP,355030,São Paulo,,,,2009,30,0
F,1,1,30,26/07/2009,SP,355030,São Paulo,,,,2009,30,0
F,1,34,29,25/07/2009,SP,355030,São Paulo,,,,2009,29,0
F,1,3,29,24/07/2009,SP,355030,São Paulo,,,,2009,29,0
M,1,33,29,23/07/2009,SP,355030,São Paulo,,,,2009,29,0
F,9,1,30,26/07/2009,SP,355030,São Paulo,,,,2009,30,0
M,4,26,30,26/07/2009,SP,355030,São Paulo,,,,2009,30,0
F,1,52,29,20/07/2009,SP,355030,São Paulo,,,,2009,29,0
F,1,28,30,26/07/2009,SP,355030,São Paulo,,,,2009,30,0
F,2,26,29,20/07/2009,SP,355030,São Paulo,,,,2009,29,0
F,1,21,29,19/07/2009,SP,355030,São Paulo,,,,2009,29,0
M,9,42,29,24/07/2009,SP,355030,São Paulo,,,,2009,29,0
M,1,4,28,18/07/2009,SP,355030,São Paulo,,,,2009,28,0
F,9,34,30,26/07/2009,SP,355030,São Paulo,,,,2009,30,0
F,1,41,28,18/07/2009,SP,355030,São Paulo,,,,2009,28,0
M,,2,30,26/07/2009,SP,355030,São Paulo,,,,2009,30,0
M,4,25,29,21/07/2009,SP,355030,São Paulo,,,,2009,29,0
F,,1,30,27/07/2009,SP,355030,São Paulo,,,,2009,30,0
M,9,1,29,23/07/2009,SP,355030,São Paulo,,,,2009,29,0
M,2,47,29,22/07/2009,SP,355030,São Paulo,,,,2009,29,0
F,1,22,30,26/07/2009,SP,355030,São Paulo,,,,2009,30,0
F,2,21,29,22/07/2009,SP,355030,São Paulo,,,,2009,29,0
M,,0,28,18/07/2009,SP,355030,São Paulo,,,,2009,28,0
M,1,31,29,23/07/2009,SP,355030,São Paulo,,,,2009,29,0
M,1,28,29,20/07/2009,SP,355030,São Paulo,,,,2009,29,0
M,1,8,29,23/07/2009,SP,355030,São Paulo,,,,2009,29,0
M,9,14,30,26/07/2009,SP,355030,São Paulo,,,,2009,30,0
M,9,45,29,24/07/2009,SP,355030,São Paulo,,,,2009,29,0
M,1,1,28,15/07/2009,SP,355030,São Paulo,,,,2009,28,0
F,1,8,29,23/07/2009,SP,355030,São Paulo,,,,2009,29,0
F,9,37,30,27/07/2009,SP,355030,São Paulo,,,,2009,30,0
M,1,44,29,23/07/2009,SP,355030,São Paulo,,,,2009,29,0
F,,24,29,19/07/2009,SP,355030,São Paulo,,,,2009,29,0
M,9,2,30,26/07/2009,SP,355030,São Paulo,,,,2009,30,0
F,,1,29,24/07/2009,SP,355030,São Paulo,,,,2009,29,0
M,,30,29,21/07/2009,SP,355030,São Paulo,,,,2009,29,0
F,9,4,29,19/07/2009,SP,355030,São Paulo,,,,2009,29,0
M,1,41,28,18/07/2009,SP,355030,São Paulo,,,,2009,28,0
M,1,3,30,26/07/2009,SP,355030,São Paulo,,,,2009,30,0
F,9,11,29,24/07/2009,SP,355030,São Paulo,,,,2009,29,0
M,3,0,29,19/07/2009,SP,355030,São Paulo,,,,2009,29,0
F,1,42,29,21/07/2009,SP,355030,São Paulo,,,,2009,29,0
F,1,54,29,24/07/2009,SP,355030,São Paulo,,,,2009,29,0
M,1,8,30,26/07/2009,SP,355030,São Paulo,,,,2009,30,0
M,1,11,30,27/07/2009,SP,355030,São Paulo,,,,2009,30,0
M,4,14,29,25/07/2009,SP,355030,São Paulo,,,,2009,29,0
F,4,25,29,24/07/2009,SP,355030,São Paulo,,,,2009,29,0
F,2,27,30,26/07/2009,SP,355030,São Paulo,,,,2009,30,0
M,1,1,29,21/07/2009,SP,355030,São Paulo,,,,2009,29,0
F,1,57,29,25/07/2009,SP,355030,São Paulo,,,,2009,29,0
F,1,45,29,23/07/2009,SP,355030,São Paulo,,,,2009,29,0
M,9,69,29,24/07/2009,SP,355030,São Paulo,,,,2009,29,0
M,9,13,29,25/07/2009,SP,355030,São Paulo,,,,2009,29,0
F,9,10,29,25/07/2009,SP,355030,São Paulo,,,,2009,29,0
M,1,44,29,24/07/2009,SP,355030,São Paulo,,,,2009,29,0
M,1,50,29,22/07/2009,SP,355030,São Paulo,,,,2009,29,0
M,4,0,30,26/07/2009,SP,355030,São Paulo,,,,2009,30,0
F,1,23,30,26/07/2009,SP,355030,São Paulo,,,,2009,30,0
F,1,79,29,21/07/2009,SP,355030,São Paulo,,,,2009,29,0
M,4,38,29,23/07/2009,SP,355030,São Paulo,,,,2009,29,0
M,1,30,29,25/07/2009,SP,355030,São Paulo,,,,2009,29,0
M,1,44,29,25/07/2009,SP,355030,São Paulo,,,,2009,29,0
M,1,13,29,25/07/2009,SP,355030,São Paulo,,,,2009,29,0
F,9,23,29,19/07/2009,SP,355030,São Paulo,,,,2009,29,0
F,1,55,29,23/07/2009,SP,355030,São Paulo,,,,2009,29,0
F,2,2,29,23/07/2009,SP,355030,São Paulo,,,,2009,29,0
M,1,27,30,26/07/2009,SP,355030,São Paulo,,,,2009,30,0
F,1,55,29,22/07/2009,SP,355030,São Paulo,,,,2009,29,0
M,9,0,29,20/07/2009,SP,355030,São Paulo,,,,2009,29,0
F,1,25,29,23/07/2009,SP,355030,São Paulo,,,,2009,29,0
F,1,27,29,21/07/2009,SP,355030,São Paulo,,,,2009,29,0
M,9,1,29,24/07/2009,SP,355030,São Paulo,,,,2009,29,0
M,1,24,29,19/07/2009,SP,355030,São Paulo,,,,2009,29,0
F,9,78,29,23/07/2009,SP,355030,São Paulo,,,,2009,29,0
F,9,19,28,16/07/2009,SP,355030,São Paulo,,,,2009,28,0
M,9,24,28,17/07/2009,SP,355030,São Paulo,,,,2009,28,0
F,9,28,28,18/07/2009,SP,355030,São Paulo,,,,2009,28,0
F,1,26,29,23/07/2009,SP,355030,São Paulo,,,,2009,29,0
M,2,51,29,21/07/2009,SP,355030,São Paulo,,,,2009,29,0
M,4,48,28,15/07/2009,SP,355030,São Paulo,,,,2009,28,0
F,1,26,29,25/07/2009,SP,355030,São Paulo,,,,2009,29,0
M,1,2,29,20/07/2009,SP,355030,São Paulo,,,,2009,29,0
M,1,32,29,24/07/2009,SP,355030,São Paulo,,,,2009,29,0
M,1,20,29,23/07/2009,SP,355030,São Paulo,,,,2009,29,0
F,1,63,29,23/07/2009,SP,355030,São Paulo,,,,2009,29,0
F,,31,29,24/07/2009,SP,355030,São Paulo,,,,2009,29,0
M,1,16,29,24/07/2009,SP,355030,São Paulo,,,,2009,29,0
F,,53,29,19/07/2009,SP,355030,São Paulo,,,,2009,29,0
F,1,21,29,22/07/2009,SP,355030,São Paulo,,,,2009,29,0
M,9,4,29,20/07/2009,SP,355030,São Paulo,,,,2009,29,0
F,2,21,29,20/07/2009,SP,355030,São Paulo,,,,2009,29,0
M,1,25,29,23/07/2009,SP,355030,São Paulo,,,,2009,29,0
M,1,7,30,27/07/2009,SP,355030,São Paulo,,,,2009,30,0
F,1,31,30,26/07/2009,SP,355030,São Paulo,,,,2009,30,0
F,1,16,29,23/07/2009,SP,355030,São Paulo,,,,2009,29,0
F,1,26,29,21/07/2009,SP,355030,São Paulo,,,,2009,29,0
M,1,45,29,23/07/2009,SP,355030,São Paulo,,,,2009,29,0
M,1,14,29,22/07/2009,SP,355030,São Paulo,,,,2009,29,0
M,1,41,29,24/07/2009,SP,355030,São Paulo,,,,2009,29,0
F,1,31,28,18/07/2009,SP,355030,São Paulo,,,,2009,28,0
M,1,31,29,23/07/2009,SP,355030,São Paulo,,,,2009,29,0
M,3,32,29,20/07/2009,SP,355030,São Paulo,,,,2009,29,0
M,1,29,29,23/07/2009,SP,355030,São Paulo,,,,2009,29,0
M,1,12,29,23/07/2009,SP,355030,São Paulo,,,,2009,29,0
F,,8,29,24/07/2009,SP,355030,São Paulo,,,,2009,29,0
M,,0,29,24/07/2009,SP,355030,São Paulo,,,,2009,29,0
F,2,31,29,23/07/2009,SP,355030,São Paulo,,,,2009,29,0
F,1,0,29,22/07/2009,SP,355030,São Paulo,,,,2009,29,0
M,1,3,29,19/07/2009,SP,355030,São Paulo,,,,2009,29,0
M,1,7,29,22/07/2009,SP,355030,São Paulo,,,,2009,29,0
F,,0,28,13/07/2009,SP,355030,São Paulo,,,,2009,28,0
M,1,20,29,25/07/2009,SP,355030,São Paulo,,,,2009,29,0
F,1,21,29,23/07/2009,SP,355030,São Paulo,,,,2009,29,0
F,1,1,29,21/07/2009,SP,355030,São Paulo,,,,2009,29,0
M,1,27,29,23/07/2009,SP,355030,São Paulo,,,,2009,29,0
M,2,35,29,23/07/2009,SP,355030,São Paulo,,,,2009,29,0
F,1,21,29,23/07/2009,SP,355030,São Paulo,,,,2009,29,0
F,1,31,27,10/07/2009,SP,355030,São Paulo,,,,2009,27,0
M,1,5,29,24/07/2009,SP,355030,São Paulo,,,,2009,29,0
M,1,11,29,22/07/2009,SP,355030,São Paulo,,,,2009,29,0
F,2,20,29,22/07/2009,SP,355030,São Paulo,,,,2009,29,0
M,1,31,29,22/07/2009,SP,355030,São Paulo,,,,2009,29,0
M,1,42,28,17/07/2009,SP,355030,São Paulo,,,,2009,28,0
M,1,25,29,22/07/2009,SP,355030,São Paulo,,,,2009,29,0
M,1,33,29,19/07/2009,SP,355030,São Paulo,,,,2009,29,0
M,9,24,29,20/07/2009,SP,355030,São Paulo,,,,2009,29,0
M,1,58,29,21/07/2009,SP,355030,São Paulo,,,,2009,29,0
M,1,47,27,11/07/2009,SP,355030,São Paulo,,,,2009,27,0
F,1,25,29,22/07/2009,SP,355030,São Paulo,,,,2009,29,0
F,1,46,29,22/07/2009,SP,355030,São Paulo,,,,2009,29,0
M,,61,29,20/07/2009,SP,355030,São Paulo,,,,2009,29,0
F,1,18,29,21/07/2009,SP,355030,São Paulo,,,,2009,29,0
M,1,21,29,21/07/2009,SP,355030,São Paulo,,,,2009,29,0
M,4,72,29,19/07/2009,SP,355030,São Paulo,,,,2009,29,0
F,1,10,29,19/07/2009,SP,355030,São Paulo,,,,2009,29,0
M,1,25,28,18/07/2009,SP,355030,São Paulo,,,,2009,28,0
F,,19,28,17/07/2009,SP,355030,São Paulo,,,,2009,28,0
F,9,56,29,20/07/2009,SP,355030,São Paulo,,,,2009,29,0
M,1,30,29,20/07/2009,SP,355030,São Paulo,,,,2009,29,0
F,1,4,29,19/07/2009,SP,355030,São Paulo,,,,2009,29,0
F,1,12,29,20/07/2009,SP,355030,São Paulo,,,,2009,29,0
F,9,28,29,21/07/2009,SP,355030,São Paulo,,,,2009,29,0
F,1,30,29,20/07/2009,SP,355030,São Paulo,,,,2009,29,0
M,9,7,29,22/07/2009,SP,355030,São Paulo,,,,2009,29,0
M,2,11,29,20/07/2009,SP,355030,São Paulo,,,,2009,29,0
M,,43,28,17/07/2009,SP,355030,São Paulo,,,,2009,28,0
M,1,21,29,20/07/2009,SP,355030,São Paulo,,,,2009,29,0
F,9,12,28,17/07/2009,SP,355030,São Paulo,,,,2009,28,0
M,9,14,29,21/07/2009,SP,355030,São Paulo,,,,2009,29,0
F,1,45,29,20/07/2009,SP,355030,São Paulo,,,,2009,29,0
F,1,26,29,20/07/2009,SP,355030,São Paulo,,,,2009,29,0
F,1,4,28,17/07/2009,SP,355030,São Paulo,,,,2009,28,0
F,1,36,29,23/07/2009,SP,355030,São Paulo,,,,2009,29,0
F,4,4,28,12/07/2009,SP,355030,São Paulo,,,,2009,28,0
M,1,20,29,19/07/2009,SP,355030,São Paulo,,,,2009,29,0
M,,2,29,22/07/2009,SP,355030,São Paulo,,,,2009,29,0
M,1,35,29,21/07/2009,SP,355030,São Paulo,,,,2009,29,0
M,9,33,29,21/07/2009,SP,355030,São Paulo,,,,2009,29,0
M,1,4,29,21/07/2009,SP,355030,São Paulo,,,,2009,29,0
F,1,14,29,20/07/2009,SP,355030,São Paulo,,,,2009,29,0
M,1,0,28,16/07/2009,SP,355030,São Paulo,,,,2009,28,0
F,1,0,28,18/07/2009,SP,355030,São Paulo,,,,2009,28,0
M,,44,29,22/07/2009,SP,355030,São Paulo,,,,2009,29,0
F,1,3,29,23/07/2009,SP,355030,São Paulo,,,,2009,29,0
F,,0,29,22/07/2009,SP,355030,São Paulo,,,,2009,29,0
F,1,24,29,20/07/2009,SP,355030,São Paulo,,,,2009,29,0
F,1,63,29,22/07/2009,SP,355030,São Paulo,,,,2009,29,0
F,1,26,29,22/07/2009,SP,355030,São Paulo,,,,2009,29,0
M,1,73,29,19/07/2009,SP,355030,São Paulo,,,,2009,29,0
M,9,34,28,12/07/2009,SP,355030,São Paulo,,,,2009,28,0
M,1,31,28,13/07/2009,SP,355030,São Paulo,,,,2009,28,0
F,1,25,29,23/07/2009,SP,355030,São Paulo,,,,2009,29,0
M,1,7,29,21/07/2009,SP,355030,São Paulo,,,,2009,29,0
F,2,38,29,20/07/2009,SP,355030,São Paulo,,,,2009,29,0
F,1,35,29,21/07/2009,SP,355030,São Paulo,,,,2009,29,0
F,4,21,29,19/07/2009,SP,355030,São Paulo,,,,2009,29,0
F,1,48,28,15/07/2009,SP,355030,São Paulo,,,,2009,28,0
F,9,10,28,17/07/2009,SP,355030,São Paulo,,,,2009,28,0
M,3,16,29,22/07/2009,SP,355030,São Paulo,,,,2009,29,0
F,9,22,28,18/07/2009,SP,355030,São Paulo,,,,2009,28,0
M,4,0,28,15/07/2009,SP,355030,São Paulo,,,,2009,28,0
F,2,21,28,16/07/2009,SP,355030,São Paulo,,,,2009,28,0
M,1,1,28,18/07/2009,SP,355030,São Paulo,,,,2009,28,0
F,1,41,29,21/07/2009,SP,355030,São Paulo,,,,2009,29,0
F,4,41,29,20/07/2009,SP,355030,São Paulo,,,,2009,29,0
F,2,6,28,13/07/2009,SP,355030,São Paulo,,,,2009,28,0
M,1,42,28,15/07/2009,SP,355030,São Paulo,,,,2009,28,0
M,1,42,28,17/07/2009,SP,355030,São Paulo,,,,2009,28,0
F,1,31,28,14/07/2009,SP,355030,São Paulo,,,,2009,28,0
M,1,20,28,17/07/2009,SP,355030,São Paulo,,,,2009,28,0
M,4,37,29,19/07/2009,SP,355030,São Paulo,,,,2009,29,0
M,9,19,29,21/07/2009,SP,355030,São Paulo,,,,2009,29,0
F,1,33,29,21/07/2009,SP,355030,São Paulo,,,,2009,29,0
F,1,25,29,19/07/2009,SP,355030,São Paulo,,,,2009,29,0
F,9,8,28,12/07/2009,SP,355030,São Paulo,,,,2009,28,0
M,9,42,28,13/07/2009,SP,355030,São Paulo,,,,2009,28,0
F,4,53,29,20/07/2009,SP,355030,São Paulo,,,,2009,29,0
F,1,17,29,19/07/2009,SP,355030,São Paulo,,,,2009,29,0
F,1,42,29,19/07/2009,SP,355030,São Paulo,,,,2009,29,0
M,3,30,28,16/07/2009,SP,355030,São Paulo,,,,2009,28,0
F,1,79,29,20/07/2009,SP,355030,São Paulo,,,,2009,29,0
F,9,0,29,20/07/2009,SP,355030,São Paulo,,,,2009,29,0
F,1,30,28,18/07/2009,SP,355030,São Paulo,,,,2009,28,0
F,1,32,29,19/07/2009,SP,355030,São Paulo,,,,2009,29,0
F,4,31,28,17/07/2009,SP,355030,São Paulo,,,,2009,28,0
F,4,30,29,19/07/2009,SP,355030,São Paulo,,,,2009,29,0
F,1,30,28,17/07/2009,SP,355030,São Paulo,,,,2009,28,0
F,1,28,28,18/07/2009,SP,355030,São Paulo,,,,2009,28,0
M,1,0,29,21/07/2009,SP,355030,São Paulo,,,,2009,29,0
M,1,52,27,08/07/2009,SP,355030,São Paulo,,,,2009,27,0
F,1,21,29,19/07/2009,SP,355030,São Paulo,,,,2009,29,0
F,1,5,29,19/07/2009,SP,355030,São Paulo,,,,2009,29,0
F,,50,29,20/07/2009,SP,355030,São Paulo,,,,2009,29,0
M,1,23,28,17/07/2009,SP,355030,São Paulo,,,,2009,28,0
M,1,7,28,13/07/2009,SP,355030,São Paulo,,,,2009,28,0
F,1,22,29,19/07/2009,SP,355030,São Paulo,,,,2009,29,0
F,1,28,29,20/07/2009,SP,355030,São Paulo,,,,2009,29,0
M,1,21,29,19/07/2009,SP,355030,São Paulo,,,,2009,29,0
M,1,39,29,19/07/2009,SP,355030,São Paulo,,,,2009,29,0
F,1,33,28,15/07/2009,SP,355030,São Paulo,,,,2009,28,0
F,1,46,28,13/07/2009,SP,355030,São Paulo,,,,2009,28,0
F,1,14,29,19/07/2009,SP,355030,São Paulo,,,,2009,29,0
M,1,41,28,15/07/2009,SP,355030,São Paulo,,,,2009,28,0
M,9,31,28,18/07/2009,SP,355030,São Paulo,,,,2009,28,0
M,2,59,28,18/07/2009,SP,355030,São Paulo,,,,2009,28,0
F,9,14,28,14/07/2009,SP,355030,São Paulo,,,,2009,28,0
M,2,26,28,16/07/2009,SP,355030,São Paulo,,,,2009,28,0
F,1,49,28,17/07/2009,SP,355030,São Paulo,,,,2009,28,0
F,,31,28,17/07/2009,SP,355030,São Paulo,,,,2009,28,0
M,1,34,28,18/07/2009,SP,355030,São Paulo,,,,2009,28,0
F,1,32,28,16/07/2009,SP,355030,São Paulo,,,,2009,28,0
F,1,27,28,16/07/2009,SP,355030,São Paulo,,,,2009,28,0
M,9,28,29,20/07/2009,SP,355030,São Paulo,,,,2009,29,0
F,1,44,28,16/07/2009,SP,355030,São Paulo,,,,2009,28,0
F,1,31,28,15/07/2009,SP,355030,São Paulo,,,,2009,28,0
F,2,21,28,12/07/2009,SP,355030,São Paulo,,,,2009,28,0
F,1,52,28,18/07/2009,SP,355030,São Paulo,,,,2009,28,0
M,9,34,28,15/07/2009,SP,355030,São Paulo,,,,2009,28,0
F,2,49,29,20/07/2009,SP,355030,São Paulo,,,,2009,29,0
M,1,10,28,15/07/2009,SP,355030,São Paulo,,,,2009,28,0
F,1,41,28,18/07/2009,SP,355030,São Paulo,,,,2009,28,0
M,1,2,28,12/07/2009,SP,355030,São Paulo,,,,2009,28,0
M,9,26,28,18/07/2009,SP,355030,São Paulo,,,,2009,28,0
M,1,26,28,15/07/2009,SP,355030,São Paulo,,,,2009,28,0
M,1,22,28,18/07/2009,SP,355030,São Paulo,,,,2009,28,0
M,9,58,28,16/07/2009,SP,355030,São Paulo,,,,2009,28,0
M,1,38,28,14/07/2009,SP,355030,São Paulo,,,,2009,28,0
F,9,25,28,13/07/2009,SP,355030,São Paulo,,,,2009,28,0
F,1,26,28,15/07/2009,SP,355030,São Paulo,,,,2009,28,0
F,1,27,28,18/07/2009,SP,355030,São Paulo,,,,2009,28,0
F,1,0,28,14/07/2009,SP,355030,São Paulo,,,,2009,28,0
F,1,13,27,09/07/2009,SP,355030,São Paulo,,,,2009,27,0
M,1,24,27,10/07/2009,SP,355030,São Paulo,,,,2009,27,0
M,3,4,28,18/07/2009,SP,355030,São Paulo,,,,2009,28,0
F,1,36,28,18/07/2009,SP,355030,São Paulo,,,,2009,28,0
M,9,41,28,15/07/2009,SP,355030,São Paulo,,,,2009,28,0
M,1,53,28,16/07/2009,SP,355030,São Paulo,,,,2009,28,0
M,1,24,28,18/07/2009,SP,355030,São Paulo,,,,2009,28,0
M,9,51,28,18/07/2009,SP,355030,São Paulo,,,,2009,28,0
F,1,35,28,17/07/2009,SP,355030,São Paulo,,,,2009,28,0
F,3,50,28,12/07/2009,SP,355030,São Paulo,,,,2009,28,0
F,1,20,28,14/07/2009,SP,355030,São Paulo,,,,2009,28,0
M,4,61,28,13/07/2009,SP,355030,São Paulo,,,,2009,28,0
M,1,15,28,17/07/2009,SP,355030,São Paulo,,,,2009,28,0
F,1,13,28,17/07/2009,SP,355030,São Paulo,,,,2009,28,0
F,,13,28,17/07/2009,SP,355030,São Paulo,,,,2009,28,0
M,1,38,26,03/07/2009,SP,355030,São Paulo,,,,2009,26,0
F,1,41,27,11/07/2009,SP,355030,São Paulo,,,,2009,27,0
M,1,9,27,10/07/2009,SP,355030,São Paulo,,,,2009,27,0
M,1,27,28,16/07/2009,SP,355030,São Paulo,,,,2009,28,0
F,9,0,28,16/07/2009,SP,355030,São Paulo,,,,2009,28,0
M,1,63,27,07/07/2009,SP,355030,São Paulo,,,,2009,27,0
F,3,28,28,13/07/2009,SP,355030,São Paulo,,,,2009,28,0
M,1,54,28,15/07/2009,SP,355030,São Paulo,,,,2009,28,0
F,9,31,27,10/07/2009,SP,355030,São Paulo,,,,2009,27,0
F,1,21,28,15/07/2009,SP,355030,São Paulo,,,,2009,28,0
F,1,30,27,05/07/2009,SP,355030,São Paulo,,,,2009,27,0
F,4,24,27,11/07/2009,SP,355030,São Paulo,,,,2009,27,0
F,1,46,26,01/07/2009,SP,355030,São Paulo,,,,2009,26,0
M,1,2,27,11/07/2009,SP,355030,São Paulo,,,,2009,27,0
M,1,51,27,05/07/2009,SP,355030,São Paulo,,,,2009,27,0
F,4,21,27,11/07/2009,SP,355030,São Paulo,,,,2009,27,0
M,1,54,27,11/07/2009,SP,355030,São Paulo,,,,2009,27,0
F,9,15,28,14/07/2009,SP,355030,São Paulo,,,,2009,28,0
F,1,42,28,12/07/2009,SP,355030,São Paulo,,,,2009,28,0
F,1,24,27,10/07/2009,SP,355030,São Paulo,,,,2009,27,0
M,9,34,27,07/07/2009,SP,355030,São Paulo,,,,2009,27,0
F,9,50,28,12/07/2009,SP,355030,São Paulo,,,,2009,28,0
F,4,63,28,12/07/2009,SP,355030,São Paulo,,,,2009,28,0
M,1,26,28,12/07/2009,SP,355030,São Paulo,,,,2009,28,0
M,1,29,27,10/07/2009,SP,355030,São Paulo,,,,2009,27,0
F,1,21,28,13/07/2009,SP,355030,São Paulo,,,,2009,28,0
F,4,55,28,13/07/2009,SP,355030,São Paulo,,,,2009,28,0
M,1,29,28,13/07/2009,SP,355030,São Paulo,,,,2009,28,0
M,1,49,28,12/07/2009,SP,355030,São Paulo,,,,2009,28,0
F,1,37,27,06/07/2009,SP,355030,São Paulo,,,,2009,27,0
F,4,68,27,08/07/2009,SP,355030,São Paulo,,,,2009,27,0
F,1,27,26,03/07/2009,SP,355030,São Paulo,,,,2009,26,0
F,1,34,27,05/07/2009,SP,355030,São Paulo,,,,2009,27,0
M,1,19,27,10/07/2009,SP,355030,São Paulo,,,,2009,27,0
F,1,9,27,11/07/2009,SP,355030,São Paulo,,,,2009,27,0
M,4,30,28,12/07/2009,SP,355030,São Paulo,,,,2009,28,0
M,1,11,28,12/07/2009,SP,355030,São Paulo,,,,2009,28,0
F,1,33,27,10/07/2009,SP,355030,São Paulo,,,,2009,27,0
M,4,20,27,08/07/2009,SP,355030,São Paulo,,,,2009,27,0
M,1,30,27,11/07/2009,SP,355030,São Paulo,,,,2009,27,0
M,1,50,25,26/06/2009,SP,355030,São Paulo,,,,2009,25,0
F,1,18,27,06/07/2009,SP,355030,São Paulo,,,,2009,27,0
F,1,26,27,07/07/2009,SP,355030,São Paulo,,,,2009,27,0
M,1,31,27,10/07/2009,SP,355030,São Paulo,,,,2009,27,0
F,1,24,27,10/07/2009,SP,355030,São Paulo,,,,2009,27,0
F,4,27,27,07/07/2009,SP,355030,São Paulo,,,,2009,27,0
F,1,32,27,08/07/2009,SP,355030,São Paulo,,,,2009,27,0
F,1,21,27,06/07/2009,SP,355030,São Paulo,,,,2009,27,0
F,9,52,26,01/07/2009,SP,355030,São Paulo,,,,2009,26,0
F,1,29,26,30/06/2009,SP,355030,São Paulo,,,,2009,26,0
F,1,11,26,02/07/2009,SP,355030,São Paulo,,,,2009,26,0
F,1,24,26,03/07/2009,SP,355030,São Paulo,,,,2009,26,0
F,1,35,26,03/07/2009,SP,355030,São Paulo,,,,2009,26,0
M,4,40,26,30/06/2009,SP,355030,São Paulo,,,,2009,26,0
M,1,39,26,01/07/2009,SP,355030,São Paulo,,,,2009,26,0
M,1,9,26,30/06/2009,SP,355030,São Paulo,,,,2009,26,0
M,1,29,26,01/07/2009,SP,355030,São Paulo,,,,2009,26,0
F,9,23,26,01/07/2009,SP,355030,São Paulo,,,,2009,26,0
F,1,3,26,30/06/2009,SP,355030,São Paulo,,,,2009,26,0
F,1,19,26,29/06/2009,SP,355030,São Paulo,,,,2009,26,0
M,1,40,26,02/07/2009,SP,355030,São Paulo,,,,2009,26,0
F,9,36,26,01/07/2009,SP,355030,São Paulo,,,,2009,26,0
F,9,30,26,28/06/2009,SP,355030,São Paulo,,,,2009,26,0
F,,13,26,28/06/2009,SP,355030,São Paulo,,,,2009,26,0
M,1,21,26,29/06/2009,SP,355030,São Paulo,,,,2009,26,0
F,2,26,26,30/06/2009,SP,355030,São Paulo,,,,2009,26,0
M,1,26,26,28/06/2009,SP,355030,São Paulo,,,,2009,26,0
F,1,44,31,05/08/2009,SP,355030,São Paulo,,,,2009,31,0
M,1,2,33,20/08/2009,SP,355030,São Paulo,,,,2009,33,0
F,1,22,31,08/08/2009,SP,355030,São Paulo,,,,2009,31,0
M,1,22,27,07/07/2009,SP,355030,São Paulo,,,,2009,27,0
F,4,5,30,27/07/2009,SP,355030,São Paulo,,,,2009,30,0
F,9,22,27,07/07/2009,SP,355030,São Paulo,,,,2009,27,0
F,1,20,33,17/08/2009,SP,355030,São Paulo,,,,2009,33,0
F,1,32,31,04/08/2009,SP,355030,São Paulo,,,,2009,31,0
F,1,25,27,10/07/2009,SP,355030,São Paulo,,,,2009,27,0
M,1,31,26,02/07/2009,SP,355030,São Paulo,,,,2009,26,0
F,1,22,39,28/09/2009,SP,355030,São Paulo,,,,2009,39,0
M,1,39,40,09/10/2009,SP,355030,São Paulo,,,,2009,40,0
M,9,19,42,19/10/2009,SP,355030,São Paulo,,,,2009,42,0
F,4,26,35,04/09/2009,SP,355030,São Paulo,,,,2009,35,0
M,4,13,36,08/09/2009,SP,355030,São Paulo,,,,2009,36,0
M,1,30,35,05/09/2009,SP,355030,São Paulo,,,,2009,35,0
M,1,35,35,04/09/2009,SP,355030,São Paulo,,,,2009,35,0
F,1,29,35,01/09/2009,SP,355030,São Paulo,,,,2009,35,0
F,1,28,35,31/08/2009,SP,355030,São Paulo,,,,2009,35,0
F,1,9,35,03/09/2009,SP,355030,São Paulo,,,,2009,35,0
M,1,1,40,07/10/2009,SP,355030,São Paulo,,,,2009,40,0
F,9,10,43,26/10/2009,SP,355030,São Paulo,,,,2009,43,0
M,9,50,40,10/10/2009,SP,355030,São Paulo,,,,2009,40,0
F,9,2,41,16/10/2009,SP,355030,São Paulo,,,,2009,41,0
F,9,83,41,14/10/2009,SP,355030,São Paulo,,,,2009,41,0
M,4,7,35,01/09/2009,SP,355030,São Paulo,,,,2009,35,0
F,9,36,42,24/10/2009,SP,355030,São Paulo,,,,2009,42,0
F,1,8,35,01/09/2009,SP,355030,São Paulo,,,,2009,35,0
F,4,10,35,03/09/2009,SP,355030,São Paulo,,,,2009,35,0
F,1,43,35,01/09/2009,SP,355030,São Paulo,,,,2009,35,0
F,2,61,39,28/09/2009,SP,355030,São Paulo,,,,2009,39,0
M,1,2,41,17/10/2009,SP,355030,São Paulo,,,,2009,41,0
M,5,20,43,25/10/2009,SP,355030,São Paulo,,,,2009,43,0
M,4,26,43,28/10/2009,SP,355030,São Paulo,,,,2009,43,0
M,4,66,35,02/09/2009,SP,355030,São Paulo,,,,2009,35,0
M,1,1,42,24/10/2009,SP,355030,São Paulo,,,,2009,42,0
F,1,6,42,24/10/2009,SP,355030,São Paulo,,,,2009,42,0
F,1,8,41,16/10/2009,SP,355030,São Paulo,,,,2009,41,0
M,1,77,39,30/09/2009,SP,355030,São Paulo,,,,2009,39,0
M,1,0,36,07/09/2009,SP,355030,São Paulo,,,,2009,36,0
F,1,39,42,21/10/2009,SP,355030,São Paulo,,,,2009,42,0
F,1,3,43,30/10/2009,SP,355030,São Paulo,,,,2009,43,0
F,9,5,36,12/09/2009,SP,355030,São Paulo,,,,2009,36,0
F,1,11,35,05/09/2009,SP,355030,São Paulo,,,,2009,35,0
F,1,12,35,05/09/2009,SP,355030,São Paulo,,,,2009,35,0
F,1,0,35,04/09/2009,SP,355030,São Paulo,,,,2009,35,0
M,2,88,35,01/09/2009,SP,355030,São Paulo,,,,2009,35,0
F,9,40,42,18/10/2009,SP,355030,São Paulo,,,,2009,42,0
F,1,0,43,29/10/2009,SP,355030,São Paulo,,,,2009,43,0
M,1,3,43,25/10/2009,SP,355030,São Paulo,,,,2009,43,0
M,9,12,36,06/09/2009,SP,355030,São Paulo,,,,2009,36,0
F,1,0,35,03/09/2009,SP,355030,São Paulo,,,,2009,35,0
F,9,3,36,08/09/2009,SP,355030,São Paulo,,,,2009,36,0
M,1,17,43,25/10/2009,SP,355030,São Paulo,,,,2009,43,0
F,1,6,43,29/10/2009,SP,355030,São Paulo,,,,2009,43,0
M,4,0,43,27/10/2009,SP,355030,São Paulo,,,,2009,43,0
M,1,21,43,26/10/2009,SP,355030,São Paulo,,,,2009,43,0
F,9,4,35,05/09/2009,SP,355030,São Paulo,,,,2009,35,0
M,9,46,35,01/09/2009,SP,355030,São Paulo,,,,2009,35,0
M,1,22,34,29/08/2009,SP,355030,São Paulo,,,,2009,34,0
F,1,2,34,29/08/2009,SP,355030,São Paulo,,,,2009,34,0
F,1,2,35,03/09/2009,SP,355030,São Paulo,,,,2009,35,0
M,1,78,35,03/09/2009,SP,355030,São Paulo,,,,2009,35,0
F,1,46,35,01/09/2009,SP,355030,São Paulo,,,,2009,35,0
M,1,76,35,04/09/2009,SP,355030,São Paulo,,,,2009,35,0
F,1,0,41,11/10/2009,SP,355030,São Paulo,,,,2009,41,0
M,,8,43,28/10/2009,SP,355030,São Paulo,,,,2009,43,0
F,1,18,36,06/09/2009,SP,355030,São Paulo,,,,2009,36,0
F,1,1,36,10/09/2009,SP,355030,São Paulo,,,,2009,36,0
F,1,3,43,25/10/2009,SP,355030,São Paulo,,,,2009,43,0
F,4,45,43,27/10/2009,SP,355030,São Paulo,,,,2009,43,0
F,9,73,43,28/10/2009,SP,355030,São Paulo,,,,2009,43,0
M,9,18,43,28/10/2009,SP,355030,São Paulo,,,,2009,43,0
M,1,10,41,15/10/2009,SP,355030,São Paulo,,,,2009,41,0
M,1,0,42,21/10/2009,SP,355030,São Paulo,,,,2009,42,0
M,1,10,42,21/10/2009,SP,355030,São Paulo,,,,2009,42,0
F,4,3,39,03/10/2009,SP,355030,São Paulo,,,,2009,39,0
M,1,41,41,16/10/2009,SP,355030,São Paulo,,,,2009,41,0
M,9,78,43,26/10/2009,SP,355030,São Paulo,,,,2009,43,0
F,,3,42,22/10/2009,SP,355030,São Paulo,,,,2009,42,0
M,1,19,42,19/10/2009,SP,355030,São Paulo,,,,2009,42,0
M,1,4,35,31/08/2009,SP,355030,São Paulo,,,,2009,35,0
M,9,4,42,21/10/2009,SP,355030,São Paulo,,,,2009,42,0
M,1,0,40,10/10/2009,SP,355030,São Paulo,,,,2009,40,0
M,1,43,41,15/10/2009,SP,355030,São Paulo,,,,2009,41,0
M,4,19,43,25/10/2009,SP,355030,São Paulo,,,,2009,43,0
M,4,7,42,20/10/2009,SP,355030,São Paulo,,,,2009,42,0
M,4,0,42,23/10/2009,SP,355030,São Paulo,,,,2009,42,0
F,1,18,41,17/10/2009,SP,355030,São Paulo,,,,2009,41,0
F,,2,42,23/10/2009,SP,355030,São Paulo,,,,2009,42,0
M,1,5,42,20/10/2009,SP,355030,São Paulo,,,,2009,42,0
F,,26,41,14/10/2009,SP,355030,São Paulo,,,,2009,41,0
F,1,0,42,20/10/2009,SP,355030,São Paulo,,,,2009,42,0
M,1,1,42,20/10/2009,SP,355030,São Paulo,,,,2009,42,0
M,1,5,42,20/10/2009,SP,355030,São Paulo,,,,2009,42,0
M,,2,42,20/10/2009,SP,355030,São Paulo,,,,2009,42,0
F,1,10,41,17/10/2009,SP,355030,São Paulo,,,,2009,41,0
F,1,11,38,26/09/2009,SP,355030,São Paulo,,,,2009,38,0
F,1,7,39,30/09/2009,SP,355030,São Paulo,,,,2009,39,0
M,9,11,42,18/10/2009,SP,355030,São Paulo,,,,2009,42,0
F,1,90,41,12/10/2009,SP,355030,São Paulo,,,,2009,41,0
M,1,51,38,22/09/2009,SP,355030,São Paulo,,,,2009,38,0
F,9,26,41,15/10/2009,SP,355030,São Paulo,,,,2009,41,0
F,1,81,42,21/10/2009,SP,355030,São Paulo,,,,2009,42,0
F,9,37,42,20/10/2009,SP,355030,São Paulo,,,,2009,42,0
F,1,0,41,13/10/2009,SP,355030,São Paulo,,,,2009,41,0
F,1,35,42,21/10/2009,SP,355030,São Paulo,,,,2009,42,0
M,1,5,41,15/10/2009,SP,355030,São Paulo,,,,2009,41,0
F,1,1,41,17/10/2009,SP,355030,São Paulo,,,,2009,41,0
M,3,27,42,21/10/2009,SP,355030,São Paulo,,,,2009,42,0
M,,6,41,11/10/2009,SP,355030,São Paulo,,,,2009,41,0
M,,41,40,06/10/2009,SP,355030,São Paulo,,,,2009,40,0
M,,37,40,04/10/2009,SP,355030,São Paulo,,,,2009,40,0
M,1,1,42,20/10/2009,SP,355030,São Paulo,,,,2009,42,0
F,1,12,42,19/10/2009,SP,355030,São Paulo,,,,2009,42,0
F,4,0,42,18/10/2009,SP,355030,São Paulo,,,,2009,42,0
M,1,73,40,06/10/2009,SP,355030,São Paulo,,,,2009,40,0
F,4,29,42,19/10/2009,SP,355030,São Paulo,,,,2009,42,0
M,9,3,41,12/10/2009,SP,355030,São Paulo,,,,2009,41,0
F,4,31,42,18/10/2009,SP,355030,São Paulo,,,,2009,42,0
F,1,2,38,20/09/2009,SP,355030,São Paulo,,,,2009,38,0
M,1,28,36,06/09/2009,SP,355030,São Paulo,,,,2009,36,0
F,1,21,39,28/09/2009,SP,355030,São Paulo,,,,2009,39,0
M,,0,41,16/10/2009,SP,355030,São Paulo,,,,2009,41,0
F,,4,41,15/10/2009,SP,355030,São Paulo,,,,2009,41,0
F,1,48,39,02/10/2009,SP,355030,São Paulo,,,,2009,39,0
F,4,12,40,04/10/2009,SP,355030,São Paulo,,,,2009,40,0
F,4,14,38,23/09/2009,SP,355030,São Paulo,,,,2009,38,0
M,1,51,41,12/10/2009,SP,355030,São Paulo,,,,2009,41,0
M,9,10,42,18/10/2009,SP,355030,São Paulo,,,,2009,42,0
M,4,7,42,18/10/2009,SP,355030,São Paulo,,,,2009,42,0
M,1,1,40,09/10/2009,SP,355030,São Paulo,,,,2009,40,0
F,1,2,40,06/10/2009,SP,355030,São Paulo,,,,2009,40,0
F,,0,39,02/10/2009,SP,355030,São Paulo,,,,2009,39,0
M,,0,39,03/10/2009,SP,355030,São Paulo,,,,2009,39,0
F,,0,40,05/10/2009,SP,355030,São Paulo,,,,2009,40,0
F,,3,40,05/10/2009,SP,355030,São Paulo,,,,2009,40,0
F,,0,39,29/09/2009,SP,355030,São Paulo,,,,2009,39,0
F,1,5,41,11/10/2009,SP,355030,São Paulo,,,,2009,41,0
M,1,1,41,15/10/2009,SP,355030,São Paulo,,,,2009,41,0
M,,1,41,12/10/2009,SP,355030,São Paulo,,,,2009,41,0
M,,2,41,13/10/2009,SP,355030,São Paulo,,,,2009,41,0
M,1,12,40,04/10/2009,SP,355030,São Paulo,,,,2009,40,0
F,1,0,41,16/10/2009,SP,355030,São Paulo,,,,2009,41,0
F,1,27,42,18/10/2009,SP,355030,São Paulo,,,,2009,42,0
M,,2,40,06/10/2009,SP,355030,São Paulo,,,,2009,40,0
F,1,0,40,10/10/2009,SP,355030,São Paulo,,,,2009,40,0
M,,4,40,06/10/2009,SP,355030,São Paulo,,,,2009,40,0
F,,0,40,04/10/2009,SP,355030,São Paulo,,,,2009,40,0
F,,1,40,04/10/2009,SP,355030,São Paulo,,,,2009,40,0
F,,1,37,17/09/2009,SP,355030,São Paulo,,,,2009,37,0
M,1,29,40,04/10/2009,SP,355030,São Paulo,,,,2009,40,0
F,,3,39,29/09/2009,SP,355030,São Paulo,,,,2009,39,0
F,,1,39,29/09/2009,SP,355030,São Paulo,,,,2009,39,0
F,,1,37,14/09/2009,SP,355030,São Paulo,,,,2009,37,0
M,,51,41,13/10/2009,SP,355030,São Paulo,,,,2009,41,0
M,1,0,41,16/10/2009,SP,355030,São Paulo,,,,2009,41,0
M,1,3,41,16/10/2009,SP,355030,São Paulo,,,,2009,41,0
M,9,7,38,26/09/2009,SP,355030,São Paulo,,,,2009,38,0
M,1,1,40,10/10/2009,SP,355030,São Paulo,,,,2009,40,0
F,9,6,40,08/10/2009,SP,355030,São Paulo,,,,2009,40,0
M,9,4,41,14/10/2009,SP,355030,São Paulo,,,,2009,41,0
M,9,61,41,12/10/2009,SP,355030,São Paulo,,,,2009,41,0
M,9,15,41,12/10/2009,SP,355030,São Paulo,,,,2009,41,0
F,1,9,41,11/10/2009,SP,355030,São Paulo,,,,2009,41,0
M,,1,41,14/10/2009,SP,355030,São Paulo,,,,2009,41,0
M,4,7,40,08/10/2009,SP,355030,São Paulo,,,,2009,40,0
F,,7,40,04/10/2009,SP,355030,São Paulo,,,,2009,40,0
M,1,13,40,09/10/2009,SP,355030,São Paulo,,,,2009,40,0
M,1,9,38,25/09/2009,SP,355030,São Paulo,,,,2009,38,0
F,1,13,37,16/09/2009,SP,355030,São Paulo,,,,2009,37,0
F,4,23,35,30/08/2009,SP,355030,São Paulo,,,,2009,35,0
M,1,0,41,12/10/2009,SP,355030,São Paulo,,,,2009,41,0
F,2,23,40,10/10/2009,SP,355030,São Paulo,,,,2009,40,0
F,1,2,41,13/10/2009,SP,355030,São Paulo,,,,2009,41,0
M,9,6,41,11/10/2009,SP,355030,São Paulo,,,,2009,41,0
M,,18,39,27/09/2009,SP,355030,São Paulo,,,,2009,39,0
F,,0,38,21/09/2009,SP,355030,São Paulo,,,,2009,38,0
M,3,39,35,04/09/2009,SP,355030,São Paulo,,,,2009,35,0
M,1,5,40,09/10/2009,SP,355030,São Paulo,,,,2009,40,0
M,1,23,40,09/10/2009,SP,355030,São Paulo,,,,2009,40,0
M,2,60,40,10/10/2009,SP,355030,São Paulo,,,,2009,40,0
M,4,18,40,08/10/2009,SP,355030,São Paulo,,,,2009,40,0
F,1,19,37,13/09/2009,SP,355030,São Paulo,,,,2009,37,0
F,9,55,40,05/10/2009,SP,355030,São Paulo,,,,2009,40,0
F,1,17,41,13/10/2009,SP,355030,São Paulo,,,,2009,41,0
M,1,52,40,09/10/2009,SP,355030,São Paulo,,,,2009,40,0
M,1,5,40,07/10/2009,SP,355030,São Paulo,,,,2009,40,0
F,1,3,40,10/10/2009,SP,355030,São Paulo,,,,2009,40,0
M,9,23,39,01/10/2009,SP,355030,São Paulo,,,,2009,39,0
F,1,70,40,05/10/2009,SP,355030,São Paulo,,,,2009,40,0
F,1,43,41,11/10/2009,SP,355030,São Paulo,,,,2009,41,0
F,4,32,40,05/10/2009,SP,355030,São Paulo,,,,2009,40,0
F,1,19,38,22/09/2009,SP,355030,São Paulo,,,,2009,38,0
F,1,23,40,06/10/2009,SP,355030,São Paulo,,,,2009,40,0
F,4,7,39,02/10/2009,SP,355030,São Paulo,,,,2009,39,0
F,1,48,39,30/09/2009,SP,355030,São Paulo,,,,2009,39,0
M,9,2,40,06/10/2009,SP,355030,São Paulo,,,,2009,40,0
F,9,0,40,06/10/2009,SP,355030,São Paulo,,,,2009,40,0
M,1,25,38,26/09/2009,SP,355030,São Paulo,,,,2009,38,0
M,3,15,39,30/09/2009,SP,355030,São Paulo,,,,2009,39,0
M,9,40,40,07/10/2009,SP,355030,São Paulo,,,,2009,40,0
F,1,27,40,08/10/2009,SP,355030,São Paulo,,,,2009,40,0
F,1,16,40,06/10/2009,SP,355030,São Paulo,,,,2009,40,0
F,1,0,40,06/10/2009,SP,355030,São Paulo,,,,2009,40,0
M,4,14,39,02/10/2009,SP,355030,São Paulo,,,,2009,39,0
M,1,6,38,22/09/2009,SP,355030,São Paulo,,,,2009,38,0
M,1,23,39,03/10/2009,SP,355030,São Paulo,,,,2009,39,0
F,1,32,40,05/10/2009,SP,355030,São Paulo,,,,2009,40,0
M,4,12,40,05/10/2009,SP,355030,São Paulo,,,,2009,40,0
M,1,26,39,03/10/2009,SP,355030,São Paulo,,,,2009,39,0
F,,12,40,06/10/2009,SP,355030,São Paulo,,,,2009,40,0
M,1,0,40,06/10/2009,SP,355030,São Paulo,,,,2009,40,0
M,1,0,40,05/10/2009,SP,355030,São Paulo,,,,2009,40,0
M,2,11,39,01/10/2009,SP,355030,São Paulo,,,,2009,39,0
M,1,41,39,27/09/2009,SP,355030,São Paulo,,,,2009,39,0
M,9,0,37,19/09/2009,SP,355030,São Paulo,,,,2009,37,0
F,9,4,37,16/09/2009,SP,355030,São Paulo,,,,2009,37,0
F,1,0,38,23/09/2009,SP,355030,São Paulo,,,,2009,38,0
F,1,34,40,05/10/2009,SP,355030,São Paulo,,,,2009,40,0
F,9,19,39,27/09/2009,SP,355030,São Paulo,,,,2009,39,0
F,9,5,39,30/09/2009,SP,355030,São Paulo,,,,2009,39,0
F,9,13,39,02/10/2009,SP,355030,São Paulo,,,,2009,39,0
M,2,12,40,05/10/2009,SP,355030,São Paulo,,,,2009,40,0
F,4,18,39,01/10/2009,SP,355030,São Paulo,,,,2009,39,0
F,1,26,39,01/10/2009,SP,355030,São Paulo,,,,2009,39,0
F,1,7,37,14/09/2009,SP,355030,São Paulo,,,,2009,37,0
M,1,3,35,31/08/2009,SP,355030,São Paulo,,,,2009,35,0
F,1,13,39,03/10/2009,SP,355030,São Paulo,,,,2009,39,0
M,,16,39,03/10/2009,SP,355030,São Paulo,,,,2009,39,0
F,4,4,39,03/10/2009,SP,355030,São Paulo,,,,2009,39,0
F,4,8,39,03/10/2009,SP,355030,São Paulo,,,,2009,39,0
M,4,2,39,02/10/2009,SP,355030,São Paulo,,,,2009,39,0
F,9,1,39,28/09/2009,SP,355030,São Paulo,,,,2009,39,0
M,9,0,39,30/09/2009,SP,355030,São Paulo,,,,2009,39,0
F,1,0,39,30/09/2009,SP,355030,São Paulo,,,,2009,39,0
M,1,31,39,02/10/2009,SP,355030,São Paulo,,,,2009,39,0
F,9,55,38,22/09/2009,SP,355030,São Paulo,,,,2009,38,0
M,4,7,38,22/09/2009,SP,355030,São Paulo,,,,2009,38,0
M,4,24,39,02/10/2009,SP,355030,São Paulo,,,,2009,39,0
M,1,0,38,24/09/2009,SP,355030,São Paulo,,,,2009,38,0
F,9,13,39,28/09/2009,SP,355030,São Paulo,,,,2009,39,0
F,1,22,39,29/09/2009,SP,355030,São Paulo,,,,2009,39,0
M,1,6,37,15/09/2009,SP,355030,São Paulo,,,,2009,37,0
F,1,27,38,23/09/2009,SP,355030,São Paulo,,,,2009,38,0
F,9,2,39,27/09/2009,SP,355030,São Paulo,,,,2009,39,0
M,9,34,39,27/09/2009,SP,355030,São Paulo,,,,2009,39,0
M,1,13,38,26/09/2009,SP,355030,São Paulo,,,,2009,38,0
M,1,35,35,01/09/2009,SP,355030,São Paulo,,,,2009,35,0
F,1,13,37,15/09/2009,SP,355030,São Paulo,,,,2009,37,0
F,1,43,39,28/09/2009,SP,355030,São Paulo,,,,2009,39,0
M,1,15,39,27/09/2009,SP,355030,São Paulo,,,,2009,39,0
F,1,35,39,29/09/2009,SP,355030,São Paulo,,,,2009,39,0
F,1,10,36,07/09/2009,SP,355030,São Paulo,,,,2009,36,0
F,1,28,35,30/08/2009,SP,355030,São Paulo,,,,2009,35,0
M,4,20,37,19/09/2009,SP,355030,São Paulo,,,,2009,37,0
F,1,38,39,30/09/2009,SP,355030,São Paulo,,,,2009,39,0
M,9,10,36,07/09/2009,SP,355030,São Paulo,,,,2009,36,0
F,4,20,39,28/09/2009,SP,355030,São Paulo,,,,2009,39,0
F,4,8,38,25/09/2009,SP,355030,São Paulo,,,,2009,38,0
F,9,7,38,21/09/2009,SP,355030,São Paulo,,,,2009,38,0
F,1,54,36,12/09/2009,SP,355030,São Paulo,,,,2009,36,0
M,1,35,38,22/09/2009,SP,355030,São Paulo,,,,2009,38,0
M,1,10,39,29/09/2009,SP,355030,São Paulo,,,,2009,39,0
F,1,21,39,28/09/2009,SP,355030,São Paulo,,,,2009,39,0
M,4,0,38,26/09/2009,SP,355030,São Paulo,,,,2009,38,0
F,9,0,37,17/09/2009,SP,355030,São Paulo,,,,2009,37,0
F,9,1,38,25/09/2009,SP,355030,São Paulo,,,,2009,38,0
M,9,0,36,08/09/2009,SP,355030,São Paulo,,,,2009,36,0
M,9,17,38,25/09/2009,SP,355030,São Paulo,,,,2009,38,0
M,9,0,37,19/09/2009,SP,355030,São Paulo,,,,2009,37,0
M,9,8,37,18/09/2009,SP,355030,São Paulo,,,,2009,37,0
F,1,53,38,21/09/2009,SP,355030,São Paulo,,,,2009,38,0
M,9,12,38,20/09/2009,SP,355030,São Paulo,,,,2009,38,0
F,2,26,32,12/08/2009,SP,355030,São Paulo,,,,2009,32,0
F,4,38,37,17/09/2009,SP,355030,São Paulo,,,,2009,37,0
M,1,48,38,25/09/2009,SP,355030,São Paulo,,,,2009,38,0
M,1,0,38,25/09/2009,SP,355030,São Paulo,,,,2009,38,0
M,4,5,38,25/09/2009,SP,355030,São Paulo,,,,2009,38,0
M,9,3,38,22/09/2009,SP,355030,São Paulo,,,,2009,38,0
M,9,8,38,20/09/2009,SP,355030,São Paulo,,,,2009,38,0
F,2,28,38,24/09/2009,SP,355030,São Paulo,,,,2009,38,0
M,3,39,38,20/09/2009,SP,355030,São Paulo,,,,2009,38,0
M,,71,37,19/09/2009,SP,355030,São Paulo,,,,2009,37,0
M,,49,38,24/09/2009,SP,355030,São Paulo,,,,2009,38,0
F,,26,38,20/09/2009,SP,355030,São Paulo,,,,2009,38,0
M,9,39,36,07/09/2009,SP,355030,São Paulo,,,,2009,36,0
F,,4,38,25/09/2009,SP,355030,São Paulo,,,,2009,38,0
F,1,7,38,22/09/2009,SP,355030,São Paulo,,,,2009,38,0
M,1,8,39,27/09/2009,SP,355030,São Paulo,,,,2009,39,0
M,4,10,37,17/09/2009,SP,355030,São Paulo,,,,2009,37,0
M,1,47,38,24/09/2009,SP,355030,São Paulo,,,,2009,38,0
M,1,31,38,23/09/2009,SP,355030,São Paulo,,,,2009,38,0
F,4,26,36,12/09/2009,SP,355030,São Paulo,,,,2009,36,0
F,9,6,36,11/09/2009,SP,355030,São Paulo,,,,2009,36,0
M,1,6,38,26/09/2009,SP,355030,São Paulo,,,,2009,38,0
F,1,3,38,25/09/2009,SP,355030,São Paulo,,,,2009,38,0
F,1,23,38,25/09/2009,SP,355030,São Paulo,,,,2009,38,0
F,1,8,36,11/09/2009,SP,355030,São Paulo,,,,2009,36,0
M,2,0,38,26/09/2009,SP,355030,São Paulo,,,,2009,38,0
M,,0,38,21/09/2009,SP,355030,São Paulo,,,,2009,38,0
F,1,2,32,14/08/2009,SP,355030,São Paulo,,,,2009,32,0
M,2,14,35,01/09/2009,SP,355030,São Paulo,,,,2009,35,0
M,1,0,37,13/09/2009,SP,355030,São Paulo,,,,2009,37,0
F,1,42,38,25/09/2009,SP,355030,São Paulo,,,,2009,38,0
F,9,22,37,13/09/2009,SP,355030,São Paulo,,,,2009,37,0
M,1,0,35,03/09/2009,SP,355030,São Paulo,,,,2009,35,0
F,1,0,38,25/09/2009,SP,355030,São Paulo,,,,2009,38,0
F,1,5,37,18/09/2009,SP,355030,São Paulo,,,,2009,37,0
M,4,22,38,24/09/2009,SP,355030,São Paulo,,,,2009,38,0
F,1,7,38,24/09/2009,SP,355030,São Paulo,,,,2009,38,0
M,1,12,35,31/08/2009,SP,355030,São Paulo,,,,2009,35,0
M,1,12,38,21/09/2009,SP,355030,São Paulo,,,,2009,38,0
F,,1,37,17/09/2009,SP,355030,São Paulo,,,,2009,37,0
F,1,8,38,23/09/2009,SP,355030,São Paulo,,,,2009,38,0
F,2,23,30,27/07/2009,SP,355030,São Paulo,,,,2009,30,0
F,1,21,38,20/09/2009,SP,355030,São Paulo,,,,2009,38,0
M,9,3,38,23/09/2009,SP,355030,São Paulo,,,,2009,38,0
M,9,41,37,19/09/2009,SP,355030,São Paulo,,,,2009,37,0
M,1,7,35,05/09/2009,SP,355030,São Paulo,,,,2009,35,0
M,9,34,37,15/09/2009,SP,355030,São Paulo,,,,2009,37,0
M,9,25,38,21/09/2009,SP,355030,São Paulo,,,,2009,38,0
F,9,53,38,20/09/2009,SP,355030,São Paulo,,,,2009,38,0
F,9,54,38,24/09/2009,SP,355030,São Paulo,,,,2009,38,0
M,1,0,38,22/09/2009,SP,355030,São Paulo,,,,2009,38,0
F,4,20,38,20/09/2009,SP,355030,São Paulo,,,,2009,38,0
F,1,36,35,01/09/2009,SP,355030,São Paulo,,,,2009,35,0
M,1,32,37,18/09/2009,SP,355030,São Paulo,,,,2009,37,0
F,2,10,37,18/09/2009,SP,355030,São Paulo,,,,2009,37,0
F,1,1,38,20/09/2009,SP,355030,São Paulo,,,,2009,38,0
F,9,0,36,07/09/2009,SP,355030,São Paulo,,,,2009,36,0
F,1,68,35,05/09/2009,SP,355030,São Paulo,,,,2009,35,0
F,4,60,37,17/09/2009,SP,355030,São Paulo,,,,2009,37,0
F,1,43,36,11/09/2009,SP,355030,São Paulo,,,,2009,36,0
F,1,13,37,17/09/2009,SP,355030,São Paulo,,,,2009,37,0
F,1,20,38,21/09/2009,SP,355030,São Paulo,,,,2009,38,0
F,4,51,37,17/09/2009,SP,355030,São Paulo,,,,2009,37,0
F,1,0,37,13/09/2009,SP,355030,São Paulo,,,,2009,37,0
F,1,15,36,08/09/2009,SP,355030,São Paulo,,,,2009,36,0
F,1,25,35,02/09/2009,SP,355030,São Paulo,,,,2009,35,0
M,2,8,38,21/09/2009,SP,355030,São Paulo,,,,2009,38,0
M,1,40,35,03/09/2009,SP,355030,São Paulo,,,,2009,35,0
F,4,45,36,06/09/2009,SP,355030,São Paulo,,,,2009,36,0
F,9,21,37,19/09/2009,SP,355030,São Paulo,,,,2009,37,0
F,1,9,37,19/09/2009,SP,355030,São Paulo,,,,2009,37,0
M,9,2,38,21/09/2009,SP,355030,São Paulo,,,,2009,38,0
M,1,33,37,19/09/2009,SP,355030,São Paulo,,,,2009,37,0
F,,9,38,20/09/2009,SP,355030,São Paulo,,,,2009,38,0
M,1,0,37,15/09/2009,SP,355030,São Paulo,,,,2009,37,0
F,1,47,37,19/09/2009,SP,355030,São Paulo,,,,2009,37,0
M,9,0,38,22/09/2009,SP,355030,São Paulo,,,,2009,38,0
F,1,5,37,19/09/2009,SP,355030,São Paulo,,,,2009,37,0
F,4,0,37,15/09/2009,SP,355030,São Paulo,,,,2009,37,0
M,1,9,37,15/09/2009,SP,355030,São Paulo,,,,2009,37,0
F,1,12,37,15/09/2009,SP,355030,São Paulo,,,,2009,37,0
F,1,25,33,16/08/2009,SP,355030,São Paulo,,,,2009,33,0
F,1,10,37,19/09/2009,SP,355030,São Paulo,,,,2009,37,0
F,1,21,37,17/09/2009,SP,355030,São Paulo,,,,2009,37,0
F,1,24,37,19/09/2009,SP,355030,São Paulo,,,,2009,37,0
F,4,13,37,14/09/2009,SP,355030,São Paulo,,,,2009,37,0
F,1,11,37,19/09/2009,SP,355030,São Paulo,,,,2009,37,0
F,4,30,37,17/09/2009,SP,355030,São Paulo,,,,2009,37,0
F,1,20,37,16/09/2009,SP,355030,São Paulo,,,,2009,37,0
F,1,37,38,20/09/2009,SP,355030,São Paulo,,,,2009,38,0
M,,84,37,16/09/2009,SP,355030,São Paulo,,,,2009,37,0
F,3,12,37,18/09/2009,SP,355030,São Paulo,,,,2009,37,0
M,9,0,37,13/09/2009,SP,355030,São Paulo,,,,2009,37,0
M,3,23,36,07/09/2009,SP,355030,São Paulo,,,,2009,36,0
M,1,77,36,10/09/2009,SP,355030,São Paulo,,,,2009,36,0
M,9,8,36,11/09/2009,SP,355030,São Paulo,,,,2009,36,0
M,,13,37,14/09/2009,SP,355030,São Paulo,,,,2009,37,0
M,1,9,36,11/09/2009,SP,355030,São Paulo,,,,2009,36,0
M,,0,35,04/09/2009,SP,355030,São Paulo,,,,2009,35,0
M,1,0,37,14/09/2009,SP,355030,São Paulo,,,,2009,37,0
M,1,1,36,12/09/2009,SP,355030,São Paulo,,,,2009,36,0
F,1,21,37,16/09/2009,SP,355030,São Paulo,,,,2009,37,0
F,9,10,37,13/09/2009,SP,355030,São Paulo,,,,2009,37,0
F,4,26,32,10/08/2009,SP,355030,São Paulo,,,,2009,32,0
M,3,16,36,10/09/2009,SP,355030,São Paulo,,,,2009,36,0
F,1,23,36,08/09/2009,SP,355030,São Paulo,,,,2009,36,0
F,9,1,36,11/09/2009,SP,355030,São Paulo,,,,2009,36,0
M,1,4,36,06/09/2009,SP,355030,São Paulo,,,,2009,36,0
F,1,53,34,27/08/2009,SP,355030,São Paulo,,,,2009,34,0
F,9,39,36,06/09/2009,SP,355030,São Paulo,,,,2009,36,0
F,9,3,37,13/09/2009,SP,355030,São Paulo,,,,2009,37,0
F,4,16,37,13/09/2009,SP,355030,São Paulo,,,,2009,37,0
M,4,23,35,01/09/2009,SP,355030,São Paulo,,,,2009,35,0
F,4,26,36,07/09/2009,SP,355030,São Paulo,,,,2009,36,0
M,1,36,37,16/09/2009,SP,355030,São Paulo,,,,2009,37,0
M,1,79,35,02/09/2009,SP,355030,São Paulo,,,,2009,35,0
F,1,8,36,06/09/2009,SP,355030,São Paulo,,,,2009,36,0
M,4,13,36,07/09/2009,SP,355030,São Paulo,,,,2009,36,0
F,,29,36,10/09/2009,SP,355030,São Paulo,,,,2009,36,0
M,4,6,37,13/09/2009,SP,355030,São Paulo,,,,2009,37,0
F,1,2,35,31/08/2009,SP,355030,São Paulo,,,,2009,35,0
M,4,15,37,14/09/2009,SP,355030,São Paulo,,,,2009,37,0
F,1,0,37,15/09/2009,SP,355030,São Paulo,,,,2009,37,0
M,4,13,35,31/08/2009,SP,355030,São Paulo,,,,2009,35,0
M,1,14,36,09/09/2009,SP,355030,São Paulo,,,,2009,36,0
F,9,46,36,10/09/2009,SP,355030,São Paulo,,,,2009,36,0
F,1,54,37,13/09/2009,SP,355030,São Paulo,,,,2009,37,0
M,1,1,36,08/09/2009,SP,355030,São Paulo,,,,2009,36,0
M,9,23,36,10/09/2009,SP,355030,São Paulo,,,,2009,36,0
M,9,6,36,08/09/2009,SP,355030,São Paulo,,,,2009,36,0
F,9,28,36,09/09/2009,SP,355030,São Paulo,,,,2009,36,0
F,4,8,36,08/09/2009,SP,355030,São Paulo,,,,2009,36,0
M,9,25,36,12/09/2009,SP,355030,São Paulo,,,,2009,36,0
M,1,8,37,13/09/2009,SP,355030,São Paulo,,,,2009,37,0
M,4,5,35,02/09/2009,SP,355030,São Paulo,,,,2009,35,0
M,1,18,36,07/09/2009,SP,355030,São Paulo,,,,2009,36,0
M,1,61,36,10/09/2009,SP,355030,São Paulo,,,,2009,36,0
F,1,25,36,10/09/2009,SP,355030,São Paulo,,,,2009,36,0
M,1,9,36,10/09/2009,SP,355030,São Paulo,,,,2009,36,0
M,1,6,36,10/09/2009,SP,355030,São Paulo,,,,2009,36,0
F,2,1,36,08/09/2009,SP,355030,São Paulo,,,,2009,36,0
F,4,22,36,12/09/2009,SP,355030,São Paulo,,,,2009,36,0
M,4,0,36,11/09/2009,SP,355030,São Paulo,,,,2009,36,0
F,9,1,36,07/09/2009,SP,355030,São Paulo,,,,2009,36,0
F,1,2,36,12/09/2009,SP,355030,São Paulo,,,,2009,36,0
M,9,2,36,09/09/2009,SP,355030,São Paulo,,,,2009,36,0
M,9,13,36,11/09/2009,SP,355030,São Paulo,,,,2009,36,0
M,1,16,37,14/09/2009,SP,355030,São Paulo,,,,2009,37,0
F,1,1,36,06/09/2009,SP,355030,São Paulo,,,,2009,36,0
M,1,41,36,10/09/2009,SP,355030,São Paulo,,,,2009,36,0
M,1,25,36,11/09/2009,SP,355030,São Paulo,,,,2009,36,0
F,1,17,37,14/09/2009,SP,355030,São Paulo,,,,2009,37,0
F,1,23,34,29/08/2009,SP,355030,São Paulo,,,,2009,34,0
F,1,35,36,09/09/2009,SP,355030,São Paulo,,,,2009,36,0
F,1,38,37,13/09/2009,SP,355030,São Paulo,,,,2009,37,0
M,1,48,36,11/09/2009,SP,355030,São Paulo,,,,2009,36,0
M,1,0,36,12/09/2009,SP,355030,São Paulo,,,,2009,36,0
M,4,4,36,11/09/2009,SP,355030,São Paulo,,,,2009,36,0
M,9,14,36,07/09/2009,SP,355030,São Paulo,,,,2009,36,0
F,1,7,36,09/09/2009,SP,355030,São Paulo,,,,2009,36,0
M,1,5,35,02/09/2009,SP,355030,São Paulo,,,,2009,35,0
F,,10,36,07/09/2009,SP,355030,São Paulo,,,,2009,36,0
M,1,8,36,07/09/2009,SP,355030,São Paulo,,,,2009,36,0
F,1,36,35,04/09/2009,SP,355030,São Paulo,,,,2009,35,0
M,4,6,36,12/09/2009,SP,355030,São Paulo,,,,2009,36,0
F,4,32,36,08/09/2009,SP,355030,São Paulo,,,,2009,36,0
M,1,41,36,09/09/2009,SP,355030,São Paulo,,,,2009,36,0
M,1,4,36,10/09/2009,SP,355030,São Paulo,,,,2009,36,0
F,1,2,36,11/09/2009,SP,355030,São Paulo,,,,2009,36,0
F,2,0,36,10/09/2009,SP,355030,São Paulo,,,,2009,36,0
F,1,15,36,12/09/2009,SP,355030,São Paulo,,,,2009,36,0
F,1,18,36,11/09/2009,SP,355030,São Paulo,,,,2009,36,0
F,1,48,36,09/09/2009,SP,355030,São Paulo,,,,2009,36,0
M,1,7,36,06/09/2009,SP,355030,São Paulo,,,,2009,36,0
M,4,0,36,06/09/2009,SP,355030,São Paulo,,,,2009,36,0
M,9,1,36,10/09/2009,SP,355030,São Paulo,,,,2009,36,0
F,1,36,36,06/09/2009,SP,355030,São Paulo,,,,2009,36,0
F,4,1,36,10/09/2009,SP,355030,São Paulo,,,,2009,36,0
M,1,1,36,10/09/2009,SP,355030,São Paulo,,,,2009,36,0
F,9,5,35,05/09/2009,SP,355030,São Paulo,,,,2009,35,0
F,1,47,35,04/09/2009,SP,355030,São Paulo,,,,2009,35,0
F,1,0,35,05/09/2009,SP,355030,São Paulo,,,,2009,35,0
M,4,0,35,04/09/2009,SP,355030,São Paulo,,,,2009,35,0
F,1,13,35,03/09/2009,SP,355030,São Paulo,,,,2009,35,0
M,9,6,36,09/09/2009,SP,355030,São Paulo,,,,2009,36,0
M,9,0,35,02/09/2009,SP,355030,São Paulo,,,,2009,35,0
M,1,14,36,08/09/2009,SP,355030,São Paulo,,,,2009,36,0
F,1,38,35,05/09/2009,SP,355030,São Paulo,,,,2009,35,0
M,9,1,32,11/08/2009,SP,355030,São Paulo,,,,2009,32,0
M,4,2,36,07/09/2009,SP,355030,São Paulo,,,,2009,36,0
F,1,6,35,04/09/2009,SP,355030,São Paulo,,,,2009,35,0
M,1,1,36,07/09/2009,SP,355030,São Paulo,,,,2009,36,0
M,9,59,35,04/09/2009,SP,355030,São Paulo,,,,2009,35,0
F,3,1,36,07/09/2009,SP,355030,São Paulo,,,,2009,36,0
M,1,0,36,08/09/2009,SP,355030,São Paulo,,,,2009,36,0
F,1,60,35,05/09/2009,SP,355030,São Paulo,,,,2009,35,0
F,2,33,36,06/09/2009,SP,355030,São Paulo,,,,2009,36,0
F,9,0,35,04/09/2009,SP,355030,São Paulo,,,,2009,35,0
M,4,11,35,05/09/2009,SP,355030,São Paulo,,,,2009,35,0
M,1,28,34,25/08/2009,SP,355030,São Paulo,,,,2009,34,0
F,1,54,33,17/08/2009,SP,355030,São Paulo,,,,2009,33,0
M,1,5,36,07/09/2009,SP,355030,São Paulo,,,,2009,36,0
F,2,21,35,03/09/2009,SP,355030,São Paulo,,,,2009,35,0
F,9,16,36,08/09/2009,SP,355030,São Paulo,,,,2009,36,0
F,1,0,35,05/09/2009,SP,355030,São Paulo,,,,2009,35,0
F,9,1,35,02/09/2009,SP,355030,São Paulo,,,,2009,35,0
M,9,1,35,30/08/2009,SP,355030,São Paulo,,,,2009,35,0
M,9,0,35,01/09/2009,SP,355030,São Paulo,,,,2009,35,0
F,9,4,35,01/09/2009,SP,355030,São Paulo,,,,2009,35,0
F,9,0,36,09/09/2009,SP,355030,São Paulo,,,,2009,36,0
F,1,1,35,31/08/2009,SP,355030,São Paulo,,,,2009,35,0
M,9,3,35,04/09/2009,SP,355030,São Paulo,,,,2009,35,0
M,9,10,35,05/09/2009,SP,355030,São Paulo,,,,2009,35,0
F,9,2,35,05/09/2009,SP,355030,São Paulo,,,,2009,35,0
M,1,57,35,04/09/2009,SP,355030,São Paulo,,,,2009,35,0
F,9,1,36,06/09/2009,SP,355030,São Paulo,,,,2009,36,0
M,1,49,35,31/08/2009,SP,355030,São Paulo,,,,2009,35,0
M,1,12,36,06/09/2009,SP,355030,São Paulo,,,,2009,36,0
M,1,6,35,01/09/2009,SP,355030,São Paulo,,,,2009,35,0
F,1,6,35,03/09/2009,SP,355030,São Paulo,,,,2009,35,0
F,1,6,35,30/08/2009,SP,355030,São Paulo,,,,2009,35,0
M,,12,35,04/09/2009,SP,355030,São Paulo,,,,2009,35,0
F,9,5,35,04/09/2009,SP,355030,São Paulo,,,,2009,35,0
M,4,5,35,04/09/2009,SP,355030,São Paulo,,,,2009,35,0
M,1,0,36,07/09/2009,SP,355030,São Paulo,,,,2009,36,0
F,1,57,35,02/09/2009,SP,355030,São Paulo,,,,2009,35,0
M,9,9,35,01/09/2009,SP,355030,São Paulo,,,,2009,35,0
M,4,1,35,03/09/2009,SP,355030,São Paulo,,,,2009,35,0
F,4,21,35,02/09/2009,SP,355030,São Paulo,,,,2009,35,0
F,9,23,35,05/09/2009,SP,355030,São Paulo,,,,2009,35,0
F,9,17,35,05/09/2009,SP,355030,São Paulo,,,,2009,35,0
F,9,6,35,02/09/2009,SP,355030,São Paulo,,,,2009,35,0
F,1,21,35,02/09/2009,SP,355030,São Paulo,,,,2009,35,0
M,2,12,35,03/09/2009,SP,355030,São Paulo,,,,2009,35,0
F,1,27,35,04/09/2009,SP,355030,São Paulo,,,,2009,35,0
F,1,1,35,03/09/2009,SP,355030,São Paulo,,,,2009,35,0
M,5,1,35,01/09/2009,SP,355030,São Paulo,,,,2009,35,0
F,1,3,35,04/09/2009,SP,355030,São Paulo,,,,2009,35,0
F,9,22,35,03/09/2009,SP,355030,São Paulo,,,,2009,35,0
M,9,0,36,06/09/2009,SP,355030,São Paulo,,,,2009,36,0
F,1,12,36,06/09/2009,SP,355030,São Paulo,,,,2009,36,0
F,1,8,35,31/08/2009,SP,355030,São Paulo,,,,2009,35,0
F,4,44,34,27/08/2009,SP,355030,São Paulo,,,,2009,34,0
F,3,18,34,29/08/2009,SP,355030,São Paulo,,,,2009,34,0
M,1,12,36,08/09/2009,SP,355030,São Paulo,,,,2009,36,0
M,9,0,35,30/08/2009,SP,355030,São Paulo,,,,2009,35,0
M,9,4,34,28/08/2009,SP,355030,São Paulo,,,,2009,34,0
M,9,4,35,01/09/2009,SP,355030,São Paulo,,,,2009,35,0
F,9,2,35,30/08/2009,SP,355030,São Paulo,,,,2009,35,0
M,1,68,35,03/09/2009,SP,355030,São Paulo,,,,2009,35,0
F,1,0,35,03/09/2009,SP,355030,São Paulo,,,,2009,35,0
I,9,10,35,05/09/2009,SP,355030,São Paulo,,,,2009,35,0
F,1,11,36,06/09/2009,SP,355030,São Paulo,,,,2009,36,0
M,1,8,35,03/09/2009,SP,355030,São Paulo,,,,2009,35,0
F,3,44,35,05/09/2009,SP,355030,São Paulo,,,,2009,35,0
M,1,1,36,07/09/2009,SP,355030,São Paulo,,,,2009,36,0
F,9,16,35,03/09/2009,SP,355030,São Paulo,,,,2009,35,0
M,1,43,35,04/09/2009,SP,355030,São Paulo,,,,2009,35,0
F,1,6,35,02/09/2009,SP,355030,São Paulo,,,,2009,35,0
F,9,4,35,02/09/2009,SP,355030,São Paulo,,,,2009,35,0
F,1,10,35,02/09/2009,SP,355030,São Paulo,,,,2009,35,0
M,1,8,35,02/09/2009,SP,355030,São Paulo,,,,2009,35,0
F,9,50,35,01/09/2009,SP,355030,São Paulo,,,,2009,35,0
M,4,41,35,04/09/2009,SP,355030,São Paulo,,,,2009,35,0
F,1,12,35,01/09/2009,SP,355030,São Paulo,,,,2009,35,0
M,1,6,35,30/08/2009,SP,355030,São Paulo,,,,2009,35,0
M,1,4,35,01/09/2009,SP,355030,São Paulo,,,,2009,35,0
M,1,6,35,30/08/2009,SP,355030,São Paulo,,,,2009,35,0
F,9,34,35,31/08/2009,SP,355030,São Paulo,,,,2009,35,0
F,1,17,35,01/09/2009,SP,355030,São Paulo,,,,2009,35,0
M,9,5,35,30/08/2009,SP,355030,São Paulo,,,,2009,35,0
F,9,11,36,06/09/2009,SP,355030,São Paulo,,,,2009,36,0
M,1,12,35,04/09/2009,SP,355030,São Paulo,,,,2009,35,0
F,3,23,35,30/08/2009,SP,355030,São Paulo,,,,2009,35,0
M,1,0,36,06/09/2009,SP,355030,São Paulo,,,,2009,36,0
F,4,64,35,01/09/2009,SP,355030,São Paulo,,,,2009,35,0
F,1,0,35,31/08/2009,SP,355030,São Paulo,,,,2009,35,0
F,1,1,35,05/09/2009,SP,355030,São Paulo,,,,2009,35,0
M,4,17,35,02/09/2009,SP,355030,São Paulo,,,,2009,35,0
F,1,10,35,30/08/2009,SP,355030,São Paulo,,,,2009,35,0
F,1,23,35,01/09/2009,SP,355030,São Paulo,,,,2009,35,0
F,4,52,35,04/09/2009,SP,355030,São Paulo,,,,2009,35,0
F,9,46,35,31/08/2009,SP,355030,São Paulo,,,,2009,35,0
M,4,12,36,06/09/2009,SP,355030,São Paulo,,,,2009,36,0
M,,6,36,06/09/2009,SP,355030,São Paulo,,,,2009,36,0
M,,11,35,05/09/2009,SP,355030,São Paulo,,,,2009,35,0
M,1,3,35,04/09/2009,SP,355030,São Paulo,,,,2009,35,0
M,1,10,35,03/09/2009,SP,355030,São Paulo,,,,2009,35,0
F,1,29,34,28/08/2009,SP,355030,São Paulo,,,,2009,34,0
M,4,0,35,04/09/2009,SP,355030,São Paulo,,,,2009,35,0
M,9,2,35,05/09/2009,SP,355030,São Paulo,,,,2009,35,0
F,1,15,35,02/09/2009,SP,355030,São Paulo,,,,2009,35,0
M,1,11,35,03/09/2009,SP,355030,São Paulo,,,,2009,35,0
F,1,0,35,01/09/2009,SP,355030,São Paulo,,,,2009,35,0
M,1,59,35,31/08/2009,SP,355030,São Paulo,,,,2009,35,0
M,1,73,35,01/09/2009,SP,355030,São Paulo,,,,2009,35,0
F,1,33,35,03/09/2009,SP,355030,São Paulo,,,,2009,35,0
F,4,0,35,03/09/2009,SP,355030,São Paulo,,,,2009,35,0
M,9,0,35,02/09/2009,SP,355030,São Paulo,,,,2009,35,0
F,3,59,34,24/08/2009,SP,355030,São Paulo,,,,2009,34,0
M,1,30,35,01/09/2009,SP,355030,São Paulo,,,,2009,35,0
F,1,28,35,02/09/2009,SP,355030,São Paulo,,,,2009,35,0
F,4,20,35,02/09/2009,SP,355030,São Paulo,,,,2009,35,0
F,1,20,35,30/08/2009,SP,355030,São Paulo,,,,2009,35,0
M,,0,35,02/09/2009,SP,355030,São Paulo,,,,2009,35,0
M,1,38,35,02/09/2009,SP,355030,São Paulo,,,,2009,35,0
M,1,8,35,31/08/2009,SP,355030,São Paulo,,,,2009,35,0
F,9,34,35,30/08/2009,SP,355030,São Paulo,,,,2009,35,0
M,9,60,35,30/08/2009,SP,355030,São Paulo,,,,2009,35,0
F,1,25,35,02/09/2009,SP,355030,São Paulo,,,,2009,35,0
F,4,5,35,30/08/2009,SP,355030,São Paulo,,,,2009,35,0
M,1,6,35,01/09/2009,SP,355030,São Paulo,,,,2009,35,0
F,9,47,35,30/08/2009,SP,355030,São Paulo,,,,2009,35,0
F,1,2,35,02/09/2009,SP,355030,São Paulo,,,,2009,35,0
F,4,12,35,02/09/2009,SP,355030,São Paulo,,,,2009,35,0
M,1,9,34,26/08/2009,SP,355030,São Paulo,,,,2009,34,0
M,1,37,35,02/09/2009,SP,355030,São Paulo,,,,2009,35,0
F,1,2,35,31/08/2009,SP,355030,São Paulo,,,,2009,35,0
M,9,7,35,31/08/2009,SP,355030,São Paulo,,,,2009,35,0
M,9,5,34,29/08/2009,SP,355030,São Paulo,,,,2009,34,0
F,1,18,35,31/08/2009,SP,355030,São Paulo,,,,2009,35,0
F,4,33,34,29/08/2009,SP,355030,São Paulo,,,,2009,34,0
M,1,20,35,01/09/2009,SP,355030,São Paulo,,,,2009,35,0
F,1,24,35,02/09/2009,SP,355030,São Paulo,,,,2009,35,0
F,1,37,34,25/08/2009,SP,355030,São Paulo,,,,2009,34,0
F,1,6,35,02/09/2009,SP,355030,São Paulo,,,,2009,35,0
F,1,25,35,02/09/2009,SP,355030,São Paulo,,,,2009,35,0
M,1,9,35,01/09/2009,SP,355030,São Paulo,,,,2009,35,0
F,9,13,35,31/08/2009,SP,355030,São Paulo,,,,2009,35,0
M,9,5,35,31/08/2009,SP,355030,São Paulo,,,,2009,35,0
F,1,17,34,28/08/2009,SP,355030,São Paulo,,,,2009,34,0
F,1,35,35,01/09/2009,SP,355030,São Paulo,,,,2009,35,0
M,9,7,35,31/08/2009,SP,355030,São Paulo,,,,2009,35,0
M,2,20,34,29/08/2009,SP,355030,São Paulo,,,,2009,34,0
F,2,53,34,28/08/2009,SP,355030,São Paulo,,,,2009,34,0
F,4,7,35,30/08/2009,SP,355030,São Paulo,,,,2009,35,0
F,1,3,35,31/08/2009,SP,355030,São Paulo,,,,2009,35,0
F,1,6,35,31/08/2009,SP,355030,São Paulo,,,,2009,35,0
M,1,12,35,31/08/2009,SP,355030,São Paulo,,,,2009,35,0
M,2,12,35,30/08/2009,SP,355030,São Paulo,,,,2009,35,0
M,9,1,35,01/09/2009,SP,355030,São Paulo,,,,2009,35,0
F,1,25,34,28/08/2009,SP,355030,São Paulo,,,,2009,34,0
F,1,9,35,31/08/2009,SP,355030,São Paulo,,,,2009,35,0
M,4,0,34,29/08/2009,SP,355030,São Paulo,,,,2009,34,0
M,4,9,34,25/08/2009,SP,355030,São Paulo,,,,2009,34,0
M,1,14,35,01/09/2009,SP,355030,São Paulo,,,,2009,35,0
F,1,21,35,31/08/2009,SP,355030,São Paulo,,,,2009,35,0
F,,3,34,27/08/2009,SP,355030,São Paulo,,,,2009,34,0
M,,4,35,31/08/2009,SP,355030,São Paulo,,,,2009,35,0
M,,10,35,31/08/2009,SP,355030,São Paulo,,,,2009,35,0
M,,0,35,31/08/2009,SP,355030,São Paulo,,,,2009,35,0
F,,0,34,29/08/2009,SP,355030,São Paulo,,,,2009,34,0
F,9,0,34,29/08/2009,SP,355030,São Paulo,,,,2009,34,0
M,,0,35,30/08/2009,SP,355030,São Paulo,,,,2009,35,0
M,9,8,35,30/08/2009,SP,355030,São Paulo,,,,2009,35,0
F,4,2,35,30/08/2009,SP,355030,São Paulo,,,,2009,35,0
F,4,8,34,28/08/2009,SP,355030,São Paulo,,,,2009,34,0
F,9,27,21,28/05/2009,SP,355030,São Paulo,,,,2009,21,0
F,1,7,35,30/08/2009,SP,355030,São Paulo,,,,2009,35,0
F,1,14,35,30/08/2009,SP,355030,São Paulo,,,,2009,35,0
M,2,12,34,29/08/2009,SP,355030,São Paulo,,,,2009,34,0
M,9,1,35,31/08/2009,SP,355030,São Paulo,,,,2009,35,0
F,1,6,35,31/08/2009,SP,355030,São Paulo,,,,2009,35,0
F,,25,37,19/09/2009,SP,355030,São Paulo,,,,2009,37,0
F,1,26,37,15/09/2009,SP,355030,São Paulo,,,,2009,37,0
F,1,28,48,01/12/2009,SP,355030,São Paulo,,,,2009,48,0
F,1,62,49,12/12/2009,SP,355030,São Paulo,,,,2009,49,0
M,1,0,51,22/12/2009,SP,355030,São Paulo,,,,2009,51,0
F,1,52,49,11/12/2009,SP,355030,São Paulo,,,,2009,49,0
M,1,34,51,24/12/2009,SP,355030,São Paulo,,,,2009,51,0
M,9,0,49,07/12/2009,SP,355030,São Paulo,,,,2009,49,0
M,3,6,51,25/12/2009,SP,355030,São Paulo,,,,2009,51,0
M,9,1,51,25/12/2009,SP,355030,São Paulo,,,,2009,51,0
F,9,3,45,08/11/2009,SP,355030,São Paulo,,,,2009,45,0
M,1,70,41,17/10/2009,SP,355030,São Paulo,,,,2009,41,0
F,4,20,45,09/11/2009,SP,355030,São Paulo,,,,2009,45,0
F,4,1,50,18/12/2009,SP,355030,São Paulo,,,,2009,50,0
F,9,6,50,16/12/2009,SP,355030,São Paulo,,,,2009,50,0
M,9,1,50,16/12/2009,SP,355030,São Paulo,,,,2009,50,0
M,1,42,49,09/12/2009,SP,355030,São Paulo,,,,2009,49,0
F,9,4,48,01/12/2009,SP,355030,São Paulo,,,,2009,48,0
F,9,2,49,07/12/2009,SP,355030,São Paulo,,,,2009,49,0
M,9,5,48,05/12/2009,SP,355030,São Paulo,,,,2009,48,0
M,1,6,48,01/12/2009,SP,355030,São Paulo,,,,2009,48,0
M,1,64,48,01/12/2009,SP,355030,São Paulo,,,,2009,48,0
M,9,0,48,02/12/2009,SP,355030,São Paulo,,,,2009,48,0
M,9,0,47,27/11/2009,SP,355030,São Paulo,,,,2009,47,0
M,4,0,47,26/11/2009,SP,355030,São Paulo,,,,2009,47,0
F,9,1,47,26/11/2009,SP,355030,São Paulo,,,,2009,47,0
F,9,0,47,28/11/2009,SP,355030,São Paulo,,,,2009,47,0
F,9,11,48,29/11/2009,SP,355030,São Paulo,,,,2009,48,0
F,4,56,47,22/11/2009,SP,355030,São Paulo,,,,2009,47,0
F,1,31,47,23/11/2009,SP,355030,São Paulo,,,,2009,47,0
F,9,0,46,20/11/2009,SP,355030,São Paulo,,,,2009,46,0
F,1,0,47,23/11/2009,SP,355030,São Paulo,,,,2009,47,0
F,1,0,46,16/11/2009,SP,355030,São Paulo,,,,2009,46,0
F,1,4,45,08/11/2009,SP,355030,São Paulo,,,,2009,45,0
F,1,4,46,16/11/2009,SP,355030,São Paulo,,,,2009,46,0
F,9,79,45,12/11/2009,SP,355030,São Paulo,,,,2009,45,0
F,9,2,46,18/11/2009,SP,355030,São Paulo,,,,2009,46,0
F,1,6,46,20/11/2009,SP,355030,São Paulo,,,,2009,46,0
F,9,27,46,21/11/2009,SP,355030,São Paulo,,,,2009,46,0
M,1,50,44,02/11/2009,SP,355030,São Paulo,,,,2009,44,0
F,9,32,46,19/11/2009,SP,355030,São Paulo,,,,2009,46,0
F,9,28,47,22/11/2009,SP,355030,São Paulo,,,,2009,47,0
F,1,8,46,15/11/2009,SP,355030,São Paulo,,,,2009,46,0
F,1,9,46,18/11/2009,SP,355030,São Paulo,,,,2009,46,0
F,9,62,44,07/11/2009,SP,355030,São Paulo,,,,2009,44,0
F,4,23,46,17/11/2009,SP,355030,São Paulo,,,,2009,46,0
F,1,61,45,11/11/2009,SP,355030,São Paulo,,,,2009,45,0
F,9,6,45,13/11/2009,SP,355030,São Paulo,,,,2009,45,0
M,9,3,45,11/11/2009,SP,355030,São Paulo,,,,2009,45,0
F,9,73,45,14/11/2009,SP,355030,São Paulo,,,,2009,45,0
M,2,51,45,12/11/2009,SP,355030,São Paulo,,,,2009,45,0
M,9,2,45,13/11/2009,SP,355030,São Paulo,,,,2009,45,0
M,9,0,45,12/11/2009,SP,355030,São Paulo,,,,2009,45,0
F,1,93,44,06/11/2009,SP,355030,São Paulo,,,,2009,44,0
M,9,69,44,07/11/2009,SP,355030,São Paulo,,,,2009,44,0
F,1,0,45,10/11/2009,SP,355030,São Paulo,,,,2009,45,0
F,3,58,43,25/10/2009,SP,355030,São Paulo,,,,2009,43,0
F,9,7,44,07/11/2009,SP,355030,São Paulo,,,,2009,44,0
F,9,0,42,23/10/2009,SP,355030,São Paulo,,,,2009,42,0
M,1,2,45,10/11/2009,SP,355030,São Paulo,,,,2009,45,0
F,3,7,44,01/11/2009,SP,355030,São Paulo,,,,2009,44,0
F,1,33,44,03/11/2009,SP,355030,São Paulo,,,,2009,44,0
M,9,2,44,07/11/2009,SP,355030,São Paulo,,,,2009,44,0
F,9,5,44,05/11/2009,SP,355030,São Paulo,,,,2009,44,0
M,1,0,45,09/11/2009,SP,355030,São Paulo,,,,2009,45,0
F,4,1,44,06/11/2009,SP,355030,São Paulo,,,,2009,44,0
F,9,20,44,02/11/2009,SP,355030,São Paulo,,,,2009,44,0
F,1,2,44,02/11/2009,SP,355030,São Paulo,,,,2009,44,0
F,9,27,43,29/10/2009,SP,355030,São Paulo,,,,2009,43,0
M,1,0,44,02/11/2009,SP,355030,São Paulo,,,,2009,44,0
F,2,16,44,01/11/2009,SP,355030,São Paulo,,,,2009,44,0
M,4,3,44,01/11/2009,SP,355030,São Paulo,,,,2009,44,0
F,,2,43,31/10/2009,SP,355030,São Paulo,,,,2009,43,0
F,1,35,42,22/10/2009,SP,355030,São Paulo,,,,2009,42,0
F,9,32,44,02/11/2009,SP,355030,São Paulo,,,,2009,44,0
F,4,1,42,22/10/2009,SP,355030,São Paulo,,,,2009,42,0
M,1,0,43,27/10/2009,SP,355030,São Paulo,,,,2009,43,0
M,1,0,43,29/10/2009,SP,355030,São Paulo,,,,2009,43,0
M,1,62,43,27/10/2009,SP,355030,São Paulo,,,,2009,43,0
M,9,61,43,28/10/2009,SP,355030,São Paulo,,,,2009,43,0
M,1,1,43,27/10/2009,SP,355030,São Paulo,,,,2009,43,0
M,1,3,43,31/10/2009,SP,355030,São Paulo,,,,2009,43,0
F,1,89,43,31/10/2009,SP,355030,São Paulo,,,,2009,43,0
F,1,29,31,04/08/2009,SP,355030,São Paulo,,,,2009,31,0
F,1,29,31,06/08/2009,SP,355030,São Paulo,,,,2009,31,0
F,1,30,32,09/08/2009,SP,355030,São Paulo,,,,2009,32,0
M,1,2,30,29/07/2009,SP,355030,São Paulo,,,,2009,30,0
M,1,80,33,16/08/2009,SP,355030,São Paulo,,,,2009,33,0
F,1,30,32,15/08/2009,SP,355030,São Paulo,,,,2009,32,0
F,1,14,34,28/08/2009,SP,355030,São Paulo,,,,2009,34,0
F,1,31,31,08/08/2009,SP,355030,São Paulo,,,,2009,31,0
M,1,59,31,05/08/2009,SP,355030,São Paulo,,,,2009,31,0
M,1,24,29,25/07/2009,SP,355030,São Paulo,,,,2009,29,0
F,1,31,37,18/09/2009,SP,355030,São Paulo,,,,2009,37,0
M,3,13,35,04/09/2009,SP,355030,São Paulo,,,,2009,35,0
M,1,18,37,13/09/2009,SP,355030,São Paulo,,,,2009,37,0
F,1,61,36,12/09/2009,SP,355030,São Paulo,,,,2009,36,0
M,1,24,36,08/09/2009,SP,355030,São Paulo,,,,2009,36,0
M,2,61,33,17/08/2009,SP,355030,São Paulo,,,,2009,33,0
F,1,14,29,21/07/2009,SP,355030,São Paulo,,,,2009,29,0
F,1,10,36,07/09/2009,SP,355030,São Paulo,,,,2009,36,0
F,1,34,31,03/08/2009,SP,355030,São Paulo,,,,2009,31,0
F,1,2,33,15/08/2010,SP,355030,São Paulo,,,,2010,33,0
F,4,8,6,10/02/2010,SP,355030,São Paulo,,,,2010,6,0
M,1,15,6,11/02/2010,SP,355030,São Paulo,,,,2010,6,0
F,1,49,4,29/01/2010,SP,355030,São Paulo,,,,2010,4,0
M,9,55,3,21/01/2010,SP,355030,São Paulo,,,,2010,3,0
F,1,87,1,06/01/2010,SP,355030,São Paulo,,,,2010,1,0
F,9,32,1,06/01/2010,SP,355030,São Paulo,,,,2010,1,0
M,1,29,2,15/01/2010,SP,355030,São Paulo,,,,2010,2,0
F,1,24,10,08/03/2010,SP,355030,São Paulo,,,,2010,10,0
F,1,43,11,17/03/2010,SP,355030,São Paulo,,,,2010,11,0
F,2,7,10,07/03/2010,SP,355030,São Paulo,,,,2010,10,0
F,1,0,25,21/06/2010,SP,355030,São Paulo,,,,2010,25,0
M,1,13,25,24/06/2010,SP,355030,São Paulo,,,,2010,25,0
F,1,57,25,23/06/2010,SP,355030,São Paulo,,,,2010,25,0
M,9,0,25,25/06/2010,SP,355030,São Paulo,,,,2010,25,0
F,1,0,22,31/05/2010,SP,355030,São Paulo,,,,2010,22,0
M,4,0,21,25/05/2010,SP,355030,São Paulo,,,,2010,21,0
M,1,0,19,11/05/2010,SP,355030,São Paulo,,,,2010,19,0
M,1,40,23,12/06/2010,SP,355030,São Paulo,,,,2010,23,0
F,,11,22,30/05/2010,SP,355030,São Paulo,,,,2010,22,0
F,1,32,20,22/05/2010,SP,355030,São Paulo,,,,2010,20,0
M,2,47,20,17/05/2010,SP,355030,São Paulo,,,,2010,20,0
M,9,6,19,14/05/2010,SP,355030,São Paulo,,,,2010,19,0
M,1,54,30,25/07/2010,SP,355030,São Paulo,,,,2010,30,0
F,1,10,26,03/07/2010,SP,355030,São Paulo,,,,2010,26,0
F,9,0,26,01/07/2010,SP,355030,São Paulo,,,,2010,26,0
M,9,8,26,28/06/2010,SP,355030,São Paulo,,,,2010,26,0
F,1,28,42,19/10/2010,SP,355030,São Paulo,,,,2010,42,0
F,1,28,43,30/10/2010,SP,355030,São Paulo,,,,2010,43,0
M,9,0,33,17/08/2010,SP,355030,São Paulo,,,,2010,33,0
F,4,2,44,03/11/2010,SP,355030,São Paulo,,,,2010,44,0
F,4,21,52,27/12/2011,SP,355030,São Paulo,,,,2011,52,0
M,1,0,2,10/01/2011,SP,355030,São Paulo,,,,2011,2,0
M,1,58,30,30/07/2011,SP,355030,São Paulo,,,,2011,30,0
M,1,0,43,25/10/2011,SP,355030,São Paulo,,,,2011,43,0
F,1,26,43,25/10/2011,SP,355030,São Paulo,,,,2011,43,0
F,1,26,51,18/12/2011,SP,355030,São Paulo,,,,2011,51,0
F,1,20,44,04/11/2011,SP,355030,São Paulo,,,,2011,44,0
M,9,43,49,10/12/2011,SP,355030,São Paulo,,,,2011,49,0
M,1,29,49,10/12/2011,SP,355030,São Paulo,,,,2011,49,0
M,1,0,45,07/11/2011,SP,355030,São Paulo,,,,2011,45,0
F,9,2,45,09/11/2011,SP,355030,São Paulo,,,,2011,45,0
M,1,14,44,04/11/2011,SP,355030,São Paulo,,,,2011,44,0
F,1,17,43,25/10/2011,SP,355030,São Paulo,,,,2011,43,0
M,9,19,3,20/01/2012,SP,355030,São Paulo,,,,2012,3,0
M,1,33,7,13/02/2012,SP,355030,São Paulo,,,,2012,7,0
M,4,0,6,05/02/2012,SP,355030,São Paulo,,,,2012,6,0
M,1,79,52,24/12/2012,SP,355030,São Paulo,,5,,2012,52,1
M,1,47,17,22/04/2012,SP,355030,São Paulo,,,,2012,17,0
M,3,0,15,09/04/2012,SP,355030,São Paulo,,,,2012,15,0
F,,78,17,27/04/2012,SP,355030,São Paulo,,,,2012,17,0
F,1,65,19,06/05/2012,SP,355030,São Paulo,,,,2012,19,0
F,9,42,20,18/05/2012,SP,355030,São Paulo,,,,2012,20,0
M,1,37,20,15/05/2012,SP,355030,São Paulo,,,,2012,20,0
M,4,23,21,23/05/2012,SP,355030,São Paulo,,,,2012,21,0
F,1,33,22,01/06/2012,SP,355030,São Paulo,,,,2012,22,0
F,9,43,21,22/05/2012,SP,355030,São Paulo,,,,2012,21,0
M,1,56,24,12/06/2012,SP,355030,São Paulo,,,,2012,24,0
F,4,50,24,14/06/2012,SP,355030,São Paulo,,,,2012,24,0
M,4,0,24,10/06/2012,SP,355030,São Paulo,,,,2012,24,0
M,,0,24,16/06/2012,SP,355030,São Paulo,,,,2012,24,0
M,1,45,25,18/06/2012,SP,355030,São Paulo,,,,2012,25,0
M,1,16,25,21/06/2012,SP,355030,São Paulo,,,,2012,25,0
M,2,24,25,20/06/2012,SP,355030,São Paulo,,,,2012,25,0
F,1,10,25,18/06/2012,SP,355030,São Paulo,,,,2012,25,0
F,9,0,25,18/06/2012,SP,355030,São Paulo,,,,2012,25,0
M,9,37,24,12/06/2012,SP,355030,São Paulo,,,,2012,24,0
F,,90,24,16/06/2012,SP,355030,São Paulo,,,,2012,24,0
M,2,0,25,22/06/2012,SP,355030,São Paulo,,,,2012,25,0
F,1,51,20,18/05/2012,SP,355030,São Paulo,,,,2012,20,0
F,1,51,25,17/06/2012,SP,355030,São Paulo,,,,2012,25,0
F,9,3,26,24/06/2012,SP,355030,São Paulo,,,,2012,26,0
M,1,15,25,17/06/2012,SP,355030,São Paulo,,,,2012,25,0
M,1,18,25,18/06/2012,SP,355030,São Paulo,,,,2012,25,0
F,9,88,24,10/06/2012,SP,355030,São Paulo,,,,2012,24,0
M,1,79,26,26/06/2012,SP,355030,São Paulo,,,,2012,26,0
M,9,48,24,16/06/2012,SP,355030,São Paulo,,,,2012,24,0
M,9,0,25,22/06/2012,SP,355030,São Paulo,,,,2012,25,0
M,4,1,24,16/06/2012,SP,355030,São Paulo,,3,,2012,24,1
F,1,64,25,20/06/2012,SP,355030,São Paulo,,,,2012,25,0
F,3,99,26,30/06/2012,SP,355030,São Paulo,,,,2012,26,0
M,1,63,25,22/06/2012,SP,355030,São Paulo,,,,2012,25,0
F,1,37,26,28/06/2012,SP,355030,São Paulo,,,,2012,26,0
F,1,2,27,03/07/2012,SP,355030,São Paulo,,,,2012,27,0
M,9,0,26,27/06/2012,SP,355030,São Paulo,,,,2012,26,0
F,3,46,26,30/06/2012,SP,355030,São Paulo,,,,2012,26,0
F,9,31,27,03/07/2012,SP,355030,São Paulo,,,,2012,27,0
M,3,40,26,29/06/2012,SP,355030,São Paulo,,,,2012,26,0
F,1,42,27,01/07/2012,SP,355030,São Paulo,,,,2012,27,0
F,9,1,26,30/06/2012,SP,355030,São Paulo,,,,2012,26,0
F,1,2,25,22/06/2012,SP,355030,São Paulo,,,,2012,25,0
M,1,62,26,26/06/2012,SP,355030,São Paulo,,,,2012,26,0
F,1,16,27,03/07/2012,SP,355030,São Paulo,,,,2012,27,0
F,1,56,27,02/07/2012,SP,355030,São Paulo,,,,2012,27,0
F,1,51,27,01/07/2012,SP,355030,São Paulo,,,,2012,27,0
F,1,50,26,29/06/2012,SP,355030,São Paulo,,,,2012,26,0
F,9,91,26,28/06/2012,SP,355030,São Paulo,,,,2012,26,0
M,1,43,25,20/06/2012,SP,355030,São Paulo,,,,2012,25,0
F,1,58,28,10/07/2012,SP,355030,São Paulo,,,,2012,28,0
F,1,86,28,09/07/2012,SP,355030,São Paulo,,,,2012,28,0
F,1,32,26,29/06/2012,SP,355030,São Paulo,,,,2012,26,0
M,1,1,27,05/07/2012,SP,355030,São Paulo,,,,2012,27,0
F,1,32,28,12/07/2012,SP,355030,São Paulo,,,,2012,28,0
M,,20,27,05/07/2012,SP,355030,São Paulo,,,,2012,27,0
F,9,40,27,03/07/2012,SP,355030,São Paulo,,,,2012,27,0
F,1,30,26,25/06/2012,SP,355030,São Paulo,,,,2012,26,0
M,1,64,27,04/07/2012,SP,355030,São Paulo,,,,2012,27,0
F,1,50,27,05/07/2012,SP,355030,São Paulo,,,,2012,27,0
M,9,43,28,12/07/2012,SP,355030,São Paulo,,,,2012,28,0
M,3,2,27,05/07/2012,SP,355030,São Paulo,,,,2012,27,0
F,,2,27,02/07/2012,SP,355030,São Paulo,,,,2012,27,0
M,1,56,28,11/07/2012,SP,355030,São Paulo,,,,2012,28,0
F,1,29,27,07/07/2012,SP,355030,São Paulo,,,,2012,27,0
F,1,15,28,12/07/2012,SP,355030,São Paulo,,,,2012,28,0
M,1,66,29,15/07/2012,SP,355030,São Paulo,,,,2012,29,0
F,1,1,28,12/07/2012,SP,355030,São Paulo,,,,2012,28,0
F,1,82,28,11/07/2012,SP,355030,São Paulo,,,,2012,28,0
F,9,1,27,03/07/2012,SP,355030,São Paulo,,,,2012,27,0
M,1,12,27,03/07/2012,SP,355030,São Paulo,,,,2012,27,0
M,9,0,28,09/07/2012,SP,355030,São Paulo,,,,2012,28,0
F,1,82,28,11/07/2012,SP,355030,São Paulo,,,,2012,28,0
F,1,54,27,04/07/2012,SP,355030,São Paulo,,,,2012,27,0
F,9,85,29,15/07/2012,SP,355030,São Paulo,,,,2012,29,0
M,1,0,26,29/06/2012,SP,355030,São Paulo,,,,2012,26,0
F,3,61,29,19/07/2012,SP,355030,São Paulo,,,,2012,29,0
F,1,53,29,17/07/2012,SP,355030,São Paulo,,,,2012,29,0
M,1,44,28,14/07/2012,SP,355030,São Paulo,,,,2012,28,0
F,1,33,29,20/07/2012,SP,355030,São Paulo,,,,2012,29,0
M,9,33,29,15/07/2012,SP,355030,São Paulo,,,,2012,29,0
M,9,2,27,07/07/2012,SP,355030,São Paulo,,,,2012,27,0
F,9,86,29,20/07/2012,SP,355030,São Paulo,,,,2012,29,0
F,1,73,29,17/07/2012,SP,355030,São Paulo,,,,2012,29,0
F,9,25,29,15/07/2012,SP,355030,São Paulo,,,,2012,29,0
M,9,54,29,18/07/2012,SP,355030,São Paulo,,,,2012,29,0
M,4,0,28,08/07/2012,SP,355030,São Paulo,,,,2012,28,0
F,1,43,27,06/07/2012,SP,355030,São Paulo,,,,2012,27,0
F,4,1,29,20/07/2012,SP,355030,São Paulo,,,,2012,29,0
F,9,67,28,11/07/2012,SP,355030,São Paulo,,,,2012,28,0
M,1,73,28,09/07/2012,SP,355030,São Paulo,,,,2012,28,0
F,3,79,30,22/07/2012,SP,355030,São Paulo,,,,2012,30,0
F,2,49,29,19/07/2012,SP,355030,São Paulo,,,,2012,29,0
F,1,32,26,26/06/2012,SP,355030,São Paulo,,,,2012,26,0
F,1,31,30,24/07/2012,SP,355030,São Paulo,,,,2012,30,0
M,1,76,28,11/07/2012,SP,355030,São Paulo,,,,2012,28,0
F,9,0,30,23/07/2012,SP,355030,São Paulo,,,,2012,30,0
F,1,60,30,22/07/2012,SP,355030,São Paulo,,,,2012,30,0
F,1,59,30,26/07/2012,SP,355030,São Paulo,,,,2012,30,0
M,9,54,26,28/06/2012,SP,355030,São Paulo,,,,2012,26,0
F,9,39,28,12/07/2012,SP,355030,São Paulo,,,,2012,28,0
M,1,5,30,27/07/2012,SP,355030,São Paulo,,,,2012,30,0
F,4,50,30,25/07/2012,SP,355030,São Paulo,,,,2012,30,0
M,1,0,29,18/07/2012,SP,355030,São Paulo,,,,2012,29,0
F,1,53,30,24/07/2012,SP,355030,São Paulo,,,,2012,30,0
M,1,46,31,04/08/2012,SP,355030,São Paulo,,,,2012,31,0
F,9,28,31,02/08/2012,SP,355030,São Paulo,,,,2012,31,0
M,4,1,31,03/08/2012,SP,355030,São Paulo,,,,2012,31,0
F,1,24,32,08/08/2012,SP,355030,São Paulo,,,,2012,32,0
M,9,37,31,01/08/2012,SP,355030,São Paulo,,,,2012,31,0
M,1,53,31,04/08/2012,SP,355030,São Paulo,,,,2012,31,0
F,1,58,32,08/08/2012,SP,355030,São Paulo,,,,2012,32,0
M,1,14,32,09/08/2012,SP,355030,São Paulo,,,,2012,32,0
F,1,76,32,07/08/2012,SP,355030,São Paulo,,,,2012,32,0
F,1,23,34,19/08/2012,SP,355030,São Paulo,,,,2012,34,0
F,9,70,33,14/08/2012,SP,355030,São Paulo,,,,2012,33,0
F,4,69,30,24/07/2012,SP,355030,São Paulo,,,,2012,30,0
M,4,2,35,27/08/2012,SP,355030,São Paulo,,3,,2012,35,1
F,1,81,35,29/08/2012,SP,355030,São Paulo,,3,,2012,35,1
F,9,1,34,20/08/2012,SP,355030,São Paulo,,,,2012,34,0
M,1,61,28,13/07/2012,SP,355030,São Paulo,,,,2012,28,0
F,1,6,33,17/08/2012,SP,355030,São Paulo,,,,2012,33,0
F,,23,27,04/07/2012,SP,355030,São Paulo,,,,2012,27,0
F,1,34,31,03/08/2012,SP,355030,São Paulo,,,,2012,31,0
F,1,24,32,11/08/2012,SP,355030,São Paulo,,,,2012,32,0
F,3,65,35,26/08/2012,SP,355030,São Paulo,,3,,2012,35,1
M,1,7,35,30/08/2012,SP,355030,São Paulo,,1,,2012,35,1
M,1,82,37,15/09/2012,SP,355030,São Paulo,,,,2012,37,0
M,9,25,37,14/09/2012,SP,355030,São Paulo,,1,,2012,37,1
F,9,55,39,25/09/2012,SP,355030,São Paulo,,3,,2012,39,1
F,1,26,38,22/09/2012,SP,355030,São Paulo,,3,,2012,38,1
M,1,54,42,15/10/2012,SP,355030,São Paulo,,1,,2012,42,1
M,1,33,43,23/10/2012,SP,355030,São Paulo,,1,,2012,43,1
M,1,24,43,26/10/2012,SP,355030,São Paulo,,3,,2012,43,1
F,1,27,43,26/10/2012,SP,355030,São Paulo,,1,,2012,43,1
M,1,51,1,05/01/2013,SP,355030,São Paulo,,1,,2013,1,1
F,1,55,2,08/01/2013,SP,355030,São Paulo,,3,,2013,2,1
M,1,39,3,15/01/2013,SP,355030,São Paulo,,1,,2013,3,1
M,1,31,3,15/01/2013,SP,355030,São Paulo,,1,,2013,3,1
F,9,27,3,19/01/2013,SP,355030,São Paulo,,1,,2013,3,1
M,9,37,8,17/02/2013,SP,355030,São Paulo,,1,,2013,8,1
M,1,47,8,21/02/2013,SP,355030,São Paulo,,1,,2013,8,1
F,1,11,9,25/02/2013,SP,355030,São Paulo,,1,,2013,9,1
M,9,73,5,29/01/2013,SP,355030,São Paulo,,1,,2013,5,1
F,9,44,52,27/12/2013,SP,355030,São Paulo,,1,,2013,52,1
M,1,41,9,28/02/2013,SP,355030,São Paulo,,1,,2013,9,1
M,1,57,11,10/03/2013,SP,355030,São Paulo,,1,,2013,11,1
M,1,66,9,26/02/2013,SP,355030,São Paulo,,1,,2013,9,1
F,1,22,9,01/03/2013,SP,355030,São Paulo,,1,,2013,9,1
F,9,44,10,09/03/2013,SP,355030,São Paulo,,4,,2013,10,1
F,1,4,12,20/03/2013,SP,355030,São Paulo,,1,,2013,12,1
M,4,1,12,21/03/2013,SP,355030,São Paulo,,1,,2013,12,1
M,4,2,12,22/03/2013,SP,355030,São Paulo,,1,,2013,12,1
M,1,0,12,22/03/2013,SP,355030,São Paulo,,1,,2013,12,1
F,1,13,12,21/03/2013,SP,355030,São Paulo,,1,,2013,12,1
F,1,68,12,20/03/2013,SP,355030,São Paulo,,1,,2013,12,1
M,9,41,13,25/03/2013,SP,355030,São Paulo,,1,,2013,13,1
M,1,57,13,28/03/2013,SP,355030,São Paulo,,1,,2013,13,1
M,1,4,13,25/03/2013,SP,355030,São Paulo,,1,,2013,13,1
F,4,33,14,02/04/2013,SP,355030,São Paulo,,1,,2013,14,1
M,9,0,13,27/03/2013,SP,355030,São Paulo,,1,,2013,13,1
F,9,66,13,24/03/2013,SP,355030,São Paulo,,1,,2013,13,1
M,1,57,13,26/03/2013,SP,355030,São Paulo,,1,,2013,13,1
M,9,59,13,30/03/2013,SP,355030,São Paulo,,1,,2013,13,1
F,4,0,13,27/03/2013,SP,355030,São Paulo,,1,,2013,13,1
F,1,34,14,01/04/2013,SP,355030,São Paulo,,1,,2013,14,1
F,4,10,14,05/04/2013,SP,355030,São Paulo,,1,,2013,14,1
M,1,0,14,02/04/2013,SP,355030,São Paulo,,1,,2013,14,1
M,1,46,15,08/04/2013,SP,355030,São Paulo,,1,,2013,15,1
M,9,10,15,09/04/2013,SP,355030,São Paulo,,1,,2013,15,1
F,1,45,14,02/04/2013,SP,355030,São Paulo,,1,,2013,14,1
M,9,44,15,07/04/2013,SP,355030,São Paulo,,1,,2013,15,1
F,9,35,15,09/04/2013,SP,355030,São Paulo,,1,,2013,15,1
M,4,6,15,10/04/2013,SP,355030,São Paulo,,1,,2013,15,1
F,1,0,13,30/03/2013,SP,355030,São Paulo,,1,,2013,13,1
M,9,43,14,06/04/2013,SP,355030,São Paulo,,1,,2013,14,1
F,9,39,15,08/04/2013,SP,355030,São Paulo,,1,,2013,15,1
F,2,58,15,13/04/2013,SP,355030,São Paulo,,1,,2013,15,1
F,9,40,15,12/04/2013,SP,355030,São Paulo,,1,,2013,15,1
M,9,1,13,26/03/2013,SP,355030,São Paulo,,1,,2013,13,1
M,4,0,14,04/04/2013,SP,355030,São Paulo,,1,,2013,14,1
M,1,50,15,10/04/2013,SP,355030,São Paulo,,1,,2013,15,1
M,9,49,15,07/04/2013,SP,355030,São Paulo,,1,,2013,15,1
F,9,57,14,03/04/2013,SP,355030,São Paulo,,1,,2013,14,1
M,4,26,15,12/04/2013,SP,355030,São Paulo,,1,,2013,15,1
M,9,59,15,13/04/2013,SP,355030,São Paulo,,1,,2013,15,1
M,4,46,15,10/04/2013,SP,355030,São Paulo,,1,,2013,15,1
F,1,34,15,09/04/2013,SP,355030,São Paulo,,1,,2013,15,1
F,1,22,15,12/04/2013,SP,355030,São Paulo,,1,,2013,15,1
F,1,0,14,06/04/2013,SP,355030,São Paulo,,1,,2013,14,1
M,9,31,15,13/04/2013,SP,355030,São Paulo,,1,,2013,15,1
M,1,17,12,23/03/2013,SP,355030,São Paulo,,1,,2013,12,1
M,9,0,8,21/02/2013,SP,355030,São Paulo,,1,,2013,8,1
M,1,55,16,15/04/2013,SP,355030,São Paulo,,1,,2013,16,1
M,2,16,15,09/04/2013,SP,355030,São Paulo,,1,,2013,15,1
M,9,66,12,18/03/2013,SP,355030,São Paulo,,1,,2013,12,1
F,1,57,9,01/03/2013,SP,355030,São Paulo,,3,,2013,9,1
M,4,31,15,12/04/2013,SP,355030,São Paulo,,1,,2013,15,1
M,1,47,14,02/04/2013,SP,355030,São Paulo,,1,,2013,14,1
M,9,0,14,01/04/2013,SP,355030,São Paulo,,1,,2013,14,1
F,1,31,15,10/04/2013,SP,355030,São Paulo,,1,,2013,15,1
M,9,79,16,18/04/2013,SP,355030,São Paulo,,1,,2013,16,1
M,9,55,16,18/04/2013,SP,355030,São Paulo,,1,,2013,16,1
F,1,1,13,28/03/2013,SP,355030,São Paulo,,1,,2013,13,1
F,9,41,14,02/04/2013,SP,355030,São Paulo,,1,,2013,14,1
M,1,39,15,10/04/2013,SP,355030,São Paulo,,1,,2013,15,1
F,1,56,15,10/04/2013,SP,355030,São Paulo,,1,,2013,15,1
F,9,7,14,01/04/2013,SP,355030,São Paulo,,1,,2013,14,1
F,1,65,16,18/04/2013,SP,355030,São Paulo,,1,,2013,16,1
F,1,30,14,04/04/2013,SP,355030,São Paulo,,1,,2013,14,1
F,9,59,16,18/04/2013,SP,355030,São Paulo,,1,,2013,16,1
F,9,27,16,19/04/2013,SP,355030,São Paulo,,1,,2013,16,1
F,1,60,16,19/04/2013,SP,355030,São Paulo,,1,,2013,16,1
M,2,3,16,16/04/2013,SP,355030,São Paulo,,1,,2013,16,1
M,1,37,16,19/04/2013,SP,355030,São Paulo,,1,,2013,16,1
M,4,47,16,19/04/2013,SP,355030,São Paulo,,1,,2013,16,1
F,1,33,16,15/04/2013,SP,355030,São Paulo,,1,,2013,16,1
F,1,31,15,07/04/2013,SP,355030,São Paulo,,1,,2013,15,1
M,1,28,15,13/04/2013,SP,355030,São Paulo,,1,,2013,15,1
M,1,61,15,10/04/2013,SP,355030,São Paulo,,1,,2013,15,1
F,1,9,17,22/04/2013,SP,355030,São Paulo,,1,,2013,17,1
F,1,1,15,11/04/2013,SP,355030,São Paulo,,4,,2013,15,1
F,1,20,17,21/04/2013,SP,355030,São Paulo,,1,,2013,17,1
M,1,59,15,12/04/2013,SP,355030,São Paulo,,1,,2013,15,1
F,1,54,16,14/04/2013,SP,355030,São Paulo,,1,,2013,16,1
F,1,15,16,19/04/2013,SP,355030,São Paulo,,1,,2013,16,1
M,1,50,16,16/04/2013,SP,355030,São Paulo,,1,,2013,16,1
M,4,60,17,22/04/2013,SP,355030,São Paulo,,1,,2013,17,1
M,9,88,15,10/04/2013,SP,355030,São Paulo,,3,,2013,15,1
F,1,43,17,22/04/2013,SP,355030,São Paulo,,4,,2013,17,1
M,2,51,15,13/04/2013,SP,355030,São Paulo,,1,,2013,15,1
F,2,47,17,22/04/2013,SP,355030,São Paulo,,3,,2013,17,1
F,1,64,16,15/04/2013,SP,355030,São Paulo,,1,,2013,16,1
M,1,64,16,15/04/2013,SP,355030,São Paulo,,1,,2013,16,1
M,4,45,16,18/04/2013,SP,355030,São Paulo,,1,,2013,16,1
F,1,1,17,22/04/2013,SP,355030,São Paulo,,1,,2013,17,1
M,1,1,15,08/04/2013,SP,355030,São Paulo,,1,,2013,15,1
F,1,1,16,15/04/2013,SP,355030,São Paulo,,1,,2013,16,1
M,9,0,16,18/04/2013,SP,355030,São Paulo,,1,,2013,16,1
M,9,64,15,13/04/2013,SP,355030,São Paulo,,1,,2013,15,1
F,9,78,16,14/04/2013,SP,355030,São Paulo,,1,,2013,16,1
F,1,33,15,10/04/2013,SP,355030,São Paulo,,1,,2013,15,1
M,1,37,16,20/04/2013,SP,355030,São Paulo,,1,,2013,16,1
F,1,46,17,24/04/2013,SP,355030,São Paulo,,1,,2013,17,1
F,4,4,17,21/04/2013,SP,355030,São Paulo,,1,,2013,17,1
M,1,24,16,20/04/2013,SP,355030,São Paulo,,1,,2013,16,1
M,1,9,17,27/04/2013,SP,355030,São Paulo,,4,,2013,17,1
F,1,17,17,24/04/2013,SP,355030,São Paulo,,1,,2013,17,1
M,9,43,16,17/04/2013,SP,355030,São Paulo,,1,,2013,16,1
F,1,50,16,17/04/2013,SP,355030,São Paulo,,1,,2013,16,1
F,9,28,16,18/04/2013,SP,355030,São Paulo,,1,,2013,16,1
F,4,52,17,21/04/2013,SP,355030,São Paulo,,1,,2013,17,1
M,1,35,17,22/04/2013,SP,355030,São Paulo,,1,,2013,17,1
M,1,27,17,22/04/2013,SP,355030,São Paulo,,1,,2013,17,1
M,1,32,17,26/04/2013,SP,355030,São Paulo,,1,,2013,17,1
F,1,50,15,13/04/2013,SP,355030,São Paulo,,1,,2013,15,1
M,9,46,17,22/04/2013,SP,355030,São Paulo,,1,,2013,17,1
F,1,39,17,24/04/2013,SP,355030,São Paulo,,1,,2013,17,1
F,1,0,17,24/04/2013,SP,355030,São Paulo,,1,,2013,17,1
M,4,1,17,21/04/2013,SP,355030,São Paulo,,1,,2013,17,1
M,1,49,17,21/04/2013,SP,355030,São Paulo,,1,,2013,17,1
M,1,36,17,23/04/2013,SP,355030,São Paulo,,1,,2013,17,1
F,9,72,17,24/04/2013,SP,355030,São Paulo,,1,,2013,17,1
F,1,1,17,24/04/2013,SP,355030,São Paulo,,1,,2013,17,1
M,1,52,16,20/04/2013,SP,355030,São Paulo,,1,,2013,16,1
F,1,54,16,19/04/2013,SP,355030,São Paulo,,1,,2013,16,1
F,1,1,17,25/04/2013,SP,355030,São Paulo,,1,,2013,17,1
F,1,34,17,22/04/2013,SP,355030,São Paulo,,1,,2013,17,1
F,4,0,17,23/04/2013,SP,355030,São Paulo,,1,,2013,17,1
M,1,27,16,16/04/2013,SP,355030,São Paulo,,3,,2013,16,1
M,9,39,17,22/04/2013,SP,355030,São Paulo,,1,,2013,17,1
M,9,66,16,18/04/2013,SP,355030,São Paulo,,1,,2013,16,1
F,1,9,13,24/03/2013,SP,355030,São Paulo,,4,,2013,13,1
M,9,39,16,15/04/2013,SP,355030,São Paulo,,1,,2013,16,1
M,1,50,16,15/04/2013,SP,355030,São Paulo,,1,,2013,16,1
F,1,88,16,17/04/2013,SP,355030,São Paulo,,1,,2013,16,1
M,9,28,15,13/04/2013,SP,355030,São Paulo,,1,,2013,15,1
F,9,1,15,12/04/2013,SP,355030,São Paulo,,1,,2013,15,1
F,1,43,17,27/04/2013,SP,355030,São Paulo,,1,,2013,17,1
F,1,87,17,24/04/2013,SP,355030,São Paulo,,1,,2013,17,1
F,1,52,17,25/04/2013,SP,355030,São Paulo,,1,,2013,17,1
F,2,0,17,24/04/2013,SP,355030,São Paulo,,1,,2013,17,1
F,4,55,17,24/04/2013,SP,355030,São Paulo,,1,,2013,17,1
M,1,48,17,26/04/2013,SP,355030,São Paulo,,1,,2013,17,1
F,1,15,16,19/04/2013,SP,355030,São Paulo,,1,,2013,16,1
M,1,39,17,27/04/2013,SP,355030,São Paulo,,1,,2013,17,1
M,1,45,17,22/04/2013,SP,355030,São Paulo,,1,,2013,17,1
F,1,23,17,27/04/2013,SP,355030,São Paulo,,1,,2013,17,1
M,9,53,17,25/04/2013,SP,355030,São Paulo,,1,,2013,17,1
F,9,33,17,21/04/2013,SP,355030,São Paulo,,1,,2013,17,1
M,4,0,17,22/04/2013,SP,355030,São Paulo,,1,,2013,17,1
F,1,61,17,22/04/2013,SP,355030,São Paulo,,1,,2013,17,1
F,9,40,18,30/04/2013,SP,355030,São Paulo,,1,,2013,18,1
F,1,5,17,24/04/2013,SP,355030,São Paulo,,1,,2013,17,1
M,1,46,17,23/04/2013,SP,355030,São Paulo,,1,,2013,17,1
F,9,30,15,11/04/2013,SP,355030,São Paulo,,1,,2013,15,1
M,9,46,16,19/04/2013,SP,355030,São Paulo,,4,,2013,16,1
M,1,79,14,05/04/2013,SP,355030,São Paulo,,1,,2013,14,1
F,1,56,17,22/04/2013,SP,355030,São Paulo,,1,,2013,17,1
M,1,59,17,22/04/2013,SP,355030,São Paulo,,1,,2013,17,1
M,3,62,16,20/04/2013,SP,355030,São Paulo,,1,,2013,16,1
F,1,0,17,24/04/2013,SP,355030,São Paulo,,1,,2013,17,1
M,1,78,16,18/04/2013,SP,355030,São Paulo,,1,,2013,16,1
M,1,59,15,10/04/2013,SP,355030,São Paulo,,1,,2013,15,1
F,1,61,15,12/04/2013,SP,355030,São Paulo,,1,,2013,15,1
F,1,83,17,26/04/2013,SP,355030,São Paulo,,1,,2013,17,1
F,1,76,17,24/04/2013,SP,355030,São Paulo,,1,,2013,17,1
F,1,41,17,27/04/2013,SP,355030,São Paulo,,1,,2013,17,1
M,1,51,17,24/04/2013,SP,355030,São Paulo,,1,,2013,17,1
F,1,83,17,24/04/2013,SP,355030,São Paulo,,1,,2013,17,1
F,1,33,16,17/04/2013,SP,355030,São Paulo,,1,,2013,16,1
M,,65,16,19/04/2013,SP,355030,São Paulo,,1,,2013,16,1
M,1,92,17,25/04/2013,SP,355030,São Paulo,,3,,2013,17,1
M,1,1,17,25/04/2013,SP,355030,São Paulo,,1,,2013,17,1
M,1,79,17,23/04/2013,SP,355030,São Paulo,,1,,2013,17,1
M,9,52,17,23/04/2013,SP,355030,São Paulo,,1,,2013,17,1
M,1,76,16,15/04/2013,SP,355030,São Paulo,,1,,2013,16,1
M,1,50,16,16/04/2013,SP,355030,São Paulo,,1,,2013,16,1
F,1,29,17,24/04/2013,SP,355030,São Paulo,,1,,2013,17,1
F,2,21,17,24/04/2013,SP,355030,São Paulo,,1,,2013,17,1
F,,2,16,17/04/2013,SP,355030,São Paulo,,1,,2013,16,1
M,1,50,17,25/04/2013,SP,355030,São Paulo,,1,,2013,17,1
F,1,41,16,16/04/2013,SP,355030,São Paulo,,1,,2013,16,1
F,1,69,17,26/04/2013,SP,355030,São Paulo,,1,,2013,17,1
M,1,50,17,23/04/2013,SP,355030,São Paulo,,1,,2013,17,1
F,1,29,17,24/04/2013,SP,355030,São Paulo,,1,,2013,17,1
M,2,41,17,21/04/2013,SP,355030,São Paulo,,1,,2013,17,1
F,1,32,13,30/03/2013,SP,355030,São Paulo,,1,,2013,13,1
F,2,56,13,27/03/2013,SP,355030,São Paulo,,1,,2013,13,1
M,9,53,15,08/04/2013,SP,355030,São Paulo,,4,,2013,15,1
F,9,28,16,15/04/2013,SP,355030,São Paulo,,1,,2013,16,1
F,9,10,15,08/04/2013,SP,355030,São Paulo,,1,,2013,15,1
F,1,2,17,21/04/2013,SP,355030,São Paulo,,1,,2013,17,1
M,,58,16,20/04/2013,SP,355030,São Paulo,,1,,2013,16,1
F,1,29,17,24/04/2013,SP,355030,São Paulo,,1,,2013,17,1
F,1,70,13,28/03/2013,SP,355030,São Paulo,,1,,2013,13,1
F,1,52,16,14/04/2013,SP,355030,São Paulo,,1,,2013,16,1
F,9,34,17,26/04/2013,SP,355030,São Paulo,,1,,2013,17,1
M,3,3,15,11/04/2013,SP,355030,São Paulo,,4,,2013,15,1
F,1,37,17,26/04/2013,SP,355030,São Paulo,,1,,2013,17,1
M,2,59,16,16/04/2013,SP,355030,São Paulo,,1,,2013,16,1
M,1,11,17,27/04/2013,SP,355030,São Paulo,,1,,2013,17,1
F,1,60,18,01/05/2013,SP,355030,São Paulo,,1,,2013,18,1
M,9,0,18,29/04/2013,SP,355030,São Paulo,,4,,2013,18,1
M,9,39,18,28/04/2013,SP,355030,São Paulo,,1,,2013,18,1
M,9,64,18,01/05/2013,SP,355030,São Paulo,,1,,2013,18,1
F,4,52,17,26/04/2013,SP,355030,São Paulo,,1,,2013,17,1
F,2,51,18,29/04/2013,SP,355030,São Paulo,,1,,2013,18,1
M,1,42,18,29/04/2013,SP,355030,São Paulo,,1,,2013,18,1
M,9,53,16,20/04/2013,SP,355030,São Paulo,,1,,2013,16,1
M,3,26,18,04/05/2013,SP,355030,São Paulo,,1,,2013,18,1
F,9,9,17,25/04/2013,SP,355030,São Paulo,,1,,2013,17,1
F,1,19,18,30/04/2013,SP,355030,São Paulo,,1,,2013,18,1
F,1,13,18,29/04/2013,SP,355030,São Paulo,,1,,2013,18,1
F,1,24,17,24/04/2013,SP,355030,São Paulo,,1,,2013,17,1
M,1,51,18,03/05/2013,SP,355030,São Paulo,,1,,2013,18,1
F,1,16,18,28/04/2013,SP,355030,São Paulo,,1,,2013,18,1
M,2,51,17,24/04/2013,SP,355030,São Paulo,,1,,2013,17,1
F,9,79,16,17/04/2013,SP,355030,São Paulo,,1,,2013,16,1
F,1,22,18,03/05/2013,SP,355030,São Paulo,,1,,2013,18,1
F,1,62,18,30/04/2013,SP,355030,São Paulo,,1,,2013,18,1
F,,81,18,30/04/2013,SP,355030,São Paulo,,1,,2013,18,1
M,1,46,18,01/05/2013,SP,355030,São Paulo,,1,,2013,18,1
M,9,14,18,30/04/2013,SP,355030,São Paulo,,1,,2013,18,1
M,1,59,18,02/05/2013,SP,355030,São Paulo,,1,,2013,18,1
M,1,58,18,03/05/2013,SP,355030,São Paulo,,1,,2013,18,1
M,4,42,18,30/04/2013,SP,355030,São Paulo,,1,,2013,18,1
M,1,27,18,01/05/2013,SP,355030,São Paulo,,1,,2013,18,1
M,4,26,15,10/04/2013,SP,355030,São Paulo,,1,,2013,15,1
M,4,3,17,26/04/2013,SP,355030,São Paulo,,1,,2013,17,1
F,1,54,18,01/05/2013,SP,355030,São Paulo,,1,,2013,18,1
F,1,37,16,20/04/2013,SP,355030,São Paulo,,1,,2013,16,1
F,1,55,17,25/04/2013,SP,355030,São Paulo,,1,,2013,17,1
F,1,27,17,23/04/2013,SP,355030,São Paulo,,1,,2013,17,1
M,1,84,17,27/04/2013,SP,355030,São Paulo,,1,,2013,17,1
F,1,59,17,24/04/2013,SP,355030,São Paulo,,1,,2013,17,1
M,2,64,17,27/04/2013,SP,355030,São Paulo,,1,,2013,17,1
M,1,56,17,26/04/2013,SP,355030,São Paulo,,1,,2013,17,1
F,1,68,17,26/04/2013,SP,355030,São Paulo,,1,,2013,17,1
F,1,72,17,26/04/2013,SP,355030,São Paulo,,1,,2013,17,1
M,4,54,16,15/04/2013,SP,355030,São Paulo,,1,,2013,16,1
F,1,42,18,01/05/2013,SP,355030,São Paulo,,1,,2013,18,1
F,1,0,16,18/04/2013,SP,355030,São Paulo,,1,,2013,16,1
F,,2,18,01/05/2013,SP,355030,São Paulo,,1,,2013,18,1
M,1,16,18,30/04/2013,SP,355030,São Paulo,,1,,2013,18,1
F,1,25,18,04/05/2013,SP,355030,São Paulo,,1,,2013,18,1
M,1,66,16,19/04/2013,SP,355030,São Paulo,,1,,2013,16,1
M,9,57,18,03/05/2013,SP,355030,São Paulo,,1,,2013,18,1
M,1,62,18,04/05/2013,SP,355030,São Paulo,,1,,2013,18,1
F,1,35,19,07/05/2013,SP,355030,São Paulo,,1,,2013,19,1
F,1,42,19,06/05/2013,SP,355030,São Paulo,,1,,2013,19,1
M,9,0,19,07/05/2013,SP,355030,São Paulo,,1,,2013,19,1
M,1,79,18,01/05/2013,SP,355030,São Paulo,,1,,2013,18,1
M,9,64,18,30/04/2013,SP,355030,São Paulo,,1,,2013,18,1
M,1,19,19,06/05/2013,SP,355030,São Paulo,,1,,2013,19,1
M,4,0,18,03/05/2013,SP,355030,São Paulo,,1,,2013,18,1
M,9,77,19,06/05/2013,SP,355030,São Paulo,,1,,2013,19,1
M,9,2,18,01/05/2013,SP,355030,São Paulo,,1,,2013,18,1
M,9,62,18,28/04/2013,SP,355030,São Paulo,,1,,2013,18,1
M,9,50,18,03/05/2013,SP,355030,São Paulo,,1,,2013,18,1
F,9,61,18,28/04/2013,SP,355030,São Paulo,,1,,2013,18,1
F,1,58,18,03/05/2013,SP,355030,São Paulo,,1,,2013,18,1
M,1,74,18,01/05/2013,SP,355030,São Paulo,,1,,2013,18,1
M,9,56,18,02/05/2013,SP,355030,São Paulo,,1,,2013,18,1
F,9,56,18,02/05/2013,SP,355030,São Paulo,,1,,2013,18,1
M,9,12,19,05/05/2013,SP,355030,São Paulo,,1,,2013,19,1
M,9,38,18,01/05/2013,SP,355030,São Paulo,,1,,2013,18,1
F,9,70,18,01/05/2013,SP,355030,São Paulo,,1,,2013,18,1
M,9,58,18,02/05/2013,SP,355030,São Paulo,,1,,2013,18,1
M,1,77,17,24/04/2013,SP,355030,São Paulo,,1,,2013,17,1
M,1,47,17,26/04/2013,SP,355030,São Paulo,,1,,2013,17,1
F,1,24,18,28/04/2013,SP,355030,São Paulo,,1,,2013,18,1
F,1,52,18,30/04/2013,SP,355030,São Paulo,,1,,2013,18,1
F,4,48,18,01/05/2013,SP,355030,São Paulo,,1,,2013,18,1
M,9,28,18,03/05/2013,SP,355030,São Paulo,,3,,2013,18,1
M,1,44,19,10/05/2013,SP,355030,São Paulo,,1,,2013,19,1
M,1,47,19,10/05/2013,SP,355030,São Paulo,,1,,2013,19,1
M,4,0,18,29/04/2013,SP,355030,São Paulo,,1,,2013,18,1
F,1,0,18,28/04/2013,SP,355030,São Paulo,,1,,2013,18,1
F,4,6,19,07/05/2013,SP,355030,São Paulo,,1,,2013,19,1
M,1,1,17,26/04/2013,SP,355030,São Paulo,,1,,2013,17,1
M,1,37,18,30/04/2013,SP,355030,São Paulo,,1,,2013,18,1
F,1,64,19,06/05/2013,SP,355030,São Paulo,,1,,2013,19,1
F,9,62,19,10/05/2013,SP,355030,São Paulo,,1,,2013,19,1
M,9,68,19,05/05/2013,SP,355030,São Paulo,,1,,2013,19,1
M,9,45,19,05/05/2013,SP,355030,São Paulo,,1,,2013,19,1
F,1,1,18,01/05/2013,SP,355030,São Paulo,,1,,2013,18,1
F,9,60,18,30/04/2013,SP,355030,São Paulo,,1,,2013,18,1
M,1,1,19,05/05/2013,SP,355030,São Paulo,,1,,2013,19,1
M,9,16,19,10/05/2013,SP,355030,São Paulo,,1,,2013,19,1
F,1,42,18,29/04/2013,SP,355030,São Paulo,,1,,2013,18,1
M,1,45,18,03/05/2013,SP,355030,São Paulo,,1,,2013,18,1
F,1,53,18,29/04/2013,SP,355030,São Paulo,,1,,2013,18,1
F,1,33,19,09/05/2013,SP,355030,São Paulo,,1,,2013,19,1
M,1,38,15,09/04/2013,SP,355030,São Paulo,,1,,2013,15,1
F,1,94,18,01/05/2013,SP,355030,São Paulo,,1,,2013,18,1
M,4,0,19,11/05/2013,SP,355030,São Paulo,,4,,2013,19,1
M,2,40,18,03/05/2013,SP,355030,São Paulo,,3,,2013,18,1
M,1,3,19,11/05/2013,SP,355030,São Paulo,,1,,2013,19,1
F,9,46,18,01/05/2013,SP,355030,São Paulo,,1,,2013,18,1
M,9,53,18,02/05/2013,SP,355030,São Paulo,,1,,2013,18,1
M,1,33,18,30/04/2013,SP,355030,São Paulo,,1,,2013,18,1
F,2,39,18,03/05/2013,SP,355030,São Paulo,,1,,2013,18,1
F,1,84,18,03/05/2013,SP,355030,São Paulo,,1,,2013,18,1
F,2,0,18,04/05/2013,SP,355030,São Paulo,,1,,2013,18,1
M,1,88,20,13/05/2013,SP,355030,São Paulo,,1,,2013,20,1
F,9,79,18,03/05/2013,SP,355030,São Paulo,,1,,2013,18,1
M,9,79,19,11/05/2013,SP,355030,São Paulo,,1,,2013,19,1
M,9,9,19,08/05/2013,SP,355030,São Paulo,,1,,2013,19,1
F,4,71,19,09/05/2013,SP,355030,São Paulo,,1,,2013,19,1
M,2,79,19,11/05/2013,SP,355030,São Paulo,,1,,2013,19,1
F,4,69,19,09/05/2013,SP,355030,São Paulo,,1,,2013,19,1
M,4,0,20,12/05/2013,SP,355030,São Paulo,,1,,2013,20,1
M,9,46,17,27/04/2013,SP,355030,São Paulo,,1,,2013,17,1
M,9,58,17,25/04/2013,SP,355030,São Paulo,,1,,2013,17,1
F,9,40,18,01/05/2013,SP,355030,São Paulo,,1,,2013,18,1
M,1,90,18,04/05/2013,SP,355030,São Paulo,,1,,2013,18,1
M,1,62,19,05/05/2013,SP,355030,São Paulo,,1,,2013,19,1
M,9,43,18,01/05/2013,SP,355030,São Paulo,,1,,2013,18,1
F,1,57,19,05/05/2013,SP,355030,São Paulo,,1,,2013,19,1
F,1,20,18,01/05/2013,SP,355030,São Paulo,,1,,2013,18,1
F,4,27,19,10/05/2013,SP,355030,São Paulo,,1,,2013,19,1
F,1,21,17,27/04/2013,SP,355030,São Paulo,,1,,2013,17,1
M,9,39,20,15/05/2013,SP,355030,São Paulo,,3,,2013,20,1
M,4,60,19,08/05/2013,SP,355030,São Paulo,,1,,2013,19,1
M,1,62,18,03/05/2013,SP,355030,São Paulo,,1,,2013,18,1
M,9,55,19,05/05/2013,SP,355030,São Paulo,,1,,2013,19,1
F,1,66,20,14/05/2013,SP,355030,São Paulo,,1,,2013,20,1
F,1,44,19,10/05/2013,SP,355030,São Paulo,,1,,2013,19,1
F,,37,20,16/05/2013,SP,355030,São Paulo,,1,,2013,20,1
M,1,1,18,01/05/2013,SP,355030,São Paulo,,1,,2013,18,1
M,4,13,20,14/05/2013,SP,355030,São Paulo,,1,,2013,20,1
F,4,3,19,05/05/2013,SP,355030,São Paulo,,4,,2013,19,1
F,1,36,20,12/05/2013,SP,355030,São Paulo,,1,,2013,20,1
M,9,26,19,07/05/2013,SP,355030,São Paulo,,1,,2013,19,1
F,1,80,20,16/05/2013,SP,355030,São Paulo,,1,,2013,20,1
M,1,27,20,14/05/2013,SP,355030,São Paulo,,1,,2013,20,1
F,9,55,20,17/05/2013,SP,355030,São Paulo,,1,,2013,20,1
M,9,56,20,14/05/2013,SP,355030,São Paulo,,1,,2013,20,1
F,4,60,20,17/05/2013,SP,355030,São Paulo,,1,,2013,20,1
M,9,58,20,16/05/2013,SP,355030,São Paulo,,1,,2013,20,1
M,9,47,20,15/05/2013,SP,355030,São Paulo,,1,,2013,20,1
M,9,2,20,15/05/2013,SP,355030,São Paulo,,1,,2013,20,1
F,9,29,20,17/05/2013,SP,355030,São Paulo,,1,,2013,20,1
F,1,62,19,06/05/2013,SP,355030,São Paulo,,1,,2013,19,1
F,1,45,19,11/05/2013,SP,355030,São Paulo,,1,,2013,19,1
M,,0,20,16/05/2013,SP,355030,São Paulo,,1,,2013,20,1
M,,41,19,07/05/2013,SP,355030,São Paulo,,1,,2013,19,1
F,9,2,19,11/05/2013,SP,355030,São Paulo,,1,,2013,19,1
F,1,9,19,09/05/2013,SP,355030,São Paulo,,4,,2013,19,1
F,2,47,18,04/05/2013,SP,355030,São Paulo,,1,,2013,18,1
F,3,83,20,17/05/2013,SP,355030,São Paulo,,1,,2013,20,1
F,1,30,18,29/04/2013,SP,355030,São Paulo,,1,,2013,18,1
M,1,61,21,19/05/2013,SP,355030,São Paulo,,1,,2013,21,1
F,1,76,20,12/05/2013,SP,355030,São Paulo,,1,,2013,20,1
F,1,34,20,15/05/2013,SP,355030,São Paulo,,1,,2013,20,1
F,1,56,21,19/05/2013,SP,355030,São Paulo,,1,,2013,21,1
M,1,40,21,19/05/2013,SP,355030,São Paulo,,1,,2013,21,1
F,1,21,19,10/05/2013,SP,355030,São Paulo,,1,,2013,19,1
M,1,42,19,08/05/2013,SP,355030,São Paulo,,1,,2013,19,1
F,4,54,13,29/03/2013,SP,355030,São Paulo,,1,,2013,13,1
M,1,56,20,14/05/2013,SP,355030,São Paulo,,1,,2013,20,1
M,1,3,20,13/05/2013,SP,355030,São Paulo,,1,,2013,20,1
F,9,35,20,12/05/2013,SP,355030,São Paulo,,1,,2013,20,1
M,9,83,20,14/05/2013,SP,355030,São Paulo,,1,,2013,20,1
F,1,1,20,12/05/2013,SP,355030,São Paulo,,1,,2013,20,1
F,1,34,18,30/04/2013,SP,355030,São Paulo,,1,,2013,18,1
F,1,73,19,10/05/2013,SP,355030,São Paulo,,1,,2013,19,1
F,1,44,18,04/05/2013,SP,355030,São Paulo,,1,,2013,18,1
F,1,1,18,29/04/2013,SP,355030,São Paulo,,1,,2013,18,1
F,1,75,18,02/05/2013,SP,355030,São Paulo,,1,,2013,18,1
M,1,54,19,05/05/2013,SP,355030,São Paulo,,1,,2013,19,1
M,1,87,21,21/05/2013,SP,355030,São Paulo,,1,,2013,21,1
M,,39,18,02/05/2013,SP,355030,São Paulo,,1,,2013,18,1
F,1,5,20,16/05/2013,SP,355030,São Paulo,,1,,2013,20,1
M,1,1,21,21/05/2013,SP,355030,São Paulo,,1,,2013,21,1
F,4,56,21,22/05/2013,SP,355030,São Paulo,,1,,2013,21,1
M,9,29,20,15/05/2013,SP,355030,São Paulo,,1,,2013,20,1
M,1,0,20,18/05/2013,SP,355030,São Paulo,,1,,2013,20,1
F,1,27,20,17/05/2013,SP,355030,São Paulo,,1,,2013,20,1
M,1,0,21,20/05/2013,SP,355030,São Paulo,,1,,2013,21,1
M,1,49,21,21/05/2013,SP,355030,São Paulo,,1,,2013,21,1
F,1,54,19,09/05/2013,SP,355030,São Paulo,,1,,2013,19,1
M,1,7,20,14/05/2013,SP,355030,São Paulo,,1,,2013,20,1
F,1,0,19,10/05/2013,SP,355030,São Paulo,,1,,2013,19,1
M,3,2,20,14/05/2013,SP,355030,São Paulo,,1,,2013,20,1
M,1,50,21,20/05/2013,SP,355030,São Paulo,,1,,2013,21,1
M,9,32,19,08/05/2013,SP,355030,São Paulo,,1,,2013,19,1
M,1,32,20,12/05/2013,SP,355030,São Paulo,,1,,2013,20,1
F,4,36,20,18/05/2013,SP,355030,São Paulo,,1,,2013,20,1
F,1,31,21,19/05/2013,SP,355030,São Paulo,,1,,2013,21,1
F,3,64,20,15/05/2013,SP,355030,São Paulo,,1,,2013,20,1
M,1,7,21,19/05/2013,SP,355030,São Paulo,,1,,2013,21,1
M,1,0,19,08/05/2013,SP,355030,São Paulo,,1,,2013,19,1
F,9,32,20,12/05/2013,SP,355030,São Paulo,,1,,2013,20,1
F,1,43,20,15/05/2013,SP,355030,São Paulo,,1,,2013,20,1
F,1,65,20,12/05/2013,SP,355030,São Paulo,,1,,2013,20,1
F,4,34,20,13/05/2013,SP,355030,São Paulo,,1,,2013,20,1
M,1,46,20,18/05/2013,SP,355030,São Paulo,,1,,2013,20,1
M,1,13,21,20/05/2013,SP,355030,São Paulo,,1,,2013,21,1
F,1,0,18,30/04/2013,SP,355030,São Paulo,,1,,2013,18,1
M,9,44,21,23/05/2013,SP,355030,São Paulo,,1,,2013,21,1
F,4,9,21,20/05/2013,SP,355030,São Paulo,,1,,2013,21,1
F,1,5,18,01/05/2013,SP,355030,São Paulo,,1,,2013,18,1
F,1,35,18,30/04/2013,SP,355030,São Paulo,,1,,2013,18,1
F,3,59,21,21/05/2013,SP,355030,São Paulo,,1,,2013,21,1
F,1,37,21,24/05/2013,SP,355030,São Paulo,,1,,2013,21,1
M,9,24,17,27/04/2013,SP,355030,São Paulo,,1,,2013,17,1
M,9,58,21,23/05/2013,SP,355030,São Paulo,,1,,2013,21,1
M,9,0,20,16/05/2013,SP,355030,São Paulo,,1,,2013,20,1
F,9,27,21,25/05/2013,SP,355030,São Paulo,,1,,2013,21,1
F,9,87,20,15/05/2013,SP,355030,São Paulo,,1,,2013,20,1
M,9,3,19,10/05/2013,SP,355030,São Paulo,,1,,2013,19,1
F,4,59,21,25/05/2013,SP,355030,São Paulo,,1,,2013,21,1
M,9,1,21,19/05/2013,SP,355030,São Paulo,,1,,2013,21,1
F,9,0,19,11/05/2013,SP,355030,São Paulo,,1,,2013,19,1
F,1,54,22,26/05/2013,SP,355030,São Paulo,,1,,2013,22,1
F,1,0,17,24/04/2013,SP,355030,São Paulo,,1,,2013,17,1
M,1,42,21,23/05/2013,SP,355030,São Paulo,,1,,2013,21,1
M,1,59,22,27/05/2013,SP,355030,São Paulo,,1,,2013,22,1
M,4,63,21,24/05/2013,SP,355030,São Paulo,,1,,2013,21,1
M,1,39,19,10/05/2013,SP,355030,São Paulo,,1,,2013,19,1
F,1,73,20,12/05/2013,SP,355030,São Paulo,,1,,2013,20,1
F,1,0,19,11/05/2013,SP,355030,São Paulo,,1,,2013,19,1
M,4,0,22,27/05/2013,SP,355030,São Paulo,,1,,2013,22,1
M,4,47,18,02/05/2013,SP,355030,São Paulo,,1,,2013,18,1
F,1,7,22,27/05/2013,SP,355030,São Paulo,,1,,2013,22,1
F,4,64,20,13/05/2013,SP,355030,São Paulo,,1,,2013,20,1
M,2,58,21,23/05/2013,SP,355030,São Paulo,,1,,2013,21,1
F,9,63,22,28/05/2013,SP,355030,São Paulo,,1,,2013,22,1
M,2,42,22,31/05/2013,SP,355030,São Paulo,,1,,2013,22,1
M,9,63,22,30/05/2013,SP,355030,São Paulo,,1,,2013,22,1
F,1,29,22,30/05/2013,SP,355030,São Paulo,,1,,2013,22,1
M,1,62,19,06/05/2013,SP,355030,São Paulo,,1,,2013,19,1
M,9,83,21,20/05/2013,SP,355030,São Paulo,,1,,2013,21,1
M,1,58,21,21/05/2013,SP,355030,São Paulo,,1,,2013,21,1
M,1,26,21,20/05/2013,SP,355030,São Paulo,,1,,2013,21,1
M,1,22,22,27/05/2013,SP,355030,São Paulo,,1,,2013,22,1
F,1,29,22,31/05/2013,SP,355030,São Paulo,,1,,2013,22,1
F,1,77,22,28/05/2013,SP,355030,São Paulo,,1,,2013,22,1
M,1,82,19,07/05/2013,SP,355030,São Paulo,,1,,2013,19,1
M,1,35,22,29/05/2013,SP,355030,São Paulo,,1,,2013,22,1
F,1,0,19,06/05/2013,SP,355030,São Paulo,,1,,2013,19,1
M,1,80,21,25/05/2013,SP,355030,São Paulo,,1,,2013,21,1
M,9,47,22,30/05/2013,SP,355030,São Paulo,,1,,2013,22,1
F,1,46,19,06/05/2013,SP,355030,São Paulo,,1,,2013,19,1
F,1,2,18,04/05/2013,SP,355030,São Paulo,,1,,2013,18,1
M,1,53,22,30/05/2013,SP,355030,São Paulo,,1,,2013,22,1
M,1,61,21,22/05/2013,SP,355030,São Paulo,,1,,2013,21,1
F,9,46,20,12/05/2013,SP,355030,São Paulo,,1,,2013,20,1
F,1,82,18,03/05/2013,SP,355030,São Paulo,,1,,2013,18,1
M,9,13,18,30/04/2013,SP,355030,São Paulo,,1,,2013,18,1
M,1,29,20,15/05/2013,SP,355030,São Paulo,,1,,2013,20,1
F,9,30,20,18/05/2013,SP,355030,São Paulo,,1,,2013,20,1
F,4,55,19,11/05/2013,SP,355030,São Paulo,,1,,2013,19,1
F,1,32,20,12/05/2013,SP,355030,São Paulo,,1,,2013,20,1
F,9,58,19,10/05/2013,SP,355030,São Paulo,,1,,2013,19,1
F,1,84,22,26/05/2013,SP,355030,São Paulo,,1,,2013,22,1
F,1,45,19,09/05/2013,SP,355030,São Paulo,,1,,2013,19,1
M,9,3,21,23/05/2013,SP,355030,São Paulo,,1,,2013,21,1
F,1,33,22,30/05/2013,SP,355030,São Paulo,,1,,2013,22,1
F,9,1,22,28/05/2013,SP,355030,São Paulo,,1,,2013,22,1
M,9,54,22,30/05/2013,SP,355030,São Paulo,,1,,2013,22,1
F,1,51,22,29/05/2013,SP,355030,São Paulo,,1,,2013,22,1
M,9,51,17,27/04/2013,SP,355030,São Paulo,,1,,2013,17,1
M,1,24,22,27/05/2013,SP,355030,São Paulo,,4,,2013,22,1
F,4,57,19,06/05/2013,SP,355030,São Paulo,,1,,2013,19,1
F,9,53,21,20/05/2013,SP,355030,São Paulo,,1,,2013,21,1
F,1,24,22,29/05/2013,SP,355030,São Paulo,,1,,2013,22,1
M,1,59,22,30/05/2013,SP,355030,São Paulo,,1,,2013,22,1
M,9,33,21,22/05/2013,SP,355030,São Paulo,,1,,2013,21,1
M,,46,19,11/05/2013,SP,355030,São Paulo,,1,,2013,19,1
M,9,45,20,16/05/2013,SP,355030,São Paulo,,1,,2013,20,1
F,1,41,23,02/06/2013,SP,355030,São Paulo,,1,,2013,23,1
M,1,56,23,04/06/2013,SP,355030,São Paulo,,1,,2013,23,1
F,1,56,21,25/05/2013,SP,355030,São Paulo,,1,,2013,21,1
M,4,43,22,01/06/2013,SP,355030,São Paulo,,1,,2013,22,1
M,3,47,19,10/05/2013,SP,355030,São Paulo,,1,,2013,19,1
M,1,41,22,26/05/2013,SP,355030,São Paulo,,1,,2013,22,1
F,9,57,18,29/04/2013,SP,355030,São Paulo,,1,,2013,18,1
M,1,36,17,21/04/2013,SP,355030,São Paulo,,1,,2013,17,1
F,3,49,17,22/04/2013,SP,355030,São Paulo,,1,,2013,17,1
M,1,33,17,23/04/2013,SP,355030,São Paulo,,1,,2013,17,1
M,1,73,23,03/06/2013,SP,355030,São Paulo,,1,,2013,23,1
F,9,60,17,26/04/2013,SP,355030,São Paulo,,1,,2013,17,1
M,9,72,21,25/05/2013,SP,355030,São Paulo,,1,,2013,21,1
F,9,80,18,30/04/2013,SP,355030,São Paulo,,1,,2013,18,1
F,,4,20,12/05/2013,SP,355030,São Paulo,,1,,2013,20,1
M,9,24,22,26/05/2013,SP,355030,São Paulo,,4,,2013,22,1
F,9,58,23,02/06/2013,SP,355030,São Paulo,,1,,2013,23,1
F,,33,20,12/05/2013,SP,355030,São Paulo,,1,,2013,20,1
F,1,56,23,05/06/2013,SP,355030,São Paulo,,1,,2013,23,1
F,1,35,20,17/05/2013,SP,355030,São Paulo,,1,,2013,20,1
F,,34,17,21/04/2013,SP,355030,São Paulo,,1,,2013,17,1
F,3,57,23,08/06/2013,SP,355030,São Paulo,,1,,2013,23,1
F,4,3,23,08/06/2013,SP,355030,São Paulo,,1,,2013,23,1
F,1,23,23,05/06/2013,SP,355030,São Paulo,,1,,2013,23,1
F,1,60,20,18/05/2013,SP,355030,São Paulo,,1,,2013,20,1
F,9,50,23,03/06/2013,SP,355030,São Paulo,,1,,2013,23,1
M,9,38,21,20/05/2013,SP,355030,São Paulo,,1,,2013,21,1
M,1,9,23,05/06/2013,SP,355030,São Paulo,,4,,2013,23,1
M,4,39,23,07/06/2013,SP,355030,São Paulo,,1,,2013,23,1
F,1,53,19,10/05/2013,SP,355030,São Paulo,,1,,2013,19,1
M,4,59,23,03/06/2013,SP,355030,São Paulo,,1,,2013,23,1
M,4,14,23,03/06/2013,SP,355030,São Paulo,,1,,2013,23,1
M,2,44,23,04/06/2013,SP,355030,São Paulo,,1,,2013,23,1
M,9,3,22,28/05/2013,SP,355030,São Paulo,,1,,2013,22,1
F,9,57,18,28/04/2013,SP,355030,São Paulo,,1,,2013,18,1
F,1,55,24,09/06/2013,SP,355030,São Paulo,,1,,2013,24,1
M,,25,22,27/05/2013,SP,355030,São Paulo,,1,,2013,22,1
F,,30,22,27/05/2013,SP,355030,São Paulo,,1,,2013,22,1
M,9,56,21,25/05/2013,SP,355030,São Paulo,,1,,2013,21,1
M,4,58,23,06/06/2013,SP,355030,São Paulo,,1,,2013,23,1
M,2,45,21,23/05/2013,SP,355030,São Paulo,,1,,2013,21,1
M,1,72,22,29/05/2013,SP,355030,São Paulo,,1,,2013,22,1
F,1,56,23,05/06/2013,SP,355030,São Paulo,,1,,2013,23,1
M,9,51,23,03/06/2013,SP,355030,São Paulo,,1,,2013,23,1
M,9,44,22,30/05/2013,SP,355030,São Paulo,,1,,2013,22,1
M,9,20,23,08/06/2013,SP,355030,São Paulo,,1,,2013,23,1
F,4,17,20,15/05/2013,SP,355030,São Paulo,,1,,2013,20,1
F,1,0,23,08/06/2013,SP,355030,São Paulo,,3,,2013,23,1
F,1,72,23,06/06/2013,SP,355030,São Paulo,,1,,2013,23,1
M,9,75,23,08/06/2013,SP,355030,São Paulo,,3,,2013,23,1
M,9,38,23,06/06/2013,SP,355030,São Paulo,,1,,2013,23,1
F,9,36,23,06/06/2013,SP,355030,São Paulo,,1,,2013,23,1
F,1,64,22,30/05/2013,SP,355030,São Paulo,,1,,2013,22,1
M,4,48,23,02/06/2013,SP,355030,São Paulo,,1,,2013,23,1
M,1,13,24,15/06/2013,SP,355030,São Paulo,,1,,2013,24,1
F,9,80,23,05/06/2013,SP,355030,São Paulo,,3,,2013,23,1
M,2,0,24,14/06/2013,SP,355030,São Paulo,,1,,2013,24,1
F,1,0,18,02/05/2013,SP,355030,São Paulo,,1,,2013,18,1
F,9,35,20,17/05/2013,SP,355030,São Paulo,,1,,2013,20,1
M,1,1,21,22/05/2013,SP,355030,São Paulo,,1,,2013,21,1
M,1,33,20,15/05/2013,SP,355030,São Paulo,,1,,2013,20,1
F,1,64,21,20/05/2013,SP,355030,São Paulo,,1,,2013,21,1
F,1,41,21,23/05/2013,SP,355030,São Paulo,,1,,2013,21,1
F,9,5,11,16/03/2013,SP,355030,São Paulo,,1,,2013,11,1
M,1,1,24,10/06/2013,SP,355030,São Paulo,,1,,2013,24,1
F,1,1,25,16/06/2013,SP,355030,São Paulo,,1,,2013,25,1
M,1,70,23,08/06/2013,SP,355030,São Paulo,,1,,2013,23,1
F,1,64,24,10/06/2013,SP,355030,São Paulo,,1,,2013,24,1
F,9,2,24,14/06/2013,SP,355030,São Paulo,,1,,2013,24,1
M,1,41,25,18/06/2013,SP,355030,São Paulo,,1,,2013,25,1
F,9,60,25,17/06/2013,SP,355030,São Paulo,,1,,2013,25,1
F,9,0,24,10/06/2013,SP,355030,São Paulo,,1,,2013,24,1
M,9,0,24,15/06/2013,SP,355030,São Paulo,,1,,2013,24,1
M,,63,24,14/06/2013,SP,355030,São Paulo,,4,,2013,24,1
M,1,0,23,03/06/2013,SP,355030,São Paulo,,1,,2013,23,1
F,4,49,24,10/06/2013,SP,355030,São Paulo,,1,,2013,24,1
F,1,0,24,15/06/2013,SP,355030,São Paulo,,1,,2013,24,1
F,1,46,25,16/06/2013,SP,355030,São Paulo,,1,,2013,25,1
M,9,0,20,18/05/2013,SP,355030,São Paulo,,1,,2013,20,1
M,3,61,21,25/05/2013,SP,355030,São Paulo,,1,,2013,21,1
F,1,38,25,20/06/2013,SP,355030,São Paulo,,1,,2013,25,1
F,9,48,23,07/06/2013,SP,355030,São Paulo,,1,,2013,23,1
M,1,13,20,18/05/2013,SP,355030,São Paulo,,1,,2013,20,1
F,9,0,23,05/06/2013,SP,355030,São Paulo,,4,,2013,23,1
M,1,35,22,26/05/2013,SP,355030,São Paulo,,1,,2013,22,1
F,1,43,25,17/06/2013,SP,355030,São Paulo,,1,,2013,25,1
F,9,64,23,05/06/2013,SP,355030,São Paulo,,4,,2013,23,1
F,1,45,20,13/05/2013,SP,355030,São Paulo,,1,,2013,20,1
M,1,27,23,08/06/2013,SP,355030,São Paulo,,1,,2013,23,1
M,4,33,26,26/06/2013,SP,355030,São Paulo,,1,,2013,26,1
F,1,6,26,26/06/2013,SP,355030,São Paulo,,1,,2013,26,1
M,9,2,25,19/06/2013,SP,355030,São Paulo,,3,,2013,25,1
M,1,36,26,23/06/2013,SP,355030,São Paulo,,1,,2013,26,1
M,9,40,23,08/06/2013,SP,355030,São Paulo,,1,,2013,23,1
M,1,44,21,25/05/2013,SP,355030,São Paulo,,1,,2013,21,1
M,1,54,21,25/05/2013,SP,355030,São Paulo,,1,,2013,21,1
M,1,51,22,26/05/2013,SP,355030,São Paulo,,1,,2013,22,1
M,1,50,26,26/06/2013,SP,355030,São Paulo,,1,,2013,26,1
F,1,59,26,27/06/2013,SP,355030,São Paulo,,1,,2013,26,1
F,1,45,24,11/06/2013,SP,355030,São Paulo,,1,,2013,24,1
M,1,63,19,10/05/2013,SP,355030,São Paulo,,1,,2013,19,1
M,4,2,23,06/06/2013,SP,355030,São Paulo,,1,,2013,23,1
F,1,52,23,05/06/2013,SP,355030,São Paulo,,3,,2013,23,1
M,1,19,21,20/05/2013,SP,355030,São Paulo,,1,,2013,21,1
M,1,41,17,25/04/2013,SP,355030,São Paulo,,1,,2013,17,1
F,1,38,21,21/05/2013,SP,355030,São Paulo,,1,,2013,21,1
M,4,7,17,22/04/2013,SP,355030,São Paulo,,1,,2013,17,1
F,1,66,26,24/06/2013,SP,355030,São Paulo,,3,,2013,26,1
F,1,55,26,28/06/2013,SP,355030,São Paulo,,1,,2013,26,1
F,,7,26,28/06/2013,SP,355030,São Paulo,,1,,2013,26,1
F,9,59,16,18/04/2013,SP,355030,São Paulo,,1,,2013,16,1
F,1,74,26,27/06/2013,SP,355030,São Paulo,,1,,2013,26,1
M,1,43,28,07/07/2013,SP,355030,São Paulo,,1,,2013,28,1
M,9,54,26,25/06/2013,SP,355030,São Paulo,,1,,2013,26,1
F,1,67,28,08/07/2013,SP,355030,São Paulo,,3,,2013,28,1
M,1,47,26,29/06/2013,SP,355030,São Paulo,,3,,2013,26,1
F,1,5,15,08/04/2013,SP,355030,São Paulo,,1,,2013,15,1
M,1,10,29,15/07/2013,SP,355030,São Paulo,,1,,2013,29,1
F,1,44,27,05/07/2013,SP,355030,São Paulo,,1,,2013,27,1
F,1,58,29,18/07/2013,SP,355030,São Paulo,,1,,2013,29,1
M,1,13,29,16/07/2013,SP,355030,São Paulo,,1,,2013,29,1
F,1,39,28,13/07/2013,SP,355030,São Paulo,,1,,2013,28,1
F,9,56,29,15/07/2013,SP,355030,São Paulo,,1,,2013,29,1
M,1,61,21,20/05/2013,SP,355030,São Paulo,,1,,2013,21,1
M,9,80,25,18/06/2013,SP,355030,São Paulo,,1,,2013,25,1
F,1,30,29,14/07/2013,SP,355030,São Paulo,,3,,2013,29,1
M,1,35,28,13/07/2013,SP,355030,São Paulo,,1,,2013,28,1
F,1,31,28,13/07/2013,SP,355030,São Paulo,,1,,2013,28,1
M,1,45,30,25/07/2013,SP,355030,São Paulo,,1,,2013,30,1
M,1,1,29,19/07/2013,SP,355030,São Paulo,,1,,2013,29,1
F,9,57,28,11/07/2013,SP,355030,São Paulo,,1,,2013,28,1
F,1,79,30,27/07/2013,SP,355030,São Paulo,,3,,2013,30,1
M,1,32,27,05/07/2013,SP,355030,São Paulo,,1,,2013,27,1
M,1,45,31,03/08/2013,SP,355030,São Paulo,,1,,2013,31,1
F,1,30,30,27/07/2013,SP,355030,São Paulo,,1,,2013,30,1
M,1,72,32,08/08/2013,SP,355030,São Paulo,,1,,2013,32,1
M,1,0,29,19/07/2013,SP,355030,São Paulo,,1,,2013,29,1
M,9,57,34,20/08/2013,SP,355030,São Paulo,,1,,2013,34,1
M,3,23,35,25/08/2013,SP,355030,São Paulo,,3,,2013,35,1
F,9,84,25,22/06/2013,SP,355030,São Paulo,,1,,2013,25,1
M,9,44,36,07/09/2013,SP,355030,São Paulo,,1,,2013,36,1
F,1,0,32,04/08/2013,SP,355030,São Paulo,,1,,2013,32,1
F,1,30,37,14/09/2013,SP,355030,São Paulo,,3,,2013,37,1
F,1,56,37,13/09/2013,SP,355030,São Paulo,,1,,2013,37,1
F,9,75,36,03/09/2013,SP,355030,São Paulo,,1,,2013,36,1
M,1,1,38,21/09/2013,SP,355030,São Paulo,,3,,2013,38,1
M,4,14,40,03/10/2013,SP,355030,São Paulo,,3,,2013,40,1
M,4,40,40,02/10/2013,SP,355030,São Paulo,,3,,2013,40,1
F,1,39,38,18/09/2013,SP,355030,São Paulo,,1,,2013,38,1
M,1,39,38,18/09/2013,SP,355030,São Paulo,,1,,2013,38,1
F,1,1,43,21/10/2013,SP,355030,São Paulo,,3,,2013,43,1
F,1,91,43,25/10/2013,SP,355030,São Paulo,,3,,2013,43,1
F,1,32,37,11/09/2013,SP,355030,São Paulo,,1,,2013,37,1
M,1,1,45,09/11/2013,SP,355030,São Paulo,,3,,2013,45,1
F,1,82,46,10/11/2013,SP,355030,São Paulo,,3,,2013,46,1
F,4,37,47,22/11/2013,SP,355030,São Paulo,,3,,2013,47,1
F,4,55,47,20/11/2013,SP,355030,São Paulo,,1,,2013,47,1
M,3,56,47,18/11/2013,SP,355030,São Paulo,,4,,2013,47,1
M,3,89,49,07/12/2013,SP,355030,São Paulo,,3,,2013,49,1
F,9,64,50,13/12/2013,SP,355030,São Paulo,,1,,2013,50,1
M,1,0,50,14/12/2013,SP,355030,São Paulo,,3,,2013,50,1
F,1,29,46,15/11/2013,SP,355030,São Paulo,,3,,2013,46,1
M,1,16,46,15/11/2013,SP,355030,São Paulo,,3,,2013,46,1
M,2,59,2,05/01/2014,SP,355030,São Paulo,,3,,2014,2,1
F,1,60,1,01/01/2014,SP,355030,São Paulo,,1,,2014,1,1
M,9,57,2,05/01/2014,SP,355030,São Paulo,,3,,2014,2,1
F,1,60,3,15/01/2014,SP,355030,São Paulo,,3,,2014,3,1
M,9,51,1,04/01/2014,SP,355030,São Paulo,,1,,2014,1,1
F,1,55,3,15/01/2014,SP,355030,São Paulo,,1,,2014,3,1
M,9,72,3,17/01/2014,SP,355030,São Paulo,,4,,2014,3,1
F,1,33,5,28/01/2014,SP,355030,São Paulo,,3,,2014,5,1
F,9,66,4,20/01/2014,SP,355030,São Paulo,,1,,2014,4,1
M,2,4,7,10/02/2014,SP,355030,São Paulo,,4,,2014,7,1
F,1,38,5,01/02/2014,SP,355030,São Paulo,,4,,2014,5,1
F,9,77,5,29/01/2014,SP,355030,São Paulo,,4,,2014,5,1
M,9,60,3,13/01/2014,SP,355030,São Paulo,,3,,2014,3,1
F,4,23,8,17/02/2014,SP,355030,São Paulo,,3,,2014,8,1
M,9,16,3,13/01/2014,SP,355030,São Paulo,,3,,2014,3,1
M,9,38,1,02/01/2014,SP,355030,São Paulo,,1,,2014,1,1
M,1,1,10,04/03/2014,SP,355030,São Paulo,,3,,2014,10,1
F,9,27,10,03/03/2014,SP,355030,São Paulo,,3,,2014,10,1
F,2,29,12,17/03/2014,SP,355030,São Paulo,,3,,2014,12,1
M,4,4,11,12/03/2014,SP,355030,São Paulo,,4,,2014,11,1
M,1,1,12,19/03/2014,SP,355030,São Paulo,,4,,2014,12,1
M,1,31,11,12/03/2014,SP,355030,São Paulo,,3,,2014,11,1
M,1,73,12,20/03/2014,SP,355030,São Paulo,,4,,2014,12,1
F,1,59,13,28/03/2014,SP,355030,São Paulo,,4,,2014,13,1
F,,6,13,25/03/2014,SP,355030,São Paulo,,3,,2014,13,1
M,,0,13,23/03/2014,SP,355030,São Paulo,,3,,2014,13,1
M,9,81,11,14/03/2014,SP,355030,São Paulo,,1,,2014,11,1
M,1,5,13,25/03/2014,SP,355030,São Paulo,,3,,2014,13,1
F,9,33,13,24/03/2014,SP,355030,São Paulo,,1,,2014,13,1
F,4,30,13,24/03/2014,SP,355030,São Paulo,,3,,2014,13,1
F,1,70,14,05/04/2014,SP,355030,São Paulo,,3,,2014,14,1
M,,3,14,04/04/2014,SP,355030,São Paulo,,3,,2014,14,1
F,1,0,12,22/03/2014,SP,355030,São Paulo,,3,,2014,12,1
F,9,8,15,08/04/2014,SP,355030,São Paulo,,3,,2014,15,1
F,9,3,14,01/04/2014,SP,355030,São Paulo,,1,,2014,14,1
M,1,2,13,23/03/2014,SP,355030,São Paulo,,3,,2014,13,1
M,9,62,15,07/04/2014,SP,355030,São Paulo,,1,,2014,15,1
F,1,85,16,18/04/2014,SP,355030,São Paulo,,3,,2014,16,1
F,1,17,17,20/04/2014,SP,355030,São Paulo,,3,,2014,17,1
F,9,20,16,16/04/2014,SP,355030,São Paulo,,1,,2014,16,1
F,1,62,16,17/04/2014,SP,355030,São Paulo,,3,,2014,16,1
M,1,7,14,04/04/2014,SP,355030,São Paulo,,3,,2014,14,1
F,1,32,17,20/04/2014,SP,355030,São Paulo,,3,,2014,17,1
F,1,29,17,20/04/2014,SP,355030,São Paulo,,4,,2014,17,1
M,1,71,15,06/04/2014,SP,355030,São Paulo,,3,,2014,15,1
M,1,5,15,12/04/2014,SP,355030,São Paulo,,3,,2014,15,1
M,9,65,17,21/04/2014,SP,355030,São Paulo,,3,,2014,17,1
M,9,44,16,18/04/2014,SP,355030,São Paulo,,1,,2014,16,1
F,1,84,16,14/04/2014,SP,355030,São Paulo,,3,,2014,16,1
M,1,56,13,26/03/2014,SP,355030,São Paulo,,3,,2014,13,1
M,1,30,14,31/03/2014,SP,355030,São Paulo,,3,,2014,14,1
M,1,36,16,15/04/2014,SP,355030,São Paulo,,3,,2014,16,1
M,9,56,12,16/03/2014,SP,355030,São Paulo,,3,,2014,12,1
F,4,34,14,31/03/2014,SP,355030,São Paulo,,3,,2014,14,1
F,9,19,18,29/04/2014,SP,355030,São Paulo,,3,,2014,18,1
F,9,36,18,30/04/2014,SP,355030,São Paulo,,3,,2014,18,1
M,4,0,18,30/04/2014,SP,355030,São Paulo,,3,,2014,18,1
M,1,65,16,16/04/2014,SP,355030,São Paulo,,4,,2014,16,1
M,9,24,15,12/04/2014,SP,355030,São Paulo,,3,,2014,15,1
M,9,91,17,20/04/2014,SP,355030,São Paulo,,3,,2014,17,1
M,1,74,15,12/04/2014,SP,355030,São Paulo,,3,,2014,15,1
M,1,4,17,25/04/2014,SP,355030,São Paulo,,3,,2014,17,1
F,1,28,18,27/04/2014,SP,355030,São Paulo,,3,,2014,18,1
M,1,9,18,03/05/2014,SP,355030,São Paulo,,4,,2014,18,1
M,9,1,12,21/03/2014,SP,355030,São Paulo,,3,,2014,12,1
M,9,2,17,24/04/2014,SP,355030,São Paulo,,3,,2014,17,1
F,4,24,19,09/05/2014,SP,355030,São Paulo,,3,,2014,19,1
F,1,3,19,08/05/2014,SP,355030,São Paulo,,3,,2014,19,1
M,1,44,19,08/05/2014,SP,355030,São Paulo,,1,,2014,19,1
F,9,89,16,14/04/2014,SP,355030,São Paulo,,4,,2014,16,1
F,9,60,17,20/04/2014,SP,355030,São Paulo,,4,,2014,17,1
F,4,31,18,30/04/2014,SP,355030,São Paulo,,3,,2014,18,1
M,1,0,19,05/05/2014,SP,355030,São Paulo,,3,,2014,19,1
F,1,68,18,29/04/2014,SP,355030,São Paulo,,3,,2014,18,1
F,1,20,19,08/05/2014,SP,355030,São Paulo,,3,,2014,19,1
F,1,29,17,22/04/2014,SP,355030,São Paulo,,3,,2014,17,1
F,1,66,19,10/05/2014,SP,355030,São Paulo,,1,,2014,19,1
F,9,47,18,02/05/2014,SP,355030,São Paulo,,1,,2014,18,1
M,9,5,19,10/05/2014,SP,355030,São Paulo,,3,,2014,19,1
F,1,59,19,07/05/2014,SP,355030,São Paulo,,3,,2014,19,1
F,1,80,19,10/05/2014,SP,355030,São Paulo,,3,,2014,19,1
F,9,27,20,16/05/2014,SP,355030,São Paulo,,3,,2014,20,1
M,1,17,20,12/05/2014,SP,355030,São Paulo,,3,,2014,20,1
F,4,2,21,18/05/2014,SP,355030,São Paulo,,3,,2014,21,1
M,1,68,20,13/05/2014,SP,355030,São Paulo,,4,,2014,20,1
M,9,1,20,16/05/2014,SP,355030,São Paulo,,3,,2014,20,1
F,1,27,21,18/05/2014,SP,355030,São Paulo,,4,,2014,21,1
F,1,82,19,09/05/2014,SP,355030,São Paulo,,4,,2014,19,1
M,9,41,20,14/05/2014,SP,355030,São Paulo,,3,,2014,20,1
F,1,60,21,18/05/2014,SP,355030,São Paulo,,4,,2014,21,1
M,1,24,19,04/05/2014,SP,355030,São Paulo,,3,,2014,19,1
F,1,77,21,22/05/2014,SP,355030,São Paulo,,3,,2014,21,1
M,1,65,21,21/05/2014,SP,355030,São Paulo,,3,,2014,21,1
M,9,79,19,06/05/2014,SP,355030,São Paulo,,3,,2014,19,1
F,1,34,21,21/05/2014,SP,355030,São Paulo,,3,,2014,21,1
M,,52,20,17/05/2014,SP,355030,São Paulo,,4,,2014,20,1
F,1,43,22,27/05/2014,SP,355030,São Paulo,,3,,2014,22,1
M,9,81,21,20/05/2014,SP,355030,São Paulo,,3,,2014,21,1
F,2,65,21,18/05/2014,SP,355030,São Paulo,,1,,2014,21,1
F,1,5,20,16/05/2014,SP,355030,São Paulo,,3,,2014,20,1
F,1,29,22,30/05/2014,SP,355030,São Paulo,,3,,2014,22,1
M,1,59,23,02/06/2014,SP,355030,São Paulo,,3,,2014,23,1
F,1,67,20,16/05/2014,SP,355030,São Paulo,,3,,2014,20,1
M,9,64,22,29/05/2014,SP,355030,São Paulo,,3,,2014,22,1
M,9,56,20,12/05/2014,SP,355030,São Paulo,,3,,2014,20,1
M,1,0,24,08/06/2014,SP,355030,São Paulo,,1,,2014,24,1
F,4,1,23,01/06/2014,SP,355030,São Paulo,,3,,2014,23,1
F,1,51,23,03/06/2014,SP,355030,São Paulo,,3,,2014,23,1
M,1,71,24,09/06/2014,SP,355030,São Paulo,,3,,2014,24,1
M,9,57,24,09/06/2014,SP,355030,São Paulo,,3,,2014,24,1
M,4,0,23,03/06/2014,SP,355030,São Paulo,,3,,2014,23,1
F,1,42,23,01/06/2014,SP,355030,São Paulo,,3,,2014,23,1
M,1,42,23,01/06/2014,SP,355030,São Paulo,,3,,2014,23,1
F,4,24,23,02/06/2014,SP,355030,São Paulo,,3,,2014,23,1
M,4,51,21,24/05/2014,SP,355030,São Paulo,,1,,2014,21,1
M,1,20,25,18/06/2014,SP,355030,São Paulo,,3,,2014,25,1
M,1,76,23,03/06/2014,SP,355030,São Paulo,,3,,2014,23,1
F,1,74,24,12/06/2014,SP,355030,São Paulo,,3,,2014,24,1
F,4,32,24,08/06/2014,SP,355030,São Paulo,,1,,2014,24,1
M,1,9,23,05/06/2014,SP,355030,São Paulo,,4,,2014,23,1
F,1,31,24,08/06/2014,SP,355030,São Paulo,,3,,2014,24,1
F,1,23,25,21/06/2014,SP,355030,São Paulo,,3,,2014,25,1
F,9,85,23,02/06/2014,SP,355030,São Paulo,,3,,2014,23,1
F,9,15,25,17/06/2014,SP,355030,São Paulo,,4,,2014,25,1
M,1,1,22,28/05/2014,SP,355030,São Paulo,,3,,2014,22,1
F,9,30,25,16/06/2014,SP,355030,São Paulo,,1,,2014,25,1
M,9,2,24,10/06/2014,SP,355030,São Paulo,,3,,2014,24,1
M,4,78,24,08/06/2014,SP,355030,São Paulo,,3,,2014,24,1
M,2,36,20,13/05/2014,SP,355030,São Paulo,,3,,2014,20,1
M,,0,24,08/06/2014,SP,355030,São Paulo,,3,,2014,24,1
F,1,47,20,17/05/2014,SP,355030,São Paulo,,3,,2014,20,1
M,9,0,20,11/05/2014,SP,355030,São Paulo,,3,,2014,20,1
M,1,10,22,29/05/2014,SP,355030,São Paulo,,3,,2014,22,1
M,1,35,19,08/05/2014,SP,355030,São Paulo,,3,,2014,19,1
F,4,31,21,23/05/2014,SP,355030,São Paulo,,3,,2014,21,1
F,1,69,17,25/04/2014,SP,355030,São Paulo,,1,,2014,17,1
F,1,30,19,07/05/2014,SP,355030,São Paulo,,3,,2014,19,1
F,4,35,19,06/05/2014,SP,355030,São Paulo,,3,,2014,19,1
M,1,7,25,19/06/2014,SP,355030,São Paulo,,1,,2014,25,1
F,1,50,19,10/05/2014,SP,355030,São Paulo,,1,,2014,19,1
F,1,23,26,23/06/2014,SP,355030,São Paulo,,3,,2014,26,1
M,1,50,23,05/06/2014,SP,355030,São Paulo,,3,,2014,23,1
F,9,66,26,23/06/2014,SP,355030,São Paulo,,3,,2014,26,1
F,9,85,25,15/06/2014,SP,355030,São Paulo,,3,,2014,25,1
M,9,33,26,25/06/2014,SP,355030,São Paulo,,3,,2014,26,1
F,9,0,27,29/06/2014,SP,355030,São Paulo,,3,,2014,27,1
M,9,52,24,09/06/2014,SP,355030,São Paulo,,3,,2014,24,1
F,1,53,27,30/06/2014,SP,355030,São Paulo,,3,,2014,27,1
M,9,1,28,11/07/2014,SP,355030,São Paulo,,4,,2014,28,1
F,9,56,27,29/06/2014,SP,355030,São Paulo,,1,,2014,27,1
M,9,0,31,28/07/2014,SP,355030,São Paulo,,4,,2014,31,1
M,4,53,31,30/07/2014,SP,355030,São Paulo,,1,,2014,31,1
F,1,39,30,26/07/2014,SP,355030,São Paulo,,3,,2014,30,1
F,1,27,34,17/08/2014,SP,355030,São Paulo,,4,,2014,34,1
F,1,91,34,17/08/2014,SP,355030,São Paulo,,3,,2014,34,1
F,4,28,32,06/08/2014,SP,355030,São Paulo,,3,,2014,32,1
F,1,57,34,21/08/2014,SP,355030,São Paulo,,1,,2014,34,1
M,4,45,33,16/08/2014,SP,355030,São Paulo,,1,,2014,33,1
F,,4,35,28/08/2014,SP,355030,São Paulo,,1,,2014,35,1
M,1,32,32,03/08/2014,SP,355030,São Paulo,,3,,2014,32,1
F,9,88,36,01/09/2014,SP,355030,São Paulo,,3,,2014,36,1
F,1,18,36,01/09/2014,SP,355030,São Paulo,,3,,2014,36,1
M,1,38,37,10/09/2014,SP,355030,São Paulo,,3,,2014,37,1
F,4,27,32,09/08/2014,SP,355030,São Paulo,,3,,2014,32,1
M,1,21,38,14/09/2014,SP,355030,São Paulo,,4,,2014,38,1
F,1,56,38,20/09/2014,SP,355030,São Paulo,,1,,2014,38,1
M,9,63,37,07/09/2014,SP,355030,São Paulo,,1,,2014,37,1
F,1,81,40,01/10/2014,SP,355030,São Paulo,,1,,2014,40,1
F,9,45,40,02/10/2014,SP,355030,São Paulo,,1,,2014,40,1
F,1,1,39,25/09/2014,SP,355030,São Paulo,,3,,2014,39,1
F,9,70,41,07/10/2014,SP,355030,São Paulo,,4,,2014,41,1
M,1,39,42,16/10/2014,SP,355030,São Paulo,,1,,2014,42,1
M,1,83,42,14/10/2014,SP,355030,São Paulo,,4,,2014,42,1
M,4,39,46,10/11/2014,SP,355030,São Paulo,,1,,2014,46,1
F,9,0,45,06/11/2014,SP,355030,São Paulo,,4,,2014,45,1
M,9,1,47,21/11/2014,SP,355030,São Paulo,,4,,2014,47,1
M,9,0,44,31/10/2014,SP,355030,São Paulo,,1,,2014,44,1
M,1,1,50,07/12/2014,SP,355030,São Paulo,,3,,2014,50,1
M,1,46,49,30/11/2014,SP,355030,São Paulo,,3,,2014,49,1
F,2,8,50,10/12/2014,SP,355030,São Paulo,,4,,2014,50,1
M,1,74,50,07/12/2014,SP,355030,São Paulo,,3,,2014,50,1
M,9,32,50,09/12/2014,SP,355030,São Paulo,,4,,2014,50,1
M,2,36,2,07/01/2014,SP,355030,São Paulo,,1,,2014,2,1
F,,85,2,16/01/2015,SP,355030,São Paulo,,4,,2015,2,1
F,9,31,5,02/02/2015,SP,355030,São Paulo,,3,,2015,5,1
F,4,11,8,23/02/2015,SP,355030,São Paulo,,3,,2015,8,1
M,1,54,51,24/12/2015,SP,355030,São Paulo,,1,,2015,51,1
F,1,22,9,02/03/2015,SP,355030,São Paulo,,3,,2015,9,1
F,9,72,4,31/01/2015,SP,355030,São Paulo,,4,,2015,4,1
M,9,38,9,02/03/2015,SP,355030,São Paulo,,4,,2015,9,1
M,1,8,10,09/03/2015,SP,355030,São Paulo,,3,,2015,10,1
M,1,35,11,16/03/2015,SP,355030,São Paulo,,4,,2015,11,1
M,4,12,10,10/03/2015,SP,355030,São Paulo,,3,,2015,10,1
F,1,0,10,12/03/2015,SP,355030,São Paulo,,3,,2015,10,1
M,9,71,9,01/03/2015,SP,355030,São Paulo,,4,,2015,9,1
F,9,88,10,12/03/2015,SP,355030,São Paulo,,3,,2015,10,1
M,1,5,12,23/03/2015,SP,355030,São Paulo,,4,,2015,12,1
F,1,52,12,28/03/2015,SP,355030,São Paulo,,4,,2015,12,1
F,,0,11,16/03/2015,SP,355030,São Paulo,,1,,2015,11,1
F,1,31,14,09/04/2015,SP,355030,São Paulo,,4,,2015,14,1
M,9,62,14,08/04/2015,SP,355030,São Paulo,,3,,2015,14,1
F,1,78,14,10/04/2015,SP,355030,São Paulo,,3,,2015,14,1
F,9,30,14,11/04/2015,SP,355030,São Paulo,,4,,2015,14,1
F,9,74,14,07/04/2015,SP,355030,São Paulo,,4,,2015,14,1
M,4,0,14,10/04/2015,SP,355030,São Paulo,,3,,2015,14,1
M,9,41,14,10/04/2015,SP,355030,São Paulo,,4,,2015,14,1
M,1,60,13,02/04/2015,SP,355030,São Paulo,,3,,2015,13,1
F,9,73,15,12/04/2015,SP,355030,São Paulo,,4,,2015,15,1
M,,0,15,14/04/2015,SP,355030,São Paulo,,1,,2015,15,1
M,9,36,12,27/03/2015,SP,355030,São Paulo,,3,,2015,12,1
F,3,96,17,01/05/2015,SP,355030,São Paulo,,4,,2015,17,1
F,9,75,17,30/04/2015,SP,355030,São Paulo,,4,,2015,17,1
F,4,1,17,27/04/2015,SP,355030,São Paulo,,3,,2015,17,1
F,1,0,16,23/04/2015,SP,355030,São Paulo,,4,,2015,16,1
M,9,0,16,24/04/2015,SP,355030,São Paulo,,4,,2015,16,1
M,9,77,18,04/05/2015,SP,355030,São Paulo,,4,,2015,18,1
F,1,10,19,11/05/2015,SP,355030,São Paulo,,3,,2015,19,1
F,1,73,17,30/04/2015,SP,355030,São Paulo,,3,,2015,17,1
M,4,26,17,26/04/2015,SP,355030,São Paulo,,3,,2015,17,1
F,9,72,16,22/04/2015,SP,355030,São Paulo,,3,,2015,16,1
M,1,33,18,03/05/2015,SP,355030,São Paulo,,3,,2015,18,1
F,1,7,18,08/05/2015,SP,355030,São Paulo,,3,,2015,18,1
F,9,0,18,08/05/2015,SP,355030,São Paulo,,3,,2015,18,1
F,9,15,19,10/05/2015,SP,355030,São Paulo,,3,,2015,19,1
M,9,96,18,09/05/2015,SP,355030,São Paulo,,4,,2015,18,1
F,9,97,12,26/03/2015,SP,355030,São Paulo,,3,,2015,12,1
M,1,70,20,18/05/2015,SP,355030,São Paulo,,3,,2015,20,1
F,9,92,18,06/05/2015,SP,355030,São Paulo,,4,,2015,18,1
M,1,68,19,14/05/2015,SP,355030,São Paulo,,4,,2015,19,1
M,1,89,20,18/05/2015,SP,355030,São Paulo,,4,,2015,20,1
M,1,88,18,07/05/2015,SP,355030,São Paulo,,3,,2015,18,1
F,1,83,17,01/05/2015,SP,355030,São Paulo,,3,,2015,17,1
F,4,58,20,23/05/2015,SP,355030,São Paulo,,3,,2015,20,1
M,4,71,20,21/05/2015,SP,355030,São Paulo,,3,,2015,20,1
M,1,6,20,22/05/2015,SP,355030,São Paulo,,3,,2015,20,1
M,1,9,20,18/05/2015,SP,355030,São Paulo,,4,,2015,20,1
M,1,40,19,13/05/2015,SP,355030,São Paulo,,3,,2015,19,1
M,9,41,20,18/05/2015,SP,355030,São Paulo,,3,,2015,20,1
M,1,56,19,16/05/2015,SP,355030,São Paulo,,4,,2015,19,1
F,1,87,21,26/05/2015,SP,355030,São Paulo,,4,,2015,21,1
M,1,93,20,20/05/2015,SP,355030,São Paulo,,3,,2015,20,1
F,9,58,19,11/05/2015,SP,355030,São Paulo,,3,,2015,19,1
F,9,30,17,26/04/2015,SP,355030,São Paulo,,4,,2015,17,1
M,9,40,20,21/05/2015,SP,355030,São Paulo,,4,,2015,20,1
M,3,82,21,28/05/2015,SP,355030,São Paulo,,3,,2015,21,1
M,9,71,21,27/05/2015,SP,355030,São Paulo,,4,,2015,21,1
F,1,74,19,10/05/2015,SP,355030,São Paulo,,3,,2015,19,1
M,1,66,19,16/05/2015,SP,355030,São Paulo,,3,,2015,19,1
F,1,92,21,24/05/2015,SP,355030,São Paulo,,3,,2015,21,1
M,9,88,19,15/05/2015,SP,355030,São Paulo,,3,,2015,19,1
F,1,25,20,18/05/2015,SP,355030,São Paulo,,3,,2015,20,1
M,9,0,23,08/06/2015,SP,355030,São Paulo,,4,,2015,23,1
F,1,63,22,05/06/2015,SP,355030,São Paulo,,3,,2015,22,1
F,9,85,22,03/06/2015,SP,355030,São Paulo,,3,,2015,22,1
M,9,49,21,26/05/2015,SP,355030,São Paulo,,3,,2015,21,1
M,1,76,20,20/05/2015,SP,355030,São Paulo,,3,,2015,20,1
M,9,74,21,26/05/2015,SP,355030,São Paulo,,3,,2015,21,1
F,9,71,24,17/06/2015,SP,355030,São Paulo,,3,,2015,24,1
F,9,0,19,12/05/2015,SP,355030,São Paulo,,4,,2015,19,1
F,1,38,20,18/05/2015,SP,355030,São Paulo,,3,,2015,20,1
F,1,92,25,22/06/2015,SP,355030,São Paulo,,4,,2015,25,1
F,1,34,20,20/05/2015,SP,355030,São Paulo,,4,,2015,20,1
M,9,89,20,17/05/2015,SP,355030,São Paulo,,4,,2015,20,1
M,9,29,17,01/05/2015,SP,355030,São Paulo,,3,,2015,17,1
F,9,1,15,18/04/2015,SP,355030,São Paulo,,3,,2015,15,1
F,1,2,24,18/06/2015,SP,355030,São Paulo,,3,,2015,24,1
M,9,51,24,19/06/2015,SP,355030,São Paulo,,3,,2015,24,1
M,1,61,23,08/06/2015,SP,355030,São Paulo,,3,,2015,23,1
M,9,5,21,24/05/2015,SP,355030,São Paulo,,3,,2015,21,1
F,1,35,15,12/04/2015,SP,355030,São Paulo,,3,,2015,15,1
F,1,84,25,25/06/2015,SP,355030,São Paulo,,3,,2015,25,1
M,9,84,26,30/06/2015,SP,355030,São Paulo,,4,,2015,26,1
M,9,42,26,04/07/2015,SP,355030,São Paulo,,4,,2015,26,1
M,1,78,19,16/05/2015,SP,355030,São Paulo,,3,,2015,19,1
M,1,73,19,12/05/2015,SP,355030,São Paulo,,3,,2015,19,1
M,9,75,20,18/05/2015,SP,355030,São Paulo,,3,,2015,20,1
M,9,68,28,13/07/2015,SP,355030,São Paulo,,3,,2015,28,1
M,1,85,26,02/07/2015,SP,355030,São Paulo,,4,,2015,26,1
M,2,57,29,19/07/2015,SP,355030,São Paulo,,3,,2015,29,1
M,1,9,29,20/07/2015,SP,355030,São Paulo,,4,,2015,29,1
F,9,71,28,12/07/2015,SP,355030,São Paulo,,3,,2015,28,1
M,9,89,29,24/07/2015,SP,355030,São Paulo,,3,,2015,29,1
F,1,30,26,30/06/2015,SP,355030,São Paulo,,3,,2015,26,1
M,9,72,34,26/08/2015,SP,355030,São Paulo,,4,,2015,34,1
F,9,39,31,02/08/2015,SP,355030,São Paulo,,4,,2015,31,1
M,9,25,27,09/07/2015,SP,355030,São Paulo,,4,,2015,27,1
M,9,86,22,05/06/2015,SP,355030,São Paulo,,3,,2015,22,1
M,9,86,12,23/03/2015,SP,355030,São Paulo,,4,,2015,12,1
M,1,44,34,28/08/2015,SP,355030,São Paulo,,1,,2015,34,1
F,1,54,37,18/09/2015,SP,355030,São Paulo,,1,,2015,37,1
M,4,59,37,15/09/2015,SP,355030,São Paulo,,1,,2015,37,1
M,1,0,39,01/10/2015,SP,355030,São Paulo,,3,,2015,39,1
F,1,11,34,29/08/2015,SP,355030,São Paulo,,4,,2015,34,1
F,9,89,37,14/09/2015,SP,355030,São Paulo,,4,,2015,37,1
M,4,68,46,20/11/2015,SP,355030,São Paulo,,1,,2015,46,1
M,4,60,47,28/11/2015,SP,355030,São Paulo,,1,,2015,47,1
F,2,36,49,08/12/2015,SP,355030,São Paulo,,1,,2015,49,1
M,1,57,46,19/11/2015,SP,355030,São Paulo,,1,,2015,46,1
F,1,70,51,21/12/2015,SP,355030,São Paulo,,1,,2015,51,1
F,1,78,19,10/05/2015,SP,355030,São Paulo,,3,,2015,19,1
M,1,55,18,07/05/2015,SP,355030,São Paulo,,3,,2015,18,1
M,4,4,20,18/05/2015,SP,355030,São Paulo,,3,,2015,20,1
M,1,74,20,18/05/2015,SP,355030,São Paulo,,1,,2015,20,1
M,1,67,19,11/05/2015,SP,355030,São Paulo,,3,,2015,19,1
F,1,9,20,18/05/2015,SP,355030,São Paulo,,1,,2015,20,1
F,1,38,21,28/05/2015,SP,355030,São Paulo,,3,,2015,21,1
F,9,26,22,01/06/2015,SP,355030,São Paulo,,4,,2015,22,1
M,9,30,22,02/06/2015,SP,355030,São Paulo,,4,,2015,22,1
F,4,0,22,04/06/2015,SP,355030,São Paulo,,4,,2015,22,1
F,1,70,19,11/05/2015,SP,355030,São Paulo,,4,,2015,19,1
F,1,41,22,03/06/2015,SP,355030,São Paulo,,3,,2015,22,1
M,1,0,1,07/01/2016,SP,355030,São Paulo,,1,,2016,1,1
M,1,58,1,07/01/2016,SP,355030,São Paulo,,1,,2016,1,1
F,9,37,1,04/01/2016,SP,355030,São Paulo,,1,,2016,1,1
F,9,29,1,04/01/2016,SP,355030,São Paulo,,1,,2016,1,1
F,,11,4,26/01/2016,SP,355030,São Paulo,,1,,2016,4,1
M,1,40,4,26/01/2016,SP,355030,São Paulo,,1,,2016,4,1
M,1,52,4,30/01/2016,SP,355030,São Paulo,,1,,2016,4,1
M,1,79,4,24/01/2016,SP,355030,São Paulo,,1,,2016,4,1
M,1,53,5,05/02/2016,SP,355030,São Paulo,,1,,2016,5,1
M,9,2,6,10/02/2016,SP,355030,São Paulo,,1,,2016,6,1
M,4,49,6,07/02/2016,SP,355030,São Paulo,,1,,2016,6,1
M,1,0,6,12/02/2016,SP,355030,São Paulo,,1,,2016,6,1
F,1,36,7,18/02/2016,SP,355030,São Paulo,,1,,2016,7,1
F,4,62,8,25/02/2016,SP,355030,São Paulo,,1,,2016,8,1
F,1,99,7,15/02/2016,SP,355030,São Paulo,,3,,2016,7,1
F,4,56,8,23/02/2016,SP,355030,São Paulo,,1,,2016,8,1
F,1,58,8,23/02/2016,SP,355030,São Paulo,,1,,2016,8,1
M,1,47,8,23/02/2016,SP,355030,São Paulo,,1,,2016,8,1
F,2,31,8,25/02/2016,SP,355030,São Paulo,,1,,2016,8,1
M,1,80,8,23/02/2016,SP,355030,São Paulo,,1,,2016,8,1
M,4,1,7,15/02/2016,SP,355030,São Paulo,,4,,2016,7,1
F,4,68,8,22/02/2016,SP,355030,São Paulo,,1,,2016,8,1
F,1,67,7,20/02/2016,SP,355030,São Paulo,,1,,2016,7,1
F,1,64,8,21/02/2016,SP,355030,São Paulo,,1,,2016,8,1
M,1,12,9,28/02/2016,SP,355030,São Paulo,,1,,2016,9,1
F,1,63,6,13/02/2016,SP,355030,São Paulo,,1,,2016,6,1
M,2,6,52,25/12/2016,SP,355030,São Paulo,,1,,2016,52,1
F,2,4,52,25/12/2016,SP,355030,São Paulo,,1,,2016,52,1
F,1,76,52,30/12/2016,SP,355030,São Paulo,,4,,2016,52,1
M,9,40,7,17/02/2016,SP,355030,São Paulo,,4,,2016,7,1
F,1,54,8,27/02/2016,SP,355030,São Paulo,,4,,2016,8,1
F,1,85,8,27/02/2016,SP,355030,São Paulo,,4,,2016,8,1
M,4,38,8,24/02/2016,SP,355030,São Paulo,,1,,2016,8,1
F,1,34,5,04/02/2016,SP,355030,São Paulo,,1,,2016,5,1
M,9,63,6,11/02/2016,SP,355030,São Paulo,,1,,2016,6,1
M,1,0,9,29/02/2016,SP,355030,São Paulo,,1,,2016,9,1
M,1,1,8,21/02/2016,SP,355030,São Paulo,,1,,2016,8,1
M,1,2,8,27/02/2016,SP,355030,São Paulo,,1,,2016,8,1
M,2,36,9,02/03/2016,SP,355030,São Paulo,,1,,2016,9,1
M,1,68,10,06/03/2016,SP,355030,São Paulo,,1,,2016,10,1
M,1,34,7,20/02/2016,SP,355030,São Paulo,,1,,2016,7,1
F,9,40,8,24/02/2016,SP,355030,São Paulo,,1,,2016,8,1
M,1,27,10,06/03/2016,SP,355030,São Paulo,,1,,2016,10,1
F,2,1,8,26/02/2016,SP,355030,São Paulo,,1,,2016,8,1
M,4,57,9,05/03/2016,SP,355030,São Paulo,,1,,2016,9,1
F,1,73,9,01/03/2016,SP,355030,São Paulo,,1,,2016,9,1
M,1,1,8,26/02/2016,SP,355030,São Paulo,,4,,2016,8,1
M,1,64,9,03/03/2016,SP,355030,São Paulo,,1,,2016,9,1
F,1,1,9,02/03/2016,SP,355030,São Paulo,,4,,2016,9,1
M,1,25,9,04/03/2016,SP,355030,São Paulo,,1,,2016,9,1
F,1,63,9,28/02/2016,SP,355030,São Paulo,,1,,2016,9,1
F,1,1,8,26/02/2016,SP,355030,São Paulo,,1,,2016,8,1
M,1,46,8,25/02/2016,SP,355030,São Paulo,,1,,2016,8,1
M,1,53,9,03/03/2016,SP,355030,São Paulo,,1,,2016,9,1
F,9,74,9,02/03/2016,SP,355030,São Paulo,,1,,2016,9,1
F,3,56,9,03/03/2016,SP,355030,São Paulo,,1,,2016,9,1
F,1,37,7,20/02/2016,SP,355030,São Paulo,,1,,2016,7,1
M,9,60,9,01/03/2016,SP,355030,São Paulo,,1,,2016,9,1
M,4,40,9,04/03/2016,SP,355030,São Paulo,,1,,2016,9,1
M,9,34,10,07/03/2016,SP,355030,São Paulo,,1,,2016,10,1
F,1,53,10,07/03/2016,SP,355030,São Paulo,,1,,2016,10,1
M,9,51,9,02/03/2016,SP,355030,São Paulo,,1,,2016,9,1
M,5,2,9,02/03/2016,SP,355030,São Paulo,,1,,2016,9,1
M,1,4,10,10/03/2016,SP,355030,São Paulo,,1,,2016,10,1
M,9,44,10,06/03/2016,SP,355030,São Paulo,,4,,2016,10,1
F,9,75,9,01/03/2016,SP,355030,São Paulo,,1,,2016,9,1
M,9,0,10,07/03/2016,SP,355030,São Paulo,,4,,2016,10,1
M,1,18,10,06/03/2016,SP,355030,São Paulo,,1,,2016,10,1
F,1,38,9,03/03/2016,SP,355030,São Paulo,,1,,2016,9,1
F,9,0,10,07/03/2016,SP,355030,São Paulo,,1,,2016,10,1
F,1,86,9,29/02/2016,SP,355030,São Paulo,,1,,2016,9,1
M,9,44,10,08/03/2016,SP,355030,São Paulo,,1,,2016,10,1
M,9,40,10,06/03/2016,SP,355030,São Paulo,,1,,2016,10,1
F,9,26,10,10/03/2016,SP,355030,São Paulo,,1,,2016,10,1
F,1,26,9,02/03/2016,SP,355030,São Paulo,,1,,2016,9,1
F,9,60,9,28/02/2016,SP,355030,São Paulo,,1,,2016,9,1
M,9,61,10,07/03/2016,SP,355030,São Paulo,,1,,2016,10,1
F,9,46,9,29/02/2016,SP,355030,São Paulo,,1,,2016,9,1
F,9,36,9,05/03/2016,SP,355030,São Paulo,,4,,2016,9,1
M,9,77,10,06/03/2016,SP,355030,São Paulo,,1,,2016,10,1
F,9,36,10,11/03/2016,SP,355030,São Paulo,,4,,2016,10,1
F,1,61,10,08/03/2016,SP,355030,São Paulo,,1,,2016,10,1
M,4,40,10,10/03/2016,SP,355030,São Paulo,,4,,2016,10,1
M,1,2,8,25/02/2016,SP,355030,São Paulo,,4,,2016,8,1
M,4,3,10,07/03/2016,SP,355030,São Paulo,,4,,2016,10,1
F,1,26,10,10/03/2016,SP,355030,São Paulo,,1,,2016,10,1
M,1,42,10,11/03/2016,SP,355030,São Paulo,,1,,2016,10,1
F,4,4,9,05/03/2016,SP,355030,São Paulo,,1,,2016,9,1
F,2,34,6,10/02/2016,SP,355030,São Paulo,,1,,2016,6,1
M,1,36,10,11/03/2016,SP,355030,São Paulo,,1,,2016,10,1
M,1,71,11,14/03/2016,SP,355030,São Paulo,,4,,2016,11,1
F,1,5,10,06/03/2016,SP,355030,São Paulo,,1,,2016,10,1
M,4,0,9,05/03/2016,SP,355030,São Paulo,,4,,2016,9,1
F,1,1,10,11/03/2016,SP,355030,São Paulo,,1,,2016,10,1
M,9,0,11,13/03/2016,SP,355030,São Paulo,,1,,2016,11,1
M,1,53,10,07/03/2016,SP,355030,São Paulo,,1,,2016,10,1
M,1,49,11,17/03/2016,SP,355030,São Paulo,,1,,2016,11,1
M,1,2,8,27/02/2016,SP,355030,São Paulo,,1,,2016,8,1
F,9,47,9,04/03/2016,SP,355030,São Paulo,,1,,2016,9,1
M,3,0,11,14/03/2016,SP,355030,São Paulo,,1,,2016,11,1
F,1,75,11,13/03/2016,SP,355030,São Paulo,,1,,2016,11,1
M,1,35,9,05/03/2016,SP,355030,São Paulo,,1,,2016,9,1
M,1,54,10,11/03/2016,SP,355030,São Paulo,,1,,2016,10,1
F,1,36,10,09/03/2016,SP,355030,São Paulo,,4,,2016,10,1
M,1,83,11,13/03/2016,SP,355030,São Paulo,,4,,2016,11,1
F,1,51,10,10/03/2016,SP,355030,São Paulo,,1,,2016,10,1
F,9,10,9,29/02/2016,SP,355030,São Paulo,,4,,2016,9,1
M,1,65,11,15/03/2016,SP,355030,São Paulo,,1,,2016,11,1
F,9,0,11,17/03/2016,SP,355030,São Paulo,,1,,2016,11,1
M,1,10,11,18/03/2016,SP,355030,São Paulo,,1,,2016,11,1
M,3,58,9,01/03/2016,SP,355030,São Paulo,,1,,2016,9,1
F,3,54,11,14/03/2016,SP,355030,São Paulo,,1,,2016,11,1
M,1,57,10,10/03/2016,SP,355030,São Paulo,,1,,2016,10,1
F,1,54,11,15/03/2016,SP,355030,São Paulo,,1,,2016,11,1
M,1,45,11,14/03/2016,SP,355030,São Paulo,,1,,2016,11,1
M,9,73,10,12/03/2016,SP,355030,São Paulo,,1,,2016,10,1
F,1,42,10,12/03/2016,SP,355030,São Paulo,,4,,2016,10,1
M,1,80,11,13/03/2016,SP,355030,São Paulo,,1,,2016,11,1
F,1,55,11,13/03/2016,SP,355030,São Paulo,,4,,2016,11,1
F,9,60,10,08/03/2016,SP,355030,São Paulo,,1,,2016,10,1
F,1,74,10,12/03/2016,SP,355030,São Paulo,,3,,2016,10,1
M,1,39,11,13/03/2016,SP,355030,São Paulo,,4,,2016,11,1
F,1,5,11,13/03/2016,SP,355030,São Paulo,,4,,2016,11,1
F,4,1,11,13/03/2016,SP,355030,São Paulo,,1,,2016,11,1
F,1,28,11,14/03/2016,SP,355030,São Paulo,,1,,2016,11,1
M,9,5,10,10/03/2016,SP,355030,São Paulo,,1,,2016,10,1
F,1,23,10,12/03/2016,SP,355030,São Paulo,,1,,2016,10,1
M,9,34,11,14/03/2016,SP,355030,São Paulo,,4,,2016,11,1
M,9,65,10,11/03/2016,SP,355030,São Paulo,,1,,2016,10,1
M,9,0,11,15/03/2016,SP,355030,São Paulo,,4,,2016,11,1
M,9,6,10,10/03/2016,SP,355030,São Paulo,,4,,2016,10,1
M,1,0,11,14/03/2016,SP,355030,São Paulo,,4,,2016,11,1
F,1,0,11,15/03/2016,SP,355030,São Paulo,,1,,2016,11,1
M,1,8,11,19/03/2016,SP,355030,São Paulo,,1,,2016,11,1
F,4,31,11,18/03/2016,SP,355030,São Paulo,,1,,2016,11,1
F,1,0,11,14/03/2016,SP,355030,São Paulo,,1,,2016,11,1
M,1,62,11,18/03/2016,SP,355030,São Paulo,,1,,2016,11,1
F,4,4,11,14/03/2016,SP,355030,São Paulo,,1,,2016,11,1
M,1,4,11,18/03/2016,SP,355030,São Paulo,,1,,2016,11,1
M,4,13,11,19/03/2016,SP,355030,São Paulo,,1,,2016,11,1
M,1,77,12,20/03/2016,SP,355030,São Paulo,,1,,2016,12,1
F,9,0,10,10/03/2016,SP,355030,São Paulo,,1,,2016,10,1
M,1,66,11,13/03/2016,SP,355030,São Paulo,,1,,2016,11,1
M,3,0,12,20/03/2016,SP,355030,São Paulo,,1,,2016,12,1
M,1,3,11,13/03/2016,SP,355030,São Paulo,,4,,2016,11,1
M,1,59,11,16/03/2016,SP,355030,São Paulo,,1,,2016,11,1
M,1,1,11,18/03/2016,SP,355030,São Paulo,,1,,2016,11,1
M,9,30,11,15/03/2016,SP,355030,São Paulo,,1,,2016,11,1
M,1,50,12,21/03/2016,SP,355030,São Paulo,,1,,2016,12,1
M,9,92,11,15/03/2016,SP,355030,São Paulo,,4,,2016,11,1
M,9,33,11,14/03/2016,SP,355030,São Paulo,,4,,2016,11,1
F,1,56,11,19/03/2016,SP,355030,São Paulo,,1,,2016,11,1
M,4,0,11,19/03/2016,SP,355030,São Paulo,,1,,2016,11,1
F,1,0,12,22/03/2016,SP,355030,São Paulo,,1,,2016,12,1
M,1,50,11,16/03/2016,SP,355030,São Paulo,,1,,2016,11,1
F,1,23,11,16/03/2016,SP,355030,São Paulo,,1,,2016,11,1
M,1,51,11,19/03/2016,SP,355030,São Paulo,,1,,2016,11,1
F,1,92,11,15/03/2016,SP,355030,São Paulo,,1,,2016,11,1
M,1,0,10,10/03/2016,SP,355030,São Paulo,,1,,2016,10,1
M,1,3,10,10/03/2016,SP,355030,São Paulo,,1,,2016,10,1
F,1,63,10,12/03/2016,SP,355030,São Paulo,,1,,2016,10,1
F,1,2,11,17/03/2016,SP,355030,São Paulo,,1,,2016,11,1
F,1,65,11,15/03/2016,SP,355030,São Paulo,,1,,2016,11,1
M,1,2,12,20/03/2016,SP,355030,São Paulo,,1,,2016,12,1
M,1,75,11,18/03/2016,SP,355030,São Paulo,,1,,2016,11,1
F,1,1,11,19/03/2016,SP,355030,São Paulo,,1,,2016,11,1
F,2,1,11,13/03/2016,SP,355030,São Paulo,,1,,2016,11,1
M,4,1,11,17/03/2016,SP,355030,São Paulo,,1,,2016,11,1
F,1,11,12,22/03/2016,SP,355030,São Paulo,,1,,2016,12,1
M,1,2,12,21/03/2016,SP,355030,São Paulo,,1,,2016,12,1
M,1,32,11,15/03/2016,SP,355030,São Paulo,,1,,2016,11,1
F,9,0,11,15/03/2016,SP,355030,São Paulo,,1,,2016,11,1
F,1,1,11,18/03/2016,SP,355030,São Paulo,,1,,2016,11,1
F,1,3,10,11/03/2016,SP,355030,São Paulo,,1,,2016,10,1
F,1,62,11,16/03/2016,SP,355030,São Paulo,,1,,2016,11,1
F,1,0,10,10/03/2016,SP,355030,São Paulo,,1,,2016,10,1
F,9,42,11,15/03/2016,SP,355030,São Paulo,,1,,2016,11,1
M,1,70,11,17/03/2016,SP,355030,São Paulo,,1,,2016,11,1
M,1,44,11,16/03/2016,SP,355030,São Paulo,,1,,2016,11,1
M,9,0,12,21/03/2016,SP,355030,São Paulo,,1,,2016,12,1
F,9,79,11,16/03/2016,SP,355030,São Paulo,,1,,2016,11,1
F,1,52,11,15/03/2016,SP,355030,São Paulo,,1,,2016,11,1
F,1,31,11,19/03/2016,SP,355030,São Paulo,,4,,2016,11,1
F,1,57,11,19/03/2016,SP,355030,São Paulo,,1,,2016,11,1
M,4,1,10,10/03/2016,SP,355030,São Paulo,,1,,2016,10,1
M,1,2,10,09/03/2016,SP,355030,São Paulo,,1,,2016,10,1
F,9,21,12,23/03/2016,SP,355030,São Paulo,,1,,2016,12,1
F,9,57,12,23/03/2016,SP,355030,São Paulo,,1,,2016,12,1
M,4,6,12,23/03/2016,SP,355030,São Paulo,,1,,2016,12,1
F,3,54,12,25/03/2016,SP,355030,São Paulo,,1,,2016,12,1
M,1,55,12,20/03/2016,SP,355030,São Paulo,,1,,2016,12,1
M,4,39,11,15/03/2016,SP,355030,São Paulo,,1,,2016,11,1
M,1,69,9,01/03/2016,SP,355030,São Paulo,,4,,2016,9,1
M,1,30,9,03/03/2016,SP,355030,São Paulo,,4,,2016,9,1
F,9,8,8,26/02/2016,SP,355030,São Paulo,,1,,2016,8,1
F,9,8,8,26/02/2016,SP,355030,São Paulo,,1,,2016,8,1
M,9,0,8,27/02/2016,SP,355030,São Paulo,,1,,2016,8,1
M,9,3,9,02/03/2016,SP,355030,São Paulo,,1,,2016,9,1
M,9,1,10,07/03/2016,SP,355030,São Paulo,,1,,2016,10,1
M,9,0,10,06/03/2016,SP,355030,São Paulo,,1,,2016,10,1
M,9,1,9,29/02/2016,SP,355030,São Paulo,,1,,2016,9,1
M,1,1,10,08/03/2016,SP,355030,São Paulo,,4,,2016,10,1
M,1,62,10,07/03/2016,SP,355030,São Paulo,,1,,2016,10,1
F,1,1,10,07/03/2016,SP,355030,São Paulo,,1,,2016,10,1
F,1,3,10,09/03/2016,SP,355030,São Paulo,,1,,2016,10,1
F,1,30,10,09/03/2016,SP,355030,São Paulo,,1,,2016,10,1
F,9,6,12,21/03/2016,SP,355030,São Paulo,,1,,2016,12,1
M,9,5,12,20/03/2016,SP,355030,São Paulo,,1,,2016,12,1
F,1,68,11,14/03/2016,SP,355030,São Paulo,,1,,2016,11,1
M,9,2,11,17/03/2016,SP,355030,São Paulo,,1,,2016,11,1
M,9,0,9,03/03/2016,SP,355030,São Paulo,,1,,2016,9,1
M,4,62,11,19/03/2016,SP,355030,São Paulo,,1,,2016,11,1
F,1,7,12,26/03/2016,SP,355030,São Paulo,,1,,2016,12,1
M,9,29,12,20/03/2016,SP,355030,São Paulo,,1,,2016,12,1
M,1,1,12,21/03/2016,SP,355030,São Paulo,,1,,2016,12,1
F,9,72,12,24/03/2016,SP,355030,São Paulo,,1,,2016,12,1
F,9,79,12,24/03/2016,SP,355030,São Paulo,,1,,2016,12,1
M,9,8,12,25/03/2016,SP,355030,São Paulo,,1,,2016,12,1
F,1,2,11,19/03/2016,SP,355030,São Paulo,,1,,2016,11,1
M,4,28,11,17/03/2016,SP,355030,São Paulo,,1,,2016,11,1
M,9,40,12,24/03/2016,SP,355030,São Paulo,,1,,2016,12,1
F,1,1,12,23/03/2016,SP,355030,São Paulo,,1,,2016,12,1
F,,1,11,13/03/2016,SP,355030,São Paulo,,1,,2016,11,1
M,1,76,12,25/03/2016,SP,355030,São Paulo,,1,,2016,12,1
M,1,76,11,18/03/2016,SP,355030,São Paulo,,1,,2016,11,1
F,9,15,13,28/03/2016,SP,355030,São Paulo,,1,,2016,13,1
M,9,3,12,20/03/2016,SP,355030,São Paulo,,1,,2016,12,1
M,4,0,11,19/03/2016,SP,355030,São Paulo,,1,,2016,11,1
F,9,92,10,08/03/2016,SP,355030,São Paulo,,1,,2016,10,1
M,1,0,12,26/03/2016,SP,355030,São Paulo,,1,,2016,12,1
F,9,46,12,21/03/2016,SP,355030,São Paulo,,1,,2016,12,1
M,1,26,11,15/03/2016,SP,355030,São Paulo,,1,,2016,11,1
F,9,50,11,19/03/2016,SP,355030,São Paulo,,1,,2016,11,1
M,9,90,11,13/03/2016,SP,355030,São Paulo,,4,,2016,11,1
M,4,37,12,26/03/2016,SP,355030,São Paulo,,1,,2016,12,1
F,4,27,12,25/03/2016,SP,355030,São Paulo,,1,,2016,12,1
F,4,40,12,25/03/2016,SP,355030,São Paulo,,1,,2016,12,1
M,9,53,11,15/03/2016,SP,355030,São Paulo,,1,,2016,11,1
M,9,39,12,24/03/2016,SP,355030,São Paulo,,1,,2016,12,1
M,9,1,11,19/03/2016,SP,355030,São Paulo,,4,,2016,11,1
M,9,6,12,23/03/2016,SP,355030,São Paulo,,1,,2016,12,1
F,1,54,10,09/03/2016,SP,355030,São Paulo,,1,,2016,10,1
F,9,64,11,14/03/2016,SP,355030,São Paulo,,1,,2016,11,1
F,4,53,12,21/03/2016,SP,355030,São Paulo,,1,,2016,12,1
M,1,74,12,22/03/2016,SP,355030,São Paulo,,1,,2016,12,1
M,1,37,11,17/03/2016,SP,355030,São Paulo,,1,,2016,11,1
M,1,68,10,12/03/2016,SP,355030,São Paulo,,1,,2016,10,1
F,2,28,12,22/03/2016,SP,355030,São Paulo,,1,,2016,12,1
M,9,36,10,10/03/2016,SP,355030,São Paulo,,1,,2016,10,1
F,4,75,11,14/03/2016,SP,355030,São Paulo,,1,,2016,11,1
M,1,62,12,26/03/2016,SP,355030,São Paulo,,1,,2016,12,1
M,1,0,13,27/03/2016,SP,355030,São Paulo,,1,,2016,13,1
M,2,53,11,18/03/2016,SP,355030,São Paulo,,1,,2016,11,1
M,1,85,10,10/03/2016,SP,355030,São Paulo,,1,,2016,10,1
F,1,56,11,14/03/2016,SP,355030,São Paulo,,1,,2016,11,1
M,1,65,12,26/03/2016,SP,355030,São Paulo,,1,,2016,12,1
F,4,33,12,22/03/2016,SP,355030,São Paulo,,4,,2016,12,1
F,1,85,12,20/03/2016,SP,355030,São Paulo,,3,,2016,12,1
F,1,0,13,27/03/2016,SP,355030,São Paulo,,1,,2016,13,1
F,1,0,8,23/02/2016,SP,355030,São Paulo,,1,,2016,8,1
F,9,74,11,19/03/2016,SP,355030,São Paulo,,1,,2016,11,1
F,4,1,12,26/03/2016,SP,355030,São Paulo,,1,,2016,12,1
F,1,0,12,25/03/2016,SP,355030,São Paulo,,3,,2016,12,1
M,9,79,12,21/03/2016,SP,355030,São Paulo,,1,,2016,12,1
F,4,1,11,18/03/2016,SP,355030,São Paulo,,1,,2016,11,1
M,4,0,12,26/03/2016,SP,355030,São Paulo,,1,,2016,12,1
F,9,29,12,24/03/2016,SP,355030,São Paulo,,1,,2016,12,1
F,1,0,12,21/03/2016,SP,355030,São Paulo,,1,,2016,12,1
M,9,6,12,20/03/2016,SP,355030,São Paulo,,1,,2016,12,1
M,1,1,13,27/03/2016,SP,355030,São Paulo,,1,,2016,13,1
M,1,1,12,23/03/2016,SP,355030,São Paulo,,1,,2016,12,1
F,4,5,12,23/03/2016,SP,355030,São Paulo,,1,,2016,12,1
F,1,19,11,14/03/2016,SP,355030,São Paulo,,1,,2016,11,1
F,1,85,11,19/03/2016,SP,355030,São Paulo,,1,,2016,11,1
M,9,34,12,20/03/2016,SP,355030,São Paulo,,1,,2016,12,1
M,4,2,12,25/03/2016,SP,355030,São Paulo,,1,,2016,12,1
M,1,52,11,18/03/2016,SP,355030,São Paulo,,4,,2016,11,1
F,1,4,11,18/03/2016,SP,355030,São Paulo,,1,,2016,11,1
F,9,32,12,25/03/2016,SP,355030,São Paulo,,1,,2016,12,1
F,9,56,11,13/03/2016,SP,355030,São Paulo,,1,,2016,11,1
F,9,2,13,27/03/2016,SP,355030,São Paulo,,1,,2016,13,1
F,1,32,10,11/03/2016,SP,355030,São Paulo,,1,,2016,10,1
M,4,67,11,17/03/2016,SP,355030,São Paulo,,1,,2016,11,1
F,1,70,12,24/03/2016,SP,355030,São Paulo,,1,,2016,12,1
F,9,1,11,18/03/2016,SP,355030,São Paulo,,1,,2016,11,1
M,1,0,12,26/03/2016,SP,355030,São Paulo,,4,,2016,12,1
M,1,0,12,24/03/2016,SP,355030,São Paulo,,1,,2016,12,1
M,9,1,11,13/03/2016,SP,355030,São Paulo,,1,,2016,11,1
F,9,36,12,25/03/2016,SP,355030,São Paulo,,1,,2016,12,1
F,1,16,10,11/03/2016,SP,355030,São Paulo,,1,,2016,10,1
F,9,57,11,18/03/2016,SP,355030,São Paulo,,1,,2016,11,1
F,1,33,12,25/03/2016,SP,355030,São Paulo,,1,,2016,12,1
M,1,0,12,20/03/2016,SP,355030,São Paulo,,1,,2016,12,1
F,4,0,10,12/03/2016,SP,355030,São Paulo,,1,,2016,10,1
M,2,62,12,21/03/2016,SP,355030,São Paulo,,1,,2016,12,1
F,3,37,13,27/03/2016,SP,355030,São Paulo,,1,,2016,13,1
F,,55,12,21/03/2016,SP,355030,São Paulo,,4,,2016,12,1
F,1,39,12,24/03/2016,SP,355030,São Paulo,,1,,2016,12,1
M,9,12,12,25/03/2016,SP,355030,São Paulo,,4,,2016,12,1
M,1,1,10,09/03/2016,SP,355030,São Paulo,,4,,2016,10,1
M,1,2,10,11/03/2016,SP,355030,São Paulo,,4,,2016,10,1
F,1,61,12,21/03/2016,SP,355030,São Paulo,,1,,2016,12,1
M,1,32,12,24/03/2016,SP,355030,São Paulo,,1,,2016,12,1
M,1,4,11,14/03/2016,SP,355030,São Paulo,,1,,2016,11,1
F,4,56,12,21/03/2016,SP,355030,São Paulo,,4,,2016,12,1
F,1,28,13,29/03/2016,SP,355030,São Paulo,,1,,2016,13,1
F,9,19,11,17/03/2016,SP,355030,São Paulo,,1,,2016,11,1
M,2,47,13,29/03/2016,SP,355030,São Paulo,,1,,2016,13,1
F,1,64,12,24/03/2016,SP,355030,São Paulo,,1,,2016,12,1
F,1,0,13,28/03/2016,SP,355030,São Paulo,,1,,2016,13,1
F,1,48,13,28/03/2016,SP,355030,São Paulo,,1,,2016,13,1
M,9,64,12,21/03/2016,SP,355030,São Paulo,,1,,2016,12,1
F,9,16,13,28/03/2016,SP,355030,São Paulo,,1,,2016,13,1
M,1,0,12,21/03/2016,SP,355030,São Paulo,,1,,2016,12,1
F,1,6,13,29/03/2016,SP,355030,São Paulo,,1,,2016,13,1
F,9,29,13,30/03/2016,SP,355030,São Paulo,,1,,2016,13,1
F,9,29,12,24/03/2016,SP,355030,São Paulo,,1,,2016,12,1
F,1,24,12,25/03/2016,SP,355030,São Paulo,,1,,2016,12,1
M,9,62,12,24/03/2016,SP,355030,São Paulo,,1,,2016,12,1
M,4,58,11,19/03/2016,SP,355030,São Paulo,,1,,2016,11,1
M,9,31,12,22/03/2016,SP,355030,São Paulo,,1,,2016,12,1
M,1,6,12,23/03/2016,SP,355030,São Paulo,,1,,2016,12,1
F,4,34,13,27/03/2016,SP,355030,São Paulo,,1,,2016,13,1
F,9,38,13,29/03/2016,SP,355030,São Paulo,,1,,2016,13,1
F,1,16,13,29/03/2016,SP,355030,São Paulo,,1,,2016,13,1
F,1,18,12,26/03/2016,SP,355030,São Paulo,,1,,2016,12,1
F,9,6,13,27/03/2016,SP,355030,São Paulo,,1,,2016,13,1
M,1,54,9,03/03/2016,SP,355030,São Paulo,,1,,2016,9,1
F,9,1,11,17/03/2016,SP,355030,São Paulo,,1,,2016,11,1
M,4,1,13,30/03/2016,SP,355030,São Paulo,,1,,2016,13,1
M,1,0,12,24/03/2016,SP,355030,São Paulo,,1,,2016,12,1
M,1,49,13,27/03/2016,SP,355030,São Paulo,,1,,2016,13,1
M,9,1,12,23/03/2016,SP,355030,São Paulo,,1,,2016,12,1
M,1,3,12,24/03/2016,SP,355030,São Paulo,,1,,2016,12,1
F,1,3,12,25/03/2016,SP,355030,São Paulo,,1,,2016,12,1
M,2,0,12,23/03/2016,SP,355030,São Paulo,,1,,2016,12,1
M,1,55,12,23/03/2016,SP,355030,São Paulo,,1,,2016,12,1
M,9,52,11,18/03/2016,SP,355030,São Paulo,,1,,2016,11,1
F,1,0,12,21/03/2016,SP,355030,São Paulo,,4,,2016,12,1
F,1,0,12,21/03/2016,SP,355030,São Paulo,,4,,2016,12,1
M,1,92,12,25/03/2016,SP,355030,São Paulo,,1,,2016,12,1
M,9,64,12,23/03/2016,SP,355030,São Paulo,,1,,2016,12,1
M,1,1,9,03/03/2016,SP,355030,São Paulo,,1,,2016,9,1
F,1,31,11,15/03/2016,SP,355030,São Paulo,,4,,2016,11,1
F,1,75,11,15/03/2016,SP,355030,São Paulo,,1,,2016,11,1
M,9,35,10,06/03/2016,SP,355030,São Paulo,,1,,2016,10,1
F,9,56,9,03/03/2016,SP,355030,São Paulo,,1,,2016,9,1
F,9,33,11,17/03/2016,SP,355030,São Paulo,,1,,2016,11,1
M,1,44,12,21/03/2016,SP,355030,São Paulo,,1,,2016,12,1
F,1,39,12,24/03/2016,SP,355030,São Paulo,,1,,2016,12,1
F,1,58,12,23/03/2016,SP,355030,São Paulo,,1,,2016,12,1
F,1,67,12,25/03/2016,SP,355030,São Paulo,,1,,2016,12,1
F,1,51,12,24/03/2016,SP,355030,São Paulo,,1,,2016,12,1
F,1,13,12,25/03/2016,SP,355030,São Paulo,,1,,2016,12,1
M,1,5,11,18/03/2016,SP,355030,São Paulo,,1,,2016,11,1
F,1,94,11,19/03/2016,SP,355030,São Paulo,,1,,2016,11,1
F,4,17,11,18/03/2016,SP,355030,São Paulo,,1,,2016,11,1
M,1,87,12,20/03/2016,SP,355030,São Paulo,,1,,2016,12,1
M,,70,10,09/03/2016,SP,355030,São Paulo,,1,,2016,10,1
F,1,70,11,16/03/2016,SP,355030,São Paulo,,1,,2016,11,1
M,1,27,8,26/02/2016,SP,355030,São Paulo,,1,,2016,8,1
M,1,44,9,04/03/2016,SP,355030,São Paulo,,1,,2016,9,1
F,1,36,11,14/03/2016,SP,355030,São Paulo,,1,,2016,11,1
M,1,26,8,27/02/2016,SP,355030,São Paulo,,1,,2016,8,1
M,1,30,9,28/02/2016,SP,355030,São Paulo,,1,,2016,9,1
F,1,47,11,15/03/2016,SP,355030,São Paulo,,1,,2016,11,1
F,1,43,11,18/03/2016,SP,355030,São Paulo,,1,,2016,11,1
M,1,67,12,20/03/2016,SP,355030,São Paulo,,1,,2016,12,1
F,,83,10,11/03/2016,SP,355030,São Paulo,,1,,2016,10,1
M,1,45,13,28/03/2016,SP,355030,São Paulo,,1,,2016,13,1
M,9,1,12,24/03/2016,SP,355030,São Paulo,,1,,2016,12,1
M,1,42,10,06/03/2016,SP,355030,São Paulo,,1,,2016,10,1
F,1,56,10,06/03/2016,SP,355030,São Paulo,,1,,2016,10,1
F,1,2,11,13/03/2016,SP,355030,São Paulo,,1,,2016,11,1
M,1,41,11,14/03/2016,SP,355030,São Paulo,,1,,2016,11,1
F,1,59,11,14/03/2016,SP,355030,São Paulo,,1,,2016,11,1
M,9,50,11,16/03/2016,SP,355030,São Paulo,,1,,2016,11,1
M,1,18,13,27/03/2016,SP,355030,São Paulo,,1,,2016,13,1
F,1,2,11,16/03/2016,SP,355030,São Paulo,,1,,2016,11,1
F,1,55,12,25/03/2016,SP,355030,São Paulo,,1,,2016,12,1
F,1,0,12,22/03/2016,SP,355030,São Paulo,,1,,2016,12,1
F,1,33,12,25/03/2016,SP,355030,São Paulo,,1,,2016,12,1
F,1,73,10,11/03/2016,SP,355030,São Paulo,,1,,2016,10,1
F,1,1,12,24/03/2016,SP,355030,São Paulo,,1,,2016,12,1
F,4,62,12,25/03/2016,SP,355030,São Paulo,,1,,2016,12,1
M,1,46,13,27/03/2016,SP,355030,São Paulo,,1,,2016,13,1
M,4,1,11,14/03/2016,SP,355030,São Paulo,,1,,2016,11,1
F,1,0,13,27/03/2016,SP,355030,São Paulo,,1,,2016,13,1
M,4,1,13,29/03/2016,SP,355030,São Paulo,,1,,2016,13,1
F,4,55,12,23/03/2016,SP,355030,São Paulo,,1,,2016,12,1
M,4,8,13,29/03/2016,SP,355030,São Paulo,,1,,2016,13,1
M,1,46,12,26/03/2016,SP,355030,São Paulo,,1,,2016,12,1
M,2,62,12,22/03/2016,SP,355030,São Paulo,,1,,2016,12,1
F,1,26,13,27/03/2016,SP,355030,São Paulo,,1,,2016,13,1
M,4,52,12,20/03/2016,SP,355030,São Paulo,,1,,2016,12,1
M,1,0,13,29/03/2016,SP,355030,São Paulo,,1,,2016,13,1
M,1,37,12,24/03/2016,SP,355030,São Paulo,,1,,2016,12,1
F,9,75,12,24/03/2016,SP,355030,São Paulo,,1,,2016,12,1
M,4,41,12,20/03/2016,SP,355030,São Paulo,,4,,2016,12,1
F,1,12,11,13/03/2016,SP,355030,São Paulo,,1,,2016,11,1
F,1,43,12,26/03/2016,SP,355030,São Paulo,,1,,2016,12,1
M,9,1,13,30/03/2016,SP,355030,São Paulo,,1,,2016,13,1
F,1,1,12,20/03/2016,SP,355030,São Paulo,,1,,2016,12,1
F,9,46,13,29/03/2016,SP,355030,São Paulo,,4,,2016,13,1
F,4,2,13,30/03/2016,SP,355030,São Paulo,,1,,2016,13,1
F,9,69,11,14/03/2016,SP,355030,São Paulo,,1,,2016,11,1
F,9,74,13,28/03/2016,SP,355030,São Paulo,,1,,2016,13,1
M,1,50,12,23/03/2016,SP,355030,São Paulo,,1,,2016,12,1
F,4,42,13,27/03/2016,SP,355030,São Paulo,,1,,2016,13,1
F,9,37,12,24/03/2016,SP,355030,São Paulo,,1,,2016,12,1
F,9,67,11,19/03/2016,SP,355030,São Paulo,,4,,2016,11,1
M,4,4,13,31/03/2016,SP,355030,São Paulo,,1,,2016,13,1
M,1,3,12,24/03/2016,SP,355030,São Paulo,,1,,2016,12,1
F,1,1,9,04/03/2016,SP,355030,São Paulo,,1,,2016,9,1
M,1,66,13,28/03/2016,SP,355030,São Paulo,,1,,2016,13,1
F,1,0,11,15/03/2016,SP,355030,São Paulo,,1,,2016,11,1
M,4,33,13,28/03/2016,SP,355030,São Paulo,,1,,2016,13,1
F,1,25,13,30/03/2016,SP,355030,São Paulo,,1,,2016,13,1
M,1,77,13,27/03/2016,SP,355030,São Paulo,,1,,2016,13,1
F,1,71,12,26/03/2016,SP,355030,São Paulo,,1,,2016,12,1
M,1,38,12,20/03/2016,SP,355030,São Paulo,,4,,2016,12,1
M,1,35,12,26/03/2016,SP,355030,São Paulo,,1,,2016,12,1
F,1,41,12,26/03/2016,SP,355030,São Paulo,,1,,2016,12,1
F,1,68,10,10/03/2016,SP,355030,São Paulo,,1,,2016,10,1
F,5,77,13,31/03/2016,SP,355030,São Paulo,,1,,2016,13,1
F,9,42,12,21/03/2016,SP,355030,São Paulo,,3,,2016,12,1
M,1,56,12,20/03/2016,SP,355030,São Paulo,,4,,2016,12,1
F,1,30,13,28/03/2016,SP,355030,São Paulo,,1,,2016,13,1
F,4,0,12,25/03/2016,SP,355030,São Paulo,,1,,2016,12,1
M,4,6,13,28/03/2016,SP,355030,São Paulo,,1,,2016,13,1
M,9,30,12,25/03/2016,SP,355030,São Paulo,,1,,2016,12,1
M,1,1,13,31/03/2016,SP,355030,São Paulo,,1,,2016,13,1
F,9,74,13,28/03/2016,SP,355030,São Paulo,,1,,2016,13,1
F,9,1,13,29/03/2016,SP,355030,São Paulo,,1,,2016,13,1
F,1,58,13,29/03/2016,SP,355030,São Paulo,,1,,2016,13,1
M,1,63,13,27/03/2016,SP,355030,São Paulo,,1,,2016,13,1
F,4,72,13,31/03/2016,SP,355030,São Paulo,,1,,2016,13,1
F,1,60,13,31/03/2016,SP,355030,São Paulo,,1,,2016,13,1
F,4,16,14,03/04/2016,SP,355030,São Paulo,,1,,2016,14,1
M,4,45,13,01/04/2016,SP,355030,São Paulo,,1,,2016,13,1
F,1,25,13,28/03/2016,SP,355030,São Paulo,,1,,2016,13,1
F,1,46,13,27/03/2016,SP,355030,São Paulo,,1,,2016,13,1
F,1,51,14,03/04/2016,SP,355030,São Paulo,,1,,2016,14,1
F,1,28,13,27/03/2016,SP,355030,São Paulo,,1,,2016,13,1
F,4,0,12,21/03/2016,SP,355030,São Paulo,,1,,2016,12,1
M,4,1,10,10/03/2016,SP,355030,São Paulo,,1,,2016,10,1
M,1,0,12,24/03/2016,SP,355030,São Paulo,,1,,2016,12,1
M,1,45,12,21/03/2016,SP,355030,São Paulo,,1,,2016,12,1
M,1,0,12,25/03/2016,SP,355030,São Paulo,,1,,2016,12,1
F,9,78,12,25/03/2016,SP,355030,São Paulo,,1,,2016,12,1
F,1,39,14,03/04/2016,SP,355030,São Paulo,,1,,2016,14,1
M,4,46,13,27/03/2016,SP,355030,São Paulo,,1,,2016,13,1
F,1,71,13,01/04/2016,SP,355030,São Paulo,,1,,2016,13,1
F,9,93,12,26/03/2016,SP,355030,São Paulo,,1,,2016,12,1
F,9,49,12,24/03/2016,SP,355030,São Paulo,,1,,2016,12,1
M,1,3,10,11/03/2016,SP,355030,São Paulo,,1,,2016,10,1
M,1,3,11,16/03/2016,SP,355030,São Paulo,,1,,2016,11,1
M,1,71,12,20/03/2016,SP,355030,São Paulo,,1,,2016,12,1
M,1,0,12,24/03/2016,SP,355030,São Paulo,,1,,2016,12,1
F,9,58,12,26/03/2016,SP,355030,São Paulo,,1,,2016,12,1
M,9,67,12,24/03/2016,SP,355030,São Paulo,,1,,2016,12,1
F,1,38,12,25/03/2016,SP,355030,São Paulo,,3,,2016,12,1
M,1,0,11,16/03/2016,SP,355030,São Paulo,,1,,2016,11,1
F,2,75,13,28/03/2016,SP,355030,São Paulo,,1,,2016,13,1
M,1,87,13,29/03/2016,SP,355030,São Paulo,,1,,2016,13,1
F,,5,12,26/03/2016,SP,355030,São Paulo,,1,,2016,12,1
F,1,71,14,03/04/2016,SP,355030,São Paulo,,1,,2016,14,1
F,4,22,14,03/04/2016,SP,355030,São Paulo,,1,,2016,14,1
F,1,61,13,01/04/2016,SP,355030,São Paulo,,1,,2016,13,1
F,4,19,13,28/03/2016,SP,355030,São Paulo,,1,,2016,13,1
F,9,57,12,26/03/2016,SP,355030,São Paulo,,1,,2016,12,1
F,1,44,12,20/03/2016,SP,355030,São Paulo,,1,,2016,12,1
F,9,28,12,20/03/2016,SP,355030,São Paulo,,1,,2016,12,1
F,9,33,13,01/04/2016,SP,355030,São Paulo,,1,,2016,13,1
F,1,66,12,26/03/2016,SP,355030,São Paulo,,1,,2016,12,1
F,1,39,13,01/04/2016,SP,355030,São Paulo,,1,,2016,13,1
M,1,0,13,27/03/2016,SP,355030,São Paulo,,1,,2016,13,1
M,9,1,13,27/03/2016,SP,355030,São Paulo,,1,,2016,13,1
F,1,0,12,25/03/2016,SP,355030,São Paulo,,1,,2016,12,1
M,9,1,13,28/03/2016,SP,355030,São Paulo,,3,,2016,13,1
F,4,3,13,01/04/2016,SP,355030,São Paulo,,1,,2016,13,1
F,9,2,13,01/04/2016,SP,355030,São Paulo,,1,,2016,13,1
F,1,78,13,31/03/2016,SP,355030,São Paulo,,1,,2016,13,1
F,9,0,13,27/03/2016,SP,355030,São Paulo,,1,,2016,13,1
F,9,0,12,20/03/2016,SP,355030,São Paulo,,1,,2016,12,1
F,9,28,12,21/03/2016,SP,355030,São Paulo,,3,,2016,12,1
F,9,62,13,27/03/2016,SP,355030,São Paulo,,1,,2016,13,1
F,9,3,12,26/03/2016,SP,355030,São Paulo,,1,,2016,12,1
M,1,0,12,25/03/2016,SP,355030,São Paulo,,1,,2016,12,1
M,1,0,12,24/03/2016,SP,355030,São Paulo,,1,,2016,12,1
F,1,89,11,18/03/2016,SP,355030,São Paulo,,1,,2016,11,1
M,4,1,11,15/03/2016,SP,355030,São Paulo,,1,,2016,11,1
F,1,2,12,25/03/2016,SP,355030,São Paulo,,1,,2016,12,1
M,1,31,9,04/03/2016,SP,355030,São Paulo,,1,,2016,9,1
M,1,0,10,06/03/2016,SP,355030,São Paulo,,1,,2016,10,1
F,1,2,13,01/04/2016,SP,355030,São Paulo,,1,,2016,13,1
M,2,55,12,24/03/2016,SP,355030,São Paulo,,1,,2016,12,1
F,1,53,12,25/03/2016,SP,355030,São Paulo,,1,,2016,12,1
M,4,76,14,03/04/2016,SP,355030,São Paulo,,1,,2016,14,1
M,1,57,13,31/03/2016,SP,355030,São Paulo,,1,,2016,13,1
M,9,59,13,31/03/2016,SP,355030,São Paulo,,1,,2016,13,1
M,4,65,13,29/03/2016,SP,355030,São Paulo,,1,,2016,13,1
M,4,0,14,03/04/2016,SP,355030,São Paulo,,1,,2016,14,1
F,4,46,13,01/04/2016,SP,355030,São Paulo,,1,,2016,13,1
F,2,59,14,03/04/2016,SP,355030,São Paulo,,1,,2016,14,1
F,4,67,14,03/04/2016,SP,355030,São Paulo,,1,,2016,14,1
F,1,23,11,13/03/2016,SP,355030,São Paulo,,1,,2016,11,1
F,1,1,14,03/04/2016,SP,355030,São Paulo,,1,,2016,14,1
F,4,2,14,05/04/2016,SP,355030,São Paulo,,1,,2016,14,1
M,1,54,12,25/03/2016,SP,355030,São Paulo,,1,,2016,12,1
F,9,75,12,25/03/2016,SP,355030,São Paulo,,1,,2016,12,1
M,1,32,12,26/03/2016,SP,355030,São Paulo,,1,,2016,12,1
M,1,77,14,05/04/2016,SP,355030,São Paulo,,1,,2016,14,1
F,1,1,13,31/03/2016,SP,355030,São Paulo,,1,,2016,13,1
F,9,0,13,29/03/2016,SP,355030,São Paulo,,1,,2016,13,1
F,1,0,12,26/03/2016,SP,355030,São Paulo,,1,,2016,12,1
M,2,66,12,20/03/2016,SP,355030,São Paulo,,1,,2016,12,1
M,4,32,13,01/04/2016,SP,355030,São Paulo,,1,,2016,13,1
F,1,31,13,02/04/2016,SP,355030,São Paulo,,1,,2016,13,1
F,4,3,13,31/03/2016,SP,355030,São Paulo,,1,,2016,13,1
F,1,0,9,05/03/2016,SP,355030,São Paulo,,1,,2016,9,1
M,1,1,13,30/03/2016,SP,355030,São Paulo,,1,,2016,13,1
F,1,17,12,26/03/2016,SP,355030,São Paulo,,1,,2016,12,1
M,1,27,11,19/03/2016,SP,355030,São Paulo,,1,,2016,11,1
F,9,58,13,28/03/2016,SP,355030,São Paulo,,1,,2016,13,1
F,1,50,11,18/03/2016,SP,355030,São Paulo,,1,,2016,11,1
F,1,0,10,07/03/2016,SP,355030,São Paulo,,4,,2016,10,1
M,1,82,11,19/03/2016,SP,355030,São Paulo,,1,,2016,11,1
F,4,61,14,03/04/2016,SP,355030,São Paulo,,1,,2016,14,1
M,1,52,10,10/03/2016,SP,355030,São Paulo,,1,,2016,10,1
F,1,57,11,18/03/2016,SP,355030,São Paulo,,1,,2016,11,1
F,9,4,12,25/03/2016,SP,355030,São Paulo,,1,,2016,12,1
F,9,7,13,30/03/2016,SP,355030,São Paulo,,1,,2016,13,1
F,1,1,9,03/03/2016,SP,355030,São Paulo,,1,,2016,9,1
M,9,2,11,17/03/2016,SP,355030,São Paulo,,1,,2016,11,1
F,9,49,10,07/03/2016,SP,355030,São Paulo,,1,,2016,10,1
F,4,6,13,01/04/2016,SP,355030,São Paulo,,1,,2016,13,1
F,1,21,10,07/03/2016,SP,355030,São Paulo,,1,,2016,10,1
M,1,60,10,09/03/2016,SP,355030,São Paulo,,1,,2016,10,1
M,1,54,11,13/03/2016,SP,355030,São Paulo,,1,,2016,11,1
M,1,1,12,22/03/2016,SP,355030,São Paulo,,1,,2016,12,1
M,4,2,13,28/03/2016,SP,355030,São Paulo,,1,,2016,13,1
M,4,1,13,28/03/2016,SP,355030,São Paulo,,1,,2016,13,1
M,4,2,13,29/03/2016,SP,355030,São Paulo,,1,,2016,13,1
F,1,0,13,28/03/2016,SP,355030,São Paulo,,1,,2016,13,1
M,1,2,12,25/03/2016,SP,355030,São Paulo,,1,,2016,12,1
F,9,58,12,26/03/2016,SP,355030,São Paulo,,1,,2016,12,1
F,1,1,12,22/03/2016,SP,355030,São Paulo,,1,,2016,12,1
M,4,11,13,31/03/2016,SP,355030,São Paulo,,1,,2016,13,1
F,9,73,12,26/03/2016,SP,355030,São Paulo,,1,,2016,12,1
M,9,14,12,24/03/2016,SP,355030,São Paulo,,1,,2016,12,1
M,1,5,11,14/03/2016,SP,355030,São Paulo,,1,,2016,11,1
F,2,49,13,28/03/2016,SP,355030,São Paulo,,1,,2016,13,1
M,1,35,12,26/03/2016,SP,355030,São Paulo,,1,,2016,12,1
F,9,33,12,25/03/2016,SP,355030,São Paulo,,1,,2016,12,1
M,1,2,12,23/03/2016,SP,355030,São Paulo,,1,,2016,12,1
M,1,69,13,29/03/2016,SP,355030,São Paulo,,1,,2016,13,1
M,4,57,14,06/04/2016,SP,355030,São Paulo,,1,,2016,14,1
M,1,34,13,01/04/2016,SP,355030,São Paulo,,1,,2016,13,1
M,1,74,13,31/03/2016,SP,355030,São Paulo,,1,,2016,13,1
M,1,77,13,02/04/2016,SP,355030,São Paulo,,1,,2016,13,1
M,9,31,13,29/03/2016,SP,355030,São Paulo,,1,,2016,13,1
F,1,88,13,30/03/2016,SP,355030,São Paulo,,1,,2016,13,1
M,1,56,12,21/03/2016,SP,355030,São Paulo,,1,,2016,12,1
M,9,44,14,06/04/2016,SP,355030,São Paulo,,1,,2016,14,1
M,9,62,11,15/03/2016,SP,355030,São Paulo,,1,,2016,11,1
F,9,76,13,02/04/2016,SP,355030,São Paulo,,1,,2016,13,1
F,1,63,13,02/04/2016,SP,355030,São Paulo,,1,,2016,13,1
F,1,1,13,02/04/2016,SP,355030,São Paulo,,1,,2016,13,1
M,4,0,13,01/04/2016,SP,355030,São Paulo,,1,,2016,13,1
F,2,14,14,03/04/2016,SP,355030,São Paulo,,1,,2016,14,1
M,4,83,14,03/04/2016,SP,355030,São Paulo,,1,,2016,14,1
F,9,1,10,10/03/2016,SP,355030,São Paulo,,4,,2016,10,1
M,9,2,10,06/03/2016,SP,355030,São Paulo,,1,,2016,10,1
F,1,55,12,21/03/2016,SP,355030,São Paulo,,4,,2016,12,1
M,9,58,11,13/03/2016,SP,355030,São Paulo,,1,,2016,11,1
F,9,4,10,06/03/2016,SP,355030,São Paulo,,1,,2016,10,1
F,9,2,11,14/03/2016,SP,355030,São Paulo,,4,,2016,11,1
F,9,5,10,06/03/2016,SP,355030,São Paulo,,1,,2016,10,1
M,1,6,14,05/04/2016,SP,355030,São Paulo,,1,,2016,14,1
F,1,0,13,01/04/2016,SP,355030,São Paulo,,1,,2016,13,1
F,1,61,11,15/03/2016,SP,355030,São Paulo,,1,,2016,11,1
F,1,3,13,01/04/2016,SP,355030,São Paulo,,1,,2016,13,1
M,1,56,10,09/03/2016,SP,355030,São Paulo,,1,,2016,10,1
F,1,61,13,01/04/2016,SP,355030,São Paulo,,1,,2016,13,1
F,4,62,13,30/03/2016,SP,355030,São Paulo,,1,,2016,13,1
M,2,62,13,31/03/2016,SP,355030,São Paulo,,1,,2016,13,1
M,1,1,12,25/03/2016,SP,355030,São Paulo,,4,,2016,12,1
M,2,66,13,28/03/2016,SP,355030,São Paulo,,1,,2016,13,1
M,4,80,12,24/03/2016,SP,355030,São Paulo,,1,,2016,12,1
M,4,20,13,27/03/2016,SP,355030,São Paulo,,1,,2016,13,1
F,1,53,11,15/03/2016,SP,355030,São Paulo,,1,,2016,11,1
M,1,0,13,28/03/2016,SP,355030,São Paulo,,1,,2016,13,1
M,1,77,11,18/03/2016,SP,355030,São Paulo,,1,,2016,11,1
F,4,10,14,03/04/2016,SP,355030,São Paulo,,1,,2016,14,1
M,4,46,13,02/04/2016,SP,355030,São Paulo,,1,,2016,13,1
F,1,54,13,01/04/2016,SP,355030,São Paulo,,1,,2016,13,1
F,4,80,14,04/04/2016,SP,355030,São Paulo,,1,,2016,14,1
M,1,64,12,26/03/2016,SP,355030,São Paulo,,1,,2016,12,1
F,1,0,11,18/03/2016,SP,355030,São Paulo,,1,,2016,11,1
F,9,3,13,31/03/2016,SP,355030,São Paulo,,1,,2016,13,1
M,9,4,13,29/03/2016,SP,355030,São Paulo,,3,,2016,13,1
M,4,1,14,03/04/2016,SP,355030,São Paulo,,1,,2016,14,1
F,1,0,12,21/03/2016,SP,355030,São Paulo,,1,,2016,12,1
F,1,36,14,06/04/2016,SP,355030,São Paulo,,1,,2016,14,1
F,4,1,14,03/04/2016,SP,355030,São Paulo,,1,,2016,14,1
F,9,33,13,31/03/2016,SP,355030,São Paulo,,1,,2016,13,1
F,9,72,13,29/03/2016,SP,355030,São Paulo,,4,,2016,13,1
F,9,1,12,21/03/2016,SP,355030,São Paulo,,4,,2016,12,1
F,9,88,13,29/03/2016,SP,355030,São Paulo,,1,,2016,13,1
M,9,1,12,26/03/2016,SP,355030,São Paulo,,1,,2016,12,1
F,4,0,12,20/03/2016,SP,355030,São Paulo,,1,,2016,12,1
F,1,57,13,28/03/2016,SP,355030,São Paulo,,1,,2016,13,1
M,,64,12,25/03/2016,SP,355030,São Paulo,,1,,2016,12,1
F,1,3,9,04/03/2016,SP,355030,São Paulo,,1,,2016,9,1
F,1,85,13,30/03/2016,SP,355030,São Paulo,,1,,2016,13,1
M,1,38,10,12/03/2016,SP,355030,São Paulo,,1,,2016,10,1
M,4,4,13,30/03/2016,SP,355030,São Paulo,,1,,2016,13,1
M,1,84,12,24/03/2016,SP,355030,São Paulo,,1,,2016,12,1
M,4,47,13,01/04/2016,SP,355030,São Paulo,,1,,2016,13,1
F,1,37,13,31/03/2016,SP,355030,São Paulo,,1,,2016,13,1
M,1,2,14,03/04/2016,SP,355030,São Paulo,,1,,2016,14,1
M,,1,14,03/04/2016,SP,355030,São Paulo,,1,,2016,14,1
F,3,72,13,27/03/2016,SP,355030,São Paulo,,1,,2016,13,1
F,,0,12,26/03/2016,SP,355030,São Paulo,,1,,2016,12,1
M,9,34,12,20/03/2016,SP,355030,São Paulo,,4,,2016,12,1
F,9,70,11,18/03/2016,SP,355030,São Paulo,,4,,2016,11,1
F,1,53,11,15/03/2016,SP,355030,São Paulo,,4,,2016,11,1
M,1,59,13,30/03/2016,SP,355030,São Paulo,,4,,2016,13,1
M,,0,12,24/03/2016,SP,355030,São Paulo,,1,,2016,12,1
F,9,56,12,22/03/2016,SP,355030,São Paulo,,1,,2016,12,1
M,1,22,13,31/03/2016,SP,355030,São Paulo,,4,,2016,13,1
M,,63,13,31/03/2016,SP,355030,São Paulo,,1,,2016,13,1
F,9,68,12,24/03/2016,SP,355030,São Paulo,,4,,2016,12,1
F,,4,11,15/03/2016,SP,355030,São Paulo,,4,,2016,11,1
F,2,60,13,28/03/2016,SP,355030,São Paulo,,1,,2016,13,1
M,4,0,13,29/03/2016,SP,355030,São Paulo,,1,,2016,13,1
F,4,64,14,06/04/2016,SP,355030,São Paulo,,1,,2016,14,1
M,4,0,14,06/04/2016,SP,355030,São Paulo,,1,,2016,14,1
M,4,1,13,01/04/2016,SP,355030,São Paulo,,1,,2016,13,1
F,1,1,14,03/04/2016,SP,355030,São Paulo,,1,,2016,14,1
F,1,65,14,03/04/2016,SP,355030,São Paulo,,1,,2016,14,1
F,9,2,11,15/03/2016,SP,355030,São Paulo,,1,,2016,11,1
F,9,2,14,04/04/2016,SP,355030,São Paulo,,1,,2016,14,1
M,1,0,14,08/04/2016,SP,355030,São Paulo,,1,,2016,14,1
M,4,0,11,16/03/2016,SP,355030,São Paulo,,1,,2016,11,1
F,1,80,13,30/03/2016,SP,355030,São Paulo,,1,,2016,13,1
M,1,26,13,30/03/2016,SP,355030,São Paulo,,4,,2016,13,1
M,4,44,14,04/04/2016,SP,355030,São Paulo,,1,,2016,14,1
F,4,3,14,03/04/2016,SP,355030,São Paulo,,1,,2016,14,1
F,1,69,14,06/04/2016,SP,355030,São Paulo,,1,,2016,14,1
M,1,43,15,10/04/2016,SP,355030,São Paulo,,1,,2016,15,1
F,1,68,14,08/04/2016,SP,355030,São Paulo,,1,,2016,14,1
F,1,56,14,04/04/2016,SP,355030,São Paulo,,1,,2016,14,1
M,1,6,13,01/04/2016,SP,355030,São Paulo,,1,,2016,13,1
M,1,1,14,03/04/2016,SP,355030,São Paulo,,4,,2016,14,1
M,1,11,14,05/04/2016,SP,355030,São Paulo,,1,,2016,14,1
M,4,67,14,07/04/2016,SP,355030,São Paulo,,1,,2016,14,1
M,9,2,13,02/04/2016,SP,355030,São Paulo,,1,,2016,13,1
F,4,20,10,10/03/2016,SP,355030,São Paulo,,1,,2016,10,1
M,1,4,14,04/04/2016,SP,355030,São Paulo,,1,,2016,14,1
F,1,59,11,17/03/2016,SP,355030,São Paulo,,1,,2016,11,1
M,1,63,14,03/04/2016,SP,355030,São Paulo,,1,,2016,14,1
F,1,25,13,29/03/2016,SP,355030,São Paulo,,1,,2016,13,1
F,1,38,14,07/04/2016,SP,355030,São Paulo,,1,,2016,14,1
F,1,3,14,08/04/2016,SP,355030,São Paulo,,1,,2016,14,1
M,1,73,14,03/04/2016,SP,355030,São Paulo,,1,,2016,14,1
M,1,1,13,01/04/2016,SP,355030,São Paulo,,1,,2016,13,1
M,4,1,13,02/04/2016,SP,355030,São Paulo,,1,,2016,13,1
M,1,58,11,19/03/2016,SP,355030,São Paulo,,1,,2016,11,1
M,,40,14,04/04/2016,SP,355030,São Paulo,,1,,2016,14,1
F,9,39,12,20/03/2016,SP,355030,São Paulo,,1,,2016,12,1
M,1,4,14,07/04/2016,SP,355030,São Paulo,,1,,2016,14,1
F,9,81,12,22/03/2016,SP,355030,São Paulo,,1,,2016,12,1
M,4,45,14,05/04/2016,SP,355030,São Paulo,,1,,2016,14,1
M,3,95,12,26/03/2016,SP,355030,São Paulo,,1,,2016,12,1
M,2,84,14,06/04/2016,SP,355030,São Paulo,,1,,2016,14,1
M,1,37,15,10/04/2016,SP,355030,São Paulo,,1,,2016,15,1
F,1,34,12,20/03/2016,SP,355030,São Paulo,,1,,2016,12,1
M,9,34,14,08/04/2016,SP,355030,São Paulo,,1,,2016,14,1
F,1,0,12,24/03/2016,SP,355030,São Paulo,,1,,2016,12,1
M,1,62,12,24/03/2016,SP,355030,São Paulo,,1,,2016,12,1
F,9,16,14,05/04/2016,SP,355030,São Paulo,,1,,2016,14,1
F,1,4,13,01/04/2016,SP,355030,São Paulo,,1,,2016,13,1
M,9,56,12,23/03/2016,SP,355030,São Paulo,,1,,2016,12,1
M,1,1,14,09/04/2016,SP,355030,São Paulo,,1,,2016,14,1
F,1,1,14,04/04/2016,SP,355030,São Paulo,,1,,2016,14,1
F,1,40,13,31/03/2016,SP,355030,São Paulo,,1,,2016,13,1
M,1,47,13,31/03/2016,SP,355030,São Paulo,,1,,2016,13,1
F,9,0,11,15/03/2016,SP,355030,São Paulo,,1,,2016,11,1
F,1,57,10,11/03/2016,SP,355030,São Paulo,,1,,2016,10,1
F,3,77,12,22/03/2016,SP,355030,São Paulo,,1,,2016,12,1
M,9,36,13,28/03/2016,SP,355030,São Paulo,,1,,2016,13,1
F,1,2,12,25/03/2016,SP,355030,São Paulo,,1,,2016,12,1
F,1,58,11,15/03/2016,SP,355030,São Paulo,,1,,2016,11,1
M,1,0,12,20/03/2016,SP,355030,São Paulo,,1,,2016,12,1
M,4,77,15,11/04/2016,SP,355030,São Paulo,,1,,2016,15,1
F,1,27,14,04/04/2016,SP,355030,São Paulo,,1,,2016,14,1
M,1,50,13,01/04/2016,SP,355030,São Paulo,,1,,2016,13,1
M,1,41,13,01/04/2016,SP,355030,São Paulo,,1,,2016,13,1
F,1,0,13,01/04/2016,SP,355030,São Paulo,,1,,2016,13,1
F,1,57,14,07/04/2016,SP,355030,São Paulo,,1,,2016,14,1
F,1,51,13,30/03/2016,SP,355030,São Paulo,,1,,2016,13,1
M,9,39,13,30/03/2016,SP,355030,São Paulo,,1,,2016,13,1
F,9,34,12,21/03/2016,SP,355030,São Paulo,,1,,2016,12,1
M,4,0,13,01/04/2016,SP,355030,São Paulo,,1,,2016,13,1
F,9,33,13,29/03/2016,SP,355030,São Paulo,,1,,2016,13,1
M,1,2,13,01/04/2016,SP,355030,São Paulo,,1,,2016,13,1
F,1,78,13,31/03/2016,SP,355030,São Paulo,,1,,2016,13,1
M,9,23,14,06/04/2016,SP,355030,São Paulo,,1,,2016,14,1
F,1,86,13,01/04/2016,SP,355030,São Paulo,,1,,2016,13,1
F,1,87,13,01/04/2016,SP,355030,São Paulo,,1,,2016,13,1
M,1,5,15,11/04/2016,SP,355030,São Paulo,,1,,2016,15,1
F,9,1,14,06/04/2016,SP,355030,São Paulo,,1,,2016,14,1
F,3,0,14,03/04/2016,SP,355030,São Paulo,,1,,2016,14,1
F,1,29,14,08/04/2016,SP,355030,São Paulo,,1,,2016,14,1
M,4,0,14,07/04/2016,SP,355030,São Paulo,,1,,2016,14,1
M,1,65,11,16/03/2016,SP,355030,São Paulo,,1,,2016,11,1
F,1,0,14,09/04/2016,SP,355030,São Paulo,,1,,2016,14,1
F,9,34,13,31/03/2016,SP,355030,São Paulo,,1,,2016,13,1
M,9,24,14,05/04/2016,SP,355030,São Paulo,,1,,2016,14,1
M,9,40,14,05/04/2016,SP,355030,São Paulo,,1,,2016,14,1
M,1,3,13,02/04/2016,SP,355030,São Paulo,,1,,2016,13,1
F,1,37,14,07/04/2016,SP,355030,São Paulo,,1,,2016,14,1
M,1,1,13,29/03/2016,SP,355030,São Paulo,,4,,2016,13,1
M,9,1,11,16/03/2016,SP,355030,São Paulo,,4,,2016,11,1
M,9,50,12,20/03/2016,SP,355030,São Paulo,,1,,2016,12,1
F,1,25,14,06/04/2016,SP,355030,São Paulo,,1,,2016,14,1
F,9,51,12,25/03/2016,SP,355030,São Paulo,,1,,2016,12,1
M,1,21,14,07/04/2016,SP,355030,São Paulo,,4,,2016,14,1
F,9,24,13,29/03/2016,SP,355030,São Paulo,,4,,2016,13,1
M,4,1,14,07/04/2016,SP,355030,São Paulo,,1,,2016,14,1
F,4,51,14,09/04/2016,SP,355030,São Paulo,,1,,2016,14,1
F,9,54,15,11/04/2016,SP,355030,São Paulo,,1,,2016,15,1
M,9,10,14,09/04/2016,SP,355030,São Paulo,,1,,2016,14,1
M,1,1,14,08/04/2016,SP,355030,São Paulo,,1,,2016,14,1
M,1,0,14,03/04/2016,SP,355030,São Paulo,,1,,2016,14,1
F,4,50,15,12/04/2016,SP,355030,São Paulo,,1,,2016,15,1
M,1,67,15,10/04/2016,SP,355030,São Paulo,,1,,2016,15,1
F,9,79,12,26/03/2016,SP,355030,São Paulo,,1,,2016,12,1
F,9,89,12,22/03/2016,SP,355030,São Paulo,,1,,2016,12,1
M,9,69,12,25/03/2016,SP,355030,São Paulo,,1,,2016,12,1
M,1,12,13,01/04/2016,SP,355030,São Paulo,,1,,2016,13,1
M,1,3,13,31/03/2016,SP,355030,São Paulo,,1,,2016,13,1
M,1,6,14,03/04/2016,SP,355030,São Paulo,,1,,2016,14,1
M,4,7,13,01/04/2016,SP,355030,São Paulo,,1,,2016,13,1
M,1,1,14,08/04/2016,SP,355030,São Paulo,,1,,2016,14,1
F,1,1,13,31/03/2016,SP,355030,São Paulo,,1,,2016,13,1
M,1,33,14,06/04/2016,SP,355030,São Paulo,,1,,2016,14,1
M,1,6,14,09/04/2016,SP,355030,São Paulo,,1,,2016,14,1
F,9,31,15,12/04/2016,SP,355030,São Paulo,,1,,2016,15,1
M,1,63,15,10/04/2016,SP,355030,São Paulo,,1,,2016,15,1
M,1,9,15,10/04/2016,SP,355030,São Paulo,,1,,2016,15,1
F,1,77,13,02/04/2016,SP,355030,São Paulo,,1,,2016,13,1
M,1,41,13,30/03/2016,SP,355030,São Paulo,,1,,2016,13,1
F,4,33,13,28/03/2016,SP,355030,São Paulo,,1,,2016,13,1
M,1,68,14,09/04/2016,SP,355030,São Paulo,,1,,2016,14,1
M,9,36,13,01/04/2016,SP,355030,São Paulo,,1,,2016,13,1
M,9,1,15,10/04/2016,SP,355030,São Paulo,,1,,2016,15,1
F,4,11,15,12/04/2016,SP,355030,São Paulo,,1,,2016,15,1
F,1,2,14,09/04/2016,SP,355030,São Paulo,,1,,2016,14,1
M,9,31,13,30/03/2016,SP,355030,São Paulo,,1,,2016,13,1
M,1,35,13,30/03/2016,SP,355030,São Paulo,,1,,2016,13,1
M,4,41,13,01/04/2016,SP,355030,São Paulo,,1,,2016,13,1
F,9,55,12,26/03/2016,SP,355030,São Paulo,,1,,2016,12,1
F,9,89,13,02/04/2016,SP,355030,São Paulo,,1,,2016,13,1
F,9,63,13,31/03/2016,SP,355030,São Paulo,,1,,2016,13,1
F,9,78,13,01/04/2016,SP,355030,São Paulo,,4,,2016,13,1
F,9,47,14,03/04/2016,SP,355030,São Paulo,,1,,2016,14,1
M,1,26,13,29/03/2016,SP,355030,São Paulo,,1,,2016,13,1
F,9,59,15,11/04/2016,SP,355030,São Paulo,,1,,2016,15,1
F,1,56,15,10/04/2016,SP,355030,São Paulo,,1,,2016,15,1
F,9,69,14,04/04/2016,SP,355030,São Paulo,,1,,2016,14,1
F,4,2,14,06/04/2016,SP,355030,São Paulo,,4,,2016,14,1
F,1,0,14,08/04/2016,SP,355030,São Paulo,,1,,2016,14,1
M,4,42,15,12/04/2016,SP,355030,São Paulo,,1,,2016,15,1
M,9,61,13,02/04/2016,SP,355030,São Paulo,,1,,2016,13,1
F,1,0,12,25/03/2016,SP,355030,São Paulo,,1,,2016,12,1
F,4,1,13,31/03/2016,SP,355030,São Paulo,,1,,2016,13,1
F,1,2,13,01/04/2016,SP,355030,São Paulo,,1,,2016,13,1
F,9,1,12,20/03/2016,SP,355030,São Paulo,,1,,2016,12,1
F,9,73,15,14/04/2016,SP,355030,São Paulo,,1,,2016,15,1
F,9,82,14,09/04/2016,SP,355030,São Paulo,,1,,2016,14,1
M,4,5,14,08/04/2016,SP,355030,São Paulo,,1,,2016,14,1
F,4,19,13,01/04/2016,SP,355030,São Paulo,,1,,2016,13,1
F,1,0,13,02/04/2016,SP,355030,São Paulo,,1,,2016,13,1
F,1,1,15,10/04/2016,SP,355030,São Paulo,,1,,2016,15,1
F,1,36,13,01/04/2016,SP,355030,São Paulo,,1,,2016,13,1
F,1,55,14,05/04/2016,SP,355030,São Paulo,,1,,2016,14,1
M,9,78,11,15/03/2016,SP,355030,São Paulo,,1,,2016,11,1
M,4,55,11,17/03/2016,SP,355030,São Paulo,,1,,2016,11,1
M,9,1,12,22/03/2016,SP,355030,São Paulo,,1,,2016,12,1
F,1,1,14,03/04/2016,SP,355030,São Paulo,,1,,2016,14,1
F,9,3,13,02/04/2016,SP,355030,São Paulo,,1,,2016,13,1
M,9,2,14,03/04/2016,SP,355030,São Paulo,,4,,2016,14,1
F,4,0,14,06/04/2016,SP,355030,São Paulo,,1,,2016,14,1
M,4,56,15,10/04/2016,SP,355030,São Paulo,,1,,2016,15,1
M,3,75,14,07/04/2016,SP,355030,São Paulo,,1,,2016,14,1
F,4,0,15,10/04/2016,SP,355030,São Paulo,,1,,2016,15,1
F,1,88,14,03/04/2016,SP,355030,São Paulo,,1,,2016,14,1
M,9,7,11,19/03/2016,SP,355030,São Paulo,,1,,2016,11,1
M,4,1,14,07/04/2016,SP,355030,São Paulo,,1,,2016,14,1
M,1,50,14,09/04/2016,SP,355030,São Paulo,,1,,2016,14,1
F,9,56,12,24/03/2016,SP,355030,São Paulo,,1,,2016,12,1
M,9,69,12,23/03/2016,SP,355030,São Paulo,,1,,2016,12,1
F,9,72,12,26/03/2016,SP,355030,São Paulo,,1,,2016,12,1
F,1,43,15,12/04/2016,SP,355030,São Paulo,,1,,2016,15,1
F,1,0,12,25/03/2016,SP,355030,São Paulo,,1,,2016,12,1
M,1,33,14,07/04/2016,SP,355030,São Paulo,,1,,2016,14,1
F,1,10,13,02/04/2016,SP,355030,São Paulo,,1,,2016,13,1
F,1,0,14,07/04/2016,SP,355030,São Paulo,,1,,2016,14,1
M,1,51,14,04/04/2016,SP,355030,São Paulo,,1,,2016,14,1
M,1,3,11,16/03/2016,SP,355030,São Paulo,,1,,2016,11,1
F,2,53,11,18/03/2016,SP,355030,São Paulo,,1,,2016,11,1
M,1,25,15,10/04/2016,SP,355030,São Paulo,,1,,2016,15,1
M,1,38,14,09/04/2016,SP,355030,São Paulo,,1,,2016,14,1
F,4,6,14,06/04/2016,SP,355030,São Paulo,,1,,2016,14,1
F,4,2,15,10/04/2016,SP,355030,São Paulo,,1,,2016,15,1
F,1,51,13,27/03/2016,SP,355030,São Paulo,,1,,2016,13,1
F,1,22,15,12/04/2016,SP,355030,São Paulo,,1,,2016,15,1
M,9,40,13,28/03/2016,SP,355030,São Paulo,,1,,2016,13,1
F,9,0,13,28/03/2016,SP,355030,São Paulo,,4,,2016,13,1
M,9,22,13,01/04/2016,SP,355030,São Paulo,,1,,2016,13,1
M,9,56,14,03/04/2016,SP,355030,São Paulo,,1,,2016,14,1
F,9,62,13,31/03/2016,SP,355030,São Paulo,,1,,2016,13,1
M,9,80,14,04/04/2016,SP,355030,São Paulo,,1,,2016,14,1
M,1,0,14,09/04/2016,SP,355030,São Paulo,,1,,2016,14,1
F,4,0,14,05/04/2016,SP,355030,São Paulo,,1,,2016,14,1
M,9,5,15,11/04/2016,SP,355030,São Paulo,,1,,2016,15,1
M,1,1,12,25/03/2016,SP,355030,São Paulo,,1,,2016,12,1
M,4,1,14,04/04/2016,SP,355030,São Paulo,,1,,2016,14,1
M,3,51,10,07/03/2016,SP,355030,São Paulo,,4,,2016,10,1
F,9,1,14,07/04/2016,SP,355030,São Paulo,,1,,2016,14,1
F,2,33,13,01/04/2016,SP,355030,São Paulo,,4,,2016,13,1
F,1,3,15,10/04/2016,SP,355030,São Paulo,,1,,2016,15,1
F,1,28,14,08/04/2016,SP,355030,São Paulo,,1,,2016,14,1
F,1,41,15,14/04/2016,SP,355030,São Paulo,,1,,2016,15,1
M,1,4,15,12/04/2016,SP,355030,São Paulo,,3,,2016,15,1
M,3,74,13,31/03/2016,SP,355030,São Paulo,,1,,2016,13,1
F,4,49,13,29/03/2016,SP,355030,São Paulo,,1,,2016,13,1
F,9,76,14,08/04/2016,SP,355030,São Paulo,,1,,2016,14,1
M,4,0,15,12/04/2016,SP,355030,São Paulo,,1,,2016,15,1
F,4,0,14,09/04/2016,SP,355030,São Paulo,,1,,2016,14,1
F,1,40,14,05/04/2016,SP,355030,São Paulo,,1,,2016,14,1
F,9,43,14,06/04/2016,SP,355030,São Paulo,,1,,2016,14,1
M,9,1,14,07/04/2016,SP,355030,São Paulo,,1,,2016,14,1
F,1,5,13,31/03/2016,SP,355030,São Paulo,,1,,2016,13,1
F,1,39,13,01/04/2016,SP,355030,São Paulo,,1,,2016,13,1
F,9,47,14,09/04/2016,SP,355030,São Paulo,,1,,2016,14,1
M,1,41,13,02/04/2016,SP,355030,São Paulo,,1,,2016,13,1
M,9,48,14,09/04/2016,SP,355030,São Paulo,,1,,2016,14,1
F,9,2,14,06/04/2016,SP,355030,São Paulo,,1,,2016,14,1
M,1,4,14,06/04/2016,SP,355030,São Paulo,,1,,2016,14,1
F,9,52,13,02/04/2016,SP,355030,São Paulo,,1,,2016,13,1
F,1,1,14,03/04/2016,SP,355030,São Paulo,,1,,2016,14,1
F,9,50,12,23/03/2016,SP,355030,São Paulo,,1,,2016,12,1
M,9,69,12,21/03/2016,SP,355030,São Paulo,,1,,2016,12,1
M,1,2,14,08/04/2016,SP,355030,São Paulo,,1,,2016,14,1
F,9,51,12,25/03/2016,SP,355030,São Paulo,,1,,2016,12,1
F,9,53,12,22/03/2016,SP,355030,São Paulo,,1,,2016,12,1
M,9,32,11,18/03/2016,SP,355030,São Paulo,,1,,2016,11,1
F,1,55,13,02/04/2016,SP,355030,São Paulo,,1,,2016,13,1
M,9,83,12,25/03/2016,SP,355030,São Paulo,,1,,2016,12,1
F,9,51,14,04/04/2016,SP,355030,São Paulo,,1,,2016,14,1
F,9,6,14,09/04/2016,SP,355030,São Paulo,,1,,2016,14,1
F,1,23,14,07/04/2016,SP,355030,São Paulo,,1,,2016,14,1
M,2,0,13,02/04/2016,SP,355030,São Paulo,,1,,2016,13,1
M,9,50,15,14/04/2016,SP,355030,São Paulo,,1,,2016,15,1
M,4,1,15,12/04/2016,SP,355030,São Paulo,,1,,2016,15,1
F,1,21,13,01/04/2016,SP,355030,São Paulo,,1,,2016,13,1
F,9,0,14,07/04/2016,SP,355030,São Paulo,,4,,2016,14,1
M,3,26,15,15/04/2016,SP,355030,São Paulo,,1,,2016,15,1
F,4,1,13,27/03/2016,SP,355030,São Paulo,,1,,2016,13,1
F,4,0,13,30/03/2016,SP,355030,São Paulo,,1,,2016,13,1
F,4,0,14,09/04/2016,SP,355030,São Paulo,,1,,2016,14,1
M,4,0,14,06/04/2016,SP,355030,São Paulo,,1,,2016,14,1
M,1,41,15,14/04/2016,SP,355030,São Paulo,,1,,2016,15,1
F,1,64,14,09/04/2016,SP,355030,São Paulo,,1,,2016,14,1
F,4,0,14,07/04/2016,SP,355030,São Paulo,,1,,2016,14,1
M,1,0,15,13/04/2016,SP,355030,São Paulo,,1,,2016,15,1
M,9,6,14,07/04/2016,SP,355030,São Paulo,,1,,2016,14,1
F,1,57,15,14/04/2016,SP,355030,São Paulo,,1,,2016,15,1
M,9,1,13,01/04/2016,SP,355030,São Paulo,,1,,2016,13,1
M,2,59,15,14/04/2016,SP,355030,São Paulo,,1,,2016,15,1
M,4,26,14,06/04/2016,SP,355030,São Paulo,,1,,2016,14,1
F,1,2,14,04/04/2016,SP,355030,São Paulo,,1,,2016,14,1
M,4,2,14,04/04/2016,SP,355030,São Paulo,,1,,2016,14,1
M,4,4,15,15/04/2016,SP,355030,São Paulo,,1,,2016,15,1
F,1,43,14,09/04/2016,SP,355030,São Paulo,,1,,2016,14,1
F,4,68,14,06/04/2016,SP,355030,São Paulo,,1,,2016,14,1
M,1,1,14,09/04/2016,SP,355030,São Paulo,,1,,2016,14,1
F,1,0,14,04/04/2016,SP,355030,São Paulo,,1,,2016,14,1
M,9,2,15,10/04/2016,SP,355030,São Paulo,,1,,2016,15,1
F,1,29,15,15/04/2016,SP,355030,São Paulo,,1,,2016,15,1
M,1,85,15,12/04/2016,SP,355030,São Paulo,,1,,2016,15,1
M,1,56,14,03/04/2016,SP,355030,São Paulo,,1,,2016,14,1
F,1,72,12,25/03/2016,SP,355030,São Paulo,,1,,2016,12,1
M,1,1,15,13/04/2016,SP,355030,São Paulo,,1,,2016,15,1
F,1,0,15,14/04/2016,SP,355030,São Paulo,,1,,2016,15,1
M,9,5,15,16/04/2016,SP,355030,São Paulo,,1,,2016,15,1
M,4,67,14,03/04/2016,SP,355030,São Paulo,,1,,2016,14,1
M,1,3,16,17/04/2016,SP,355030,São Paulo,,1,,2016,16,1
F,1,37,15,13/04/2016,SP,355030,São Paulo,,1,,2016,15,1
F,1,6,15,16/04/2016,SP,355030,São Paulo,,1,,2016,15,1
F,2,1,15,12/04/2016,SP,355030,São Paulo,,1,,2016,15,1
F,4,41,15,11/04/2016,SP,355030,São Paulo,,1,,2016,15,1
F,9,14,15,12/04/2016,SP,355030,São Paulo,,1,,2016,15,1
F,1,74,13,31/03/2016,SP,355030,São Paulo,,1,,2016,13,1
F,1,50,14,03/04/2016,SP,355030,São Paulo,,1,,2016,14,1
M,1,2,15,14/04/2016,SP,355030,São Paulo,,1,,2016,15,1
M,9,56,13,01/04/2016,SP,355030,São Paulo,,1,,2016,13,1
M,1,69,15,13/04/2016,SP,355030,São Paulo,,1,,2016,15,1
M,9,74,14,05/04/2016,SP,355030,São Paulo,,1,,2016,14,1
M,9,68,12,25/03/2016,SP,355030,São Paulo,,1,,2016,12,1
F,1,1,14,08/04/2016,SP,355030,São Paulo,,1,,2016,14,1
F,1,53,16,17/04/2016,SP,355030,São Paulo,,1,,2016,16,1
M,9,15,13,01/04/2016,SP,355030,São Paulo,,1,,2016,13,1
M,9,65,13,28/03/2016,SP,355030,São Paulo,,1,,2016,13,1
M,9,70,11,19/03/2016,SP,355030,São Paulo,,1,,2016,11,1
M,4,50,15,16/04/2016,SP,355030,São Paulo,,1,,2016,15,1
M,9,60,15,14/04/2016,SP,355030,São Paulo,,1,,2016,15,1
F,9,26,15,12/04/2016,SP,355030,São Paulo,,4,,2016,15,1
M,9,52,13,01/04/2016,SP,355030,São Paulo,,1,,2016,13,1
F,1,72,14,06/04/2016,SP,355030,São Paulo,,1,,2016,14,1
M,1,78,14,08/04/2016,SP,355030,São Paulo,,1,,2016,14,1
F,1,42,14,09/04/2016,SP,355030,São Paulo,,1,,2016,14,1
M,1,1,15,10/04/2016,SP,355030,São Paulo,,1,,2016,15,1
M,1,31,6,07/02/2016,SP,355030,São Paulo,,1,,2016,6,1
M,1,32,15,15/04/2016,SP,355030,São Paulo,,1,,2016,15,1
M,1,62,14,05/04/2016,SP,355030,São Paulo,,1,,2016,14,1
M,1,0,15,16/04/2016,SP,355030,São Paulo,,1,,2016,15,1
F,2,35,16,18/04/2016,SP,355030,São Paulo,,1,,2016,16,1
M,4,55,15,11/04/2016,SP,355030,São Paulo,,3,,2016,15,1
F,1,31,16,19/04/2016,SP,355030,São Paulo,,1,,2016,16,1
F,9,1,15,10/04/2016,SP,355030,São Paulo,,1,,2016,15,1
F,9,5,14,07/04/2016,SP,355030,São Paulo,,4,,2016,14,1
F,1,55,15,16/04/2016,SP,355030,São Paulo,,1,,2016,15,1
F,1,63,14,09/04/2016,SP,355030,São Paulo,,1,,2016,14,1
F,3,37,14,04/04/2016,SP,355030,São Paulo,,1,,2016,14,1
F,4,67,17,24/04/2016,SP,355030,São Paulo,,1,,2016,17,1
F,3,26,13,28/03/2016,SP,355030,São Paulo,,1,,2016,13,1
F,2,0,15,16/04/2016,SP,355030,São Paulo,,1,,2016,15,1
M,1,0,16,21/04/2016,SP,355030,São Paulo,,1,,2016,16,1
F,1,35,16,20/04/2016,SP,355030,São Paulo,,1,,2016,16,1
M,1,61,16,21/04/2016,SP,355030,São Paulo,,1,,2016,16,1
F,2,51,15,15/04/2016,SP,355030,São Paulo,,1,,2016,15,1
F,1,67,16,19/04/2016,SP,355030,São Paulo,,1,,2016,16,1
M,4,32,14,07/04/2016,SP,355030,São Paulo,,1,,2016,14,1
M,1,49,16,17/04/2016,SP,355030,São Paulo,,1,,2016,16,1
F,1,79,11,16/03/2016,SP,355030,São Paulo,,4,,2016,11,1
M,9,38,13,28/03/2016,SP,355030,São Paulo,,1,,2016,13,1
M,1,66,14,08/04/2016,SP,355030,São Paulo,,4,,2016,14,1
F,1,54,14,08/04/2016,SP,355030,São Paulo,,4,,2016,14,1
M,9,57,14,09/04/2016,SP,355030,São Paulo,,4,,2016,14,1
M,9,57,15,12/04/2016,SP,355030,São Paulo,,1,,2016,15,1
M,2,17,15,15/04/2016,SP,355030,São Paulo,,1,,2016,15,1
M,1,0,14,08/04/2016,SP,355030,São Paulo,,1,,2016,14,1
F,1,47,14,03/04/2016,SP,355030,São Paulo,,1,,2016,14,1
F,1,64,14,06/04/2016,SP,355030,São Paulo,,1,,2016,14,1
F,9,71,14,07/04/2016,SP,355030,São Paulo,,1,,2016,14,1
F,1,0,16,17/04/2016,SP,355030,São Paulo,,1,,2016,16,1
F,9,61,15,16/04/2016,SP,355030,São Paulo,,1,,2016,15,1
M,4,1,15,15/04/2016,SP,355030,São Paulo,,1,,2016,15,1
M,1,40,13,30/03/2016,SP,355030,São Paulo,,1,,2016,13,1
M,1,51,14,09/04/2016,SP,355030,São Paulo,,4,,2016,14,1
F,1,70,12,24/03/2016,SP,355030,São Paulo,,1,,2016,12,1
F,1,3,15,15/04/2016,SP,355030,São Paulo,,1,,2016,15,1
F,1,46,15,15/04/2016,SP,355030,São Paulo,,1,,2016,15,1
F,1,28,15,16/04/2016,SP,355030,São Paulo,,1,,2016,15,1
M,1,30,16,18/04/2016,SP,355030,São Paulo,,1,,2016,16,1
F,4,6,17,25/04/2016,SP,355030,São Paulo,,1,,2016,17,1
M,2,60,14,04/04/2016,SP,355030,São Paulo,,1,,2016,14,1
M,1,61,17,24/04/2016,SP,355030,São Paulo,,1,,2016,17,1
M,2,50,14,09/04/2016,SP,355030,São Paulo,,1,,2016,14,1
F,1,2,16,22/04/2016,SP,355030,São Paulo,,1,,2016,16,1
M,4,5,14,06/04/2016,SP,355030,São Paulo,,1,,2016,14,1
M,4,58,14,05/04/2016,SP,355030,São Paulo,,1,,2016,14,1
M,1,29,14,04/04/2016,SP,355030,São Paulo,,1,,2016,14,1
M,4,6,12,21/03/2016,SP,355030,São Paulo,,1,,2016,12,1
F,1,50,16,22/04/2016,SP,355030,São Paulo,,1,,2016,16,1
F,9,56,12,20/03/2016,SP,355030,São Paulo,,1,,2016,12,1
M,1,0,16,22/04/2016,SP,355030,São Paulo,,1,,2016,16,1
M,9,56,16,21/04/2016,SP,355030,São Paulo,,1,,2016,16,1
F,9,78,16,18/04/2016,SP,355030,São Paulo,,1,,2016,16,1
M,9,77,14,08/04/2016,SP,355030,São Paulo,,1,,2016,14,1
F,9,2,13,02/04/2016,SP,355030,São Paulo,,1,,2016,13,1
F,9,50,14,03/04/2016,SP,355030,São Paulo,,1,,2016,14,1
F,9,77,11,18/03/2016,SP,355030,São Paulo,,1,,2016,11,1
F,9,43,14,04/04/2016,SP,355030,São Paulo,,1,,2016,14,1
M,9,36,16,18/04/2016,SP,355030,São Paulo,,4,,2016,16,1
F,9,63,13,30/03/2016,SP,355030,São Paulo,,4,,2016,13,1
F,9,50,15,14/04/2016,SP,355030,São Paulo,,3,,2016,15,1
M,1,92,15,12/04/2016,SP,355030,São Paulo,,1,,2016,15,1
M,9,42,13,28/03/2016,SP,355030,São Paulo,,1,,2016,13,1
F,9,6,13,28/03/2016,SP,355030,São Paulo,,1,,2016,13,1
M,,0,14,04/04/2016,SP,355030,São Paulo,,1,,2016,14,1
F,9,32,14,03/04/2016,SP,355030,São Paulo,,1,,2016,14,1
F,9,27,14,04/04/2016,SP,355030,São Paulo,,1,,2016,14,1
F,1,63,15,15/04/2016,SP,355030,São Paulo,,1,,2016,15,1
M,9,11,15,10/04/2016,SP,355030,São Paulo,,1,,2016,15,1
F,9,54,13,01/04/2016,SP,355030,São Paulo,,1,,2016,13,1
F,9,59,14,05/04/2016,SP,355030,São Paulo,,1,,2016,14,1
F,9,55,14,08/04/2016,SP,355030,São Paulo,,1,,2016,14,1
F,1,1,15,15/04/2016,SP,355030,São Paulo,,1,,2016,15,1
F,9,37,14,07/04/2016,SP,355030,São Paulo,,1,,2016,14,1
M,9,14,13,01/04/2016,SP,355030,São Paulo,,1,,2016,13,1
M,9,0,16,23/04/2016,SP,355030,São Paulo,,1,,2016,16,1
M,1,64,12,23/03/2016,SP,355030,São Paulo,,1,,2016,12,1
M,4,41,12,22/03/2016,SP,355030,São Paulo,,1,,2016,12,1
M,1,7,16,21/04/2016,SP,355030,São Paulo,,1,,2016,16,1
F,9,73,13,29/03/2016,SP,355030,São Paulo,,1,,2016,13,1
M,9,59,10,08/03/2016,SP,355030,São Paulo,,4,,2016,10,1
F,9,81,17,24/04/2016,SP,355030,São Paulo,,1,,2016,17,1
M,9,0,16,21/04/2016,SP,355030,São Paulo,,4,,2016,16,1
M,1,58,13,02/04/2016,SP,355030,São Paulo,,1,,2016,13,1
F,9,0,16,23/04/2016,SP,355030,São Paulo,,1,,2016,16,1
F,4,1,17,25/04/2016,SP,355030,São Paulo,,1,,2016,17,1
M,4,2,17,27/04/2016,SP,355030,São Paulo,,3,,2016,17,1
F,1,38,15,15/04/2016,SP,355030,São Paulo,,4,,2016,15,1
M,9,0,14,05/04/2016,SP,355030,São Paulo,,1,,2016,14,1
M,9,1,15,13/04/2016,SP,355030,São Paulo,,1,,2016,15,1
M,9,0,13,29/03/2016,SP,355030,São Paulo,,1,,2016,13,1
M,9,0,15,12/04/2016,SP,355030,São Paulo,,1,,2016,15,1
M,4,50,14,04/04/2016,SP,355030,São Paulo,,1,,2016,14,1
F,1,63,14,06/04/2016,SP,355030,São Paulo,,4,,2016,14,1
M,1,51,15,12/04/2016,SP,355030,São Paulo,,1,,2016,15,1
F,4,1,15,11/04/2016,SP,355030,São Paulo,,1,,2016,15,1
F,1,63,16,18/04/2016,SP,355030,São Paulo,,1,,2016,16,1
F,1,60,14,08/04/2016,SP,355030,São Paulo,,1,,2016,14,1
M,9,0,16,21/04/2016,SP,355030,São Paulo,,1,,2016,16,1
F,9,12,16,23/04/2016,SP,355030,São Paulo,,1,,2016,16,1
M,9,0,16,20/04/2016,SP,355030,São Paulo,,1,,2016,16,1
F,1,76,15,13/04/2016,SP,355030,São Paulo,,1,,2016,15,1
F,1,0,11,17/03/2016,SP,355030,São Paulo,,1,,2016,11,1
F,1,26,12,26/03/2016,SP,355030,São Paulo,,1,,2016,12,1
M,9,5,14,03/04/2016,SP,355030,São Paulo,,1,,2016,14,1
F,2,39,12,24/03/2016,SP,355030,São Paulo,,1,,2016,12,1
M,9,0,14,08/04/2016,SP,355030,São Paulo,,1,,2016,14,1
F,4,64,16,20/04/2016,SP,355030,São Paulo,,1,,2016,16,1
F,1,79,15,11/04/2016,SP,355030,São Paulo,,1,,2016,15,1
F,4,22,16,19/04/2016,SP,355030,São Paulo,,1,,2016,16,1
F,1,2,13,02/04/2016,SP,355030,São Paulo,,1,,2016,13,1
F,1,0,13,27/03/2016,SP,355030,São Paulo,,1,,2016,13,1
M,1,76,14,09/04/2016,SP,355030,São Paulo,,1,,2016,14,1
M,1,3,10,11/03/2016,SP,355030,São Paulo,,1,,2016,10,1
F,1,0,11,16/03/2016,SP,355030,São Paulo,,1,,2016,11,1
F,1,2,15,10/04/2016,SP,355030,São Paulo,,1,,2016,15,1
M,1,2,14,05/04/2016,SP,355030,São Paulo,,1,,2016,14,1
F,1,35,14,09/04/2016,SP,355030,São Paulo,,1,,2016,14,1
M,9,0,13,30/03/2016,SP,355030,São Paulo,,1,,2016,13,1
M,1,4,14,03/04/2016,SP,355030,São Paulo,,1,,2016,14,1
F,5,53,14,05/04/2016,SP,355030,São Paulo,,1,,2016,14,1
F,4,28,13,01/04/2016,SP,355030,São Paulo,,1,,2016,13,1
M,9,58,15,16/04/2016,SP,355030,São Paulo,,1,,2016,15,1
F,1,54,15,15/04/2016,SP,355030,São Paulo,,1,,2016,15,1
M,5,6,16,22/04/2016,SP,355030,São Paulo,,1,,2016,16,1
M,1,1,16,22/04/2016,SP,355030,São Paulo,,1,,2016,16,1
M,1,60,16,21/04/2016,SP,355030,São Paulo,,1,,2016,16,1
F,1,31,16,18/04/2016,SP,355030,São Paulo,,1,,2016,16,1
M,1,0,15,11/04/2016,SP,355030,São Paulo,,1,,2016,15,1
M,1,1,17,24/04/2016,SP,355030,São Paulo,,1,,2016,17,1
F,1,9,13,02/04/2016,SP,355030,São Paulo,,1,,2016,13,1
F,1,73,13,01/04/2016,SP,355030,São Paulo,,1,,2016,13,1
F,1,1,16,21/04/2016,SP,355030,São Paulo,,1,,2016,16,1
M,1,0,15,11/04/2016,SP,355030,São Paulo,,1,,2016,15,1
M,1,59,16,19/04/2016,SP,355030,São Paulo,,1,,2016,16,1
F,1,22,17,25/04/2016,SP,355030,São Paulo,,1,,2016,17,1
F,1,57,14,07/04/2016,SP,355030,São Paulo,,1,,2016,14,1
M,4,57,15,13/04/2016,SP,355030,São Paulo,,1,,2016,15,1
F,9,44,15,11/04/2016,SP,355030,São Paulo,,1,,2016,15,1
F,1,81,15,13/04/2016,SP,355030,São Paulo,,4,,2016,15,1
F,1,36,9,04/03/2016,SP,355030,São Paulo,,1,,2016,9,1
M,9,8,16,17/04/2016,SP,355030,São Paulo,,1,,2016,16,1
M,1,99,14,09/04/2016,SP,355030,São Paulo,,1,,2016,14,1
M,1,54,13,31/03/2016,SP,355030,São Paulo,,1,,2016,13,1
F,1,80,13,01/04/2016,SP,355030,São Paulo,,1,,2016,13,1
F,1,50,15,13/04/2016,SP,355030,São Paulo,,1,,2016,15,1
M,1,84,15,15/04/2016,SP,355030,São Paulo,,1,,2016,15,1
F,4,0,13,31/03/2016,SP,355030,São Paulo,,1,,2016,13,1
M,1,49,13,28/03/2016,SP,355030,São Paulo,,1,,2016,13,1
F,1,1,12,25/03/2016,SP,355030,São Paulo,,1,,2016,12,1
F,1,11,13,29/03/2016,SP,355030,São Paulo,,1,,2016,13,1
F,4,2,12,26/03/2016,SP,355030,São Paulo,,1,,2016,12,1
F,9,47,13,29/03/2016,SP,355030,São Paulo,,1,,2016,13,1
F,1,53,13,28/03/2016,SP,355030,São Paulo,,4,,2016,13,1
F,9,35,12,24/03/2016,SP,355030,São Paulo,,4,,2016,12,1
M,1,65,15,10/04/2016,SP,355030,São Paulo,,1,,2016,15,1
M,1,41,15,11/04/2016,SP,355030,São Paulo,,1,,2016,15,1
F,4,75,12,24/03/2016,SP,355030,São Paulo,,1,,2016,12,1
M,9,32,13,29/03/2016,SP,355030,São Paulo,,1,,2016,13,1
M,9,22,14,03/04/2016,SP,355030,São Paulo,,1,,2016,14,1
M,1,48,10,09/03/2016,SP,355030,São Paulo,,1,,2016,10,1
F,1,1,16,23/04/2016,SP,355030,São Paulo,,1,,2016,16,1
M,4,4,14,03/04/2016,SP,355030,São Paulo,,1,,2016,14,1
F,4,38,13,30/03/2016,SP,355030,São Paulo,,1,,2016,13,1
M,9,79,16,17/04/2016,SP,355030,São Paulo,,1,,2016,16,1
M,1,0,12,24/03/2016,SP,355030,São Paulo,,1,,2016,12,1
M,1,35,8,25/02/2016,SP,355030,São Paulo,,1,,2016,8,1
M,1,3,13,30/03/2016,SP,355030,São Paulo,,1,,2016,13,1
M,1,61,14,05/04/2016,SP,355030,São Paulo,,1,,2016,14,1
F,1,1,9,05/03/2016,SP,355030,São Paulo,,1,,2016,9,1
F,9,53,12,26/03/2016,SP,355030,São Paulo,,1,,2016,12,1
M,9,62,10,07/03/2016,SP,355030,São Paulo,,1,,2016,10,1
M,1,1,11,18/03/2016,SP,355030,São Paulo,,1,,2016,11,1
M,9,75,7,20/02/2016,SP,355030,São Paulo,,1,,2016,7,1
F,9,69,14,08/04/2016,SP,355030,São Paulo,,1,,2016,14,1
M,9,8,15,15/04/2016,SP,355030,São Paulo,,1,,2016,15,1
F,3,33,11,16/03/2016,SP,355030,São Paulo,,1,,2016,11,1
F,1,84,13,31/03/2016,SP,355030,São Paulo,,1,,2016,13,1
F,1,41,13,27/03/2016,SP,355030,São Paulo,,1,,2016,13,1
M,2,1,16,21/04/2016,SP,355030,São Paulo,,1,,2016,16,1
F,1,40,13,02/04/2016,SP,355030,São Paulo,,1,,2016,13,1
M,9,0,13,01/04/2016,SP,355030,São Paulo,,1,,2016,13,1
M,9,15,11,17/03/2016,SP,355030,São Paulo,,1,,2016,11,1
M,1,67,13,31/03/2016,SP,355030,São Paulo,,1,,2016,13,1
F,1,39,12,22/03/2016,SP,355030,São Paulo,,1,,2016,12,1
F,9,0,10,12/03/2016,SP,355030,São Paulo,,1,,2016,10,1
F,9,1,11,15/03/2016,SP,355030,São Paulo,,1,,2016,11,1
M,9,50,11,13/03/2016,SP,355030,São Paulo,,1,,2016,11,1
M,9,2,12,24/03/2016,SP,355030,São Paulo,,1,,2016,12,1
F,9,1,12,24/03/2016,SP,355030,São Paulo,,1,,2016,12,1
M,1,55,13,27/03/2016,SP,355030,São Paulo,,1,,2016,13,1
F,1,58,12,26/03/2016,SP,355030,São Paulo,,1,,2016,12,1
M,1,70,12,21/03/2016,SP,355030,São Paulo,,1,,2016,12,1
F,9,56,14,05/04/2016,SP,355030,São Paulo,,1,,2016,14,1
M,9,2,15,11/04/2016,SP,355030,São Paulo,,1,,2016,15,1
F,1,52,12,24/03/2016,SP,355030,São Paulo,,1,,2016,12,1
M,9,9,14,05/04/2016,SP,355030,São Paulo,,1,,2016,14,1
F,9,80,12,20/03/2016,SP,355030,São Paulo,,1,,2016,12,1
F,9,3,14,08/04/2016,SP,355030,São Paulo,,1,,2016,14,1
M,9,9,14,08/04/2016,SP,355030,São Paulo,,1,,2016,14,1
M,9,2,12,25/03/2016,SP,355030,São Paulo,,1,,2016,12,1
F,9,84,13,30/03/2016,SP,355030,São Paulo,,1,,2016,13,1
F,1,8,14,06/04/2016,SP,355030,São Paulo,,1,,2016,14,1
M,1,0,14,04/04/2016,SP,355030,São Paulo,,1,,2016,14,1
F,1,1,12,24/03/2016,SP,355030,São Paulo,,1,,2016,12,1
F,1,1,13,29/03/2016,SP,355030,São Paulo,,1,,2016,13,1
F,1,0,13,29/03/2016,SP,355030,São Paulo,,1,,2016,13,1
M,1,8,12,23/03/2016,SP,355030,São Paulo,,1,,2016,12,1
F,1,31,15,11/04/2016,SP,355030,São Paulo,,1,,2016,15,1
F,9,0,14,07/04/2016,SP,355030,São Paulo,,1,,2016,14,1
M,9,32,13,31/03/2016,SP,355030,São Paulo,,1,,2016,13,1
F,1,40,13,31/03/2016,SP,355030,São Paulo,,1,,2016,13,1
F,1,44,13,01/04/2016,SP,355030,São Paulo,,1,,2016,13,1
F,3,86,13,29/03/2016,SP,355030,São Paulo,,1,,2016,13,1
M,1,1,14,03/04/2016,SP,355030,São Paulo,,1,,2016,14,1
F,9,75,12,21/03/2016,SP,355030,São Paulo,,1,,2016,12,1
F,1,1,12,26/03/2016,SP,355030,São Paulo,,1,,2016,12,1
M,1,1,12,26/03/2016,SP,355030,São Paulo,,1,,2016,12,1
M,4,0,13,29/03/2016,SP,355030,São Paulo,,1,,2016,13,1
M,1,1,15,10/04/2016,SP,355030,São Paulo,,1,,2016,15,1
M,4,0,14,04/04/2016,SP,355030,São Paulo,,1,,2016,14,1
F,,0,14,07/04/2016,SP,355030,São Paulo,,4,,2016,14,1
M,1,13,12,26/03/2016,SP,355030,São Paulo,,1,,2016,12,1
F,1,41,13,28/03/2016,SP,355030,São Paulo,,1,,2016,13,1
M,1,76,11,16/03/2016,SP,355030,São Paulo,,1,,2016,11,1
F,1,46,13,30/03/2016,SP,355030,São Paulo,,1,,2016,13,1
F,1,8,12,20/03/2016,SP,355030,São Paulo,,1,,2016,12,1
F,9,59,11,13/03/2016,SP,355030,São Paulo,,1,,2016,11,1
F,4,56,13,29/03/2016,SP,355030,São Paulo,,1,,2016,13,1
F,9,67,12,25/03/2016,SP,355030,São Paulo,,1,,2016,12,1
M,9,4,13,30/03/2016,SP,355030,São Paulo,,1,,2016,13,1
M,1,15,13,28/03/2016,SP,355030,São Paulo,,1,,2016,13,1
F,9,1,12,21/03/2016,SP,355030,São Paulo,,1,,2016,12,1
M,9,2,15,11/04/2016,SP,355030,São Paulo,,1,,2016,15,1
M,9,48,15,14/04/2016,SP,355030,São Paulo,,1,,2016,15,1
M,4,1,14,06/04/2016,SP,355030,São Paulo,,1,,2016,14,1
M,1,1,11,16/03/2016,SP,355030,São Paulo,,1,,2016,11,1
M,9,2,11,18/03/2016,SP,355030,São Paulo,,1,,2016,11,1
F,9,0,13,27/03/2016,SP,355030,São Paulo,,1,,2016,13,1
M,1,1,12,24/03/2016,SP,355030,São Paulo,,1,,2016,12,1
F,9,25,12,25/03/2016,SP,355030,São Paulo,,1,,2016,12,1
M,1,1,14,07/04/2016,SP,355030,São Paulo,,1,,2016,14,1
M,9,32,13,02/04/2016,SP,355030,São Paulo,,1,,2016,13,1
M,1,87,12,20/03/2016,SP,355030,São Paulo,,1,,2016,12,1
F,4,32,16,17/04/2016,SP,355030,São Paulo,,1,,2016,16,1
F,9,73,13,02/04/2016,SP,355030,São Paulo,,1,,2016,13,1
F,1,1,11,16/03/2016,SP,355030,São Paulo,,1,,2016,11,1
F,1,87,13,30/03/2016,SP,355030,São Paulo,,1,,2016,13,1
M,1,14,13,28/03/2016,SP,355030,São Paulo,,1,,2016,13,1
F,1,33,13,28/03/2016,SP,355030,São Paulo,,1,,2016,13,1
F,4,70,14,05/04/2016,SP,355030,São Paulo,,1,,2016,14,1
F,1,0,14,09/04/2016,SP,355030,São Paulo,,1,,2016,14,1
F,1,0,14,07/04/2016,SP,355030,São Paulo,,1,,2016,14,1
F,1,0,15,16/04/2016,SP,355030,São Paulo,,1,,2016,15,1
M,2,76,16,20/04/2016,SP,355030,São Paulo,,1,,2016,16,1
F,1,45,11,19/03/2016,SP,355030,São Paulo,,1,,2016,11,1
F,1,86,9,01/03/2016,SP,355030,São Paulo,,1,,2016,9,1
F,9,65,12,21/03/2016,SP,355030,São Paulo,,1,,2016,12,1
F,9,72,13,31/03/2016,SP,355030,São Paulo,,1,,2016,13,1
F,1,46,15,11/04/2016,SP,355030,São Paulo,,1,,2016,15,1
F,9,6,12,21/03/2016,SP,355030,São Paulo,,1,,2016,12,1
F,1,79,12,25/03/2016,SP,355030,São Paulo,,1,,2016,12,1
F,9,30,13,02/04/2016,SP,355030,São Paulo,,1,,2016,13,1
F,9,17,14,06/04/2016,SP,355030,São Paulo,,1,,2016,14,1
F,9,38,14,08/04/2016,SP,355030,São Paulo,,1,,2016,14,1
M,4,1,11,17/03/2016,SP,355030,São Paulo,,1,,2016,11,1
F,1,38,13,29/03/2016,SP,355030,São Paulo,,1,,2016,13,1
F,9,54,12,25/03/2016,SP,355030,São Paulo,,1,,2016,12,1
M,9,1,12,20/03/2016,SP,355030,São Paulo,,1,,2016,12,1
M,1,6,14,04/04/2016,SP,355030,São Paulo,,1,,2016,14,1
F,9,55,16,19/04/2016,SP,355030,São Paulo,,1,,2016,16,1
F,1,63,14,05/04/2016,SP,355030,São Paulo,,1,,2016,14,1
F,1,40,11,17/03/2016,SP,355030,São Paulo,,1,,2016,11,1
F,9,0,13,30/03/2016,SP,355030,São Paulo,,1,,2016,13,1
M,4,3,13,02/04/2016,SP,355030,São Paulo,,1,,2016,13,1
F,4,33,15,12/04/2016,SP,355030,São Paulo,,1,,2016,15,1
F,9,12,14,07/04/2016,SP,355030,São Paulo,,1,,2016,14,1
M,9,3,15,11/04/2016,SP,355030,São Paulo,,1,,2016,15,1
M,1,21,12,26/03/2016,SP,355030,São Paulo,,1,,2016,12,1
F,1,38,14,05/04/2016,SP,355030,São Paulo,,1,,2016,14,1
M,4,2,15,11/04/2016,SP,355030,São Paulo,,1,,2016,15,1
M,1,1,15,16/04/2016,SP,355030,São Paulo,,1,,2016,15,1
M,2,35,13,01/04/2016,SP,355030,São Paulo,,1,,2016,13,1
M,1,65,16,20/04/2016,SP,355030,São Paulo,,1,,2016,16,1
F,4,0,14,04/04/2016,SP,355030,São Paulo,,1,,2016,14,1
M,1,7,14,05/04/2016,SP,355030,São Paulo,,1,,2016,14,1
M,1,61,10,10/03/2016,SP,355030,São Paulo,,1,,2016,10,1
F,4,50,12,26/03/2016,SP,355030,São Paulo,,1,,2016,12,1
M,1,41,15,15/04/2016,SP,355030,São Paulo,,1,,2016,15,1
F,1,55,12,25/03/2016,SP,355030,São Paulo,,1,,2016,12,1
M,1,69,17,28/04/2016,SP,355030,São Paulo,,1,,2016,17,1
M,1,36,15,13/04/2016,SP,355030,São Paulo,,1,,2016,15,1
F,1,6,14,03/04/2016,SP,355030,São Paulo,,1,,2016,14,1
F,1,64,18,06/05/2016,SP,355030,São Paulo,,1,,2016,18,1
F,1,82,18,03/05/2016,SP,355030,São Paulo,,1,,2016,18,1
F,1,9,18,03/05/2016,SP,355030,São Paulo,,1,,2016,18,1
M,4,8,25,24/06/2016,SP,355030,São Paulo,,1,,2016,25,1
M,9,58,18,06/05/2016,SP,355030,São Paulo,,1,,2016,18,1
M,1,50,14,08/04/2016,SP,355030,São Paulo,,1,,2016,14,1
M,1,16,24,15/06/2016,SP,355030,São Paulo,,1,,2016,24,1
M,1,44,24,18/06/2016,SP,355030,São Paulo,,1,,2016,24,1
F,1,47,17,26/04/2016,SP,355030,São Paulo,,1,,2016,17,1
F,1,54,25,21/06/2016,SP,355030,São Paulo,,1,,2016,25,1
F,9,40,14,05/04/2016,SP,355030,São Paulo,,1,,2016,14,1
M,4,0,21,22/05/2016,SP,355030,São Paulo,,1,,2016,21,1
F,1,20,21,23/05/2016,SP,355030,São Paulo,,1,,2016,21,1
F,1,81,21,22/05/2016,SP,355030,São Paulo,,1,,2016,21,1
F,1,1,22,03/06/2016,SP,355030,São Paulo,,1,,2016,22,1
M,1,24,22,04/06/2016,SP,355030,São Paulo,,1,,2016,22,1
F,1,0,23,11/06/2016,SP,355030,São Paulo,,1,,2016,23,1
M,1,0,23,09/06/2016,SP,355030,São Paulo,,1,,2016,23,1
F,4,42,20,18/05/2016,SP,355030,São Paulo,,1,,2016,20,1
M,4,47,23,09/06/2016,SP,355030,São Paulo,,1,,2016,23,1
M,1,61,18,01/05/2016,SP,355030,São Paulo,,1,,2016,18,1
M,9,0,19,13/05/2016,SP,355030,São Paulo,,4,,2016,19,1
F,1,48,19,13/05/2016,SP,355030,São Paulo,,1,,2016,19,1
F,1,43,20,17/05/2016,SP,355030,São Paulo,,1,,2016,20,1
M,4,35,20,20/05/2016,SP,355030,São Paulo,,1,,2016,20,1
M,4,1,15,10/04/2016,SP,355030,São Paulo,,1,,2016,15,1
M,4,48,19,12/05/2016,SP,355030,São Paulo,,1,,2016,19,1
F,1,0,19,11/05/2016,SP,355030,São Paulo,,1,,2016,19,1
F,1,0,21,28/05/2016,SP,355030,São Paulo,,3,,2016,21,1
F,4,36,15,13/04/2016,SP,355030,São Paulo,,1,,2016,15,1
F,9,59,13,02/04/2016,SP,355030,São Paulo,,1,,2016,13,1
M,1,26,15,16/04/2016,SP,355030,São Paulo,,1,,2016,15,1
M,1,1,16,21/04/2016,SP,355030,São Paulo,,4,,2016,16,1
F,9,2,19,09/05/2016,SP,355030,São Paulo,,1,,2016,19,1
F,4,7,25,20/06/2016,SP,355030,São Paulo,,1,,2016,25,1
M,2,75,17,29/04/2016,SP,355030,São Paulo,,1,,2016,17,1
F,9,79,18,01/05/2016,SP,355030,São Paulo,,1,,2016,18,1
F,4,64,20,20/05/2016,SP,355030,São Paulo,,1,,2016,20,1
M,9,35,24,17/06/2016,SP,355030,São Paulo,,1,,2016,24,1
M,1,66,17,27/04/2016,SP,355030,São Paulo,,1,,2016,17,1
M,9,31,13,01/04/2016,SP,355030,São Paulo,,1,,2016,13,1
F,4,6,20,21/05/2016,SP,355030,São Paulo,,1,,2016,20,1
M,1,65,19,10/05/2016,SP,355030,São Paulo,,4,,2016,19,1
F,1,46,17,28/04/2016,SP,355030,São Paulo,,4,,2016,17,1
M,1,41,20,19/05/2016,SP,355030,São Paulo,,4,,2016,20,1
M,4,67,16,17/04/2016,SP,355030,São Paulo,,1,,2016,16,1
M,1,17,19,08/05/2016,SP,355030,São Paulo,,1,,2016,19,1
M,1,43,19,08/05/2016,SP,355030,São Paulo,,1,,2016,19,1
F,1,1,17,28/04/2016,SP,355030,São Paulo,,1,,2016,17,1
F,1,50,22,02/06/2016,SP,355030,São Paulo,,1,,2016,22,1
F,1,2,21,22/05/2016,SP,355030,São Paulo,,1,,2016,21,1
F,4,43,21,26/05/2016,SP,355030,São Paulo,,1,,2016,21,1
F,1,51,23,06/06/2016,SP,355030,São Paulo,,1,,2016,23,1
M,1,59,18,01/05/2016,SP,355030,São Paulo,,1,,2016,18,1
M,1,53,22,30/05/2016,SP,355030,São Paulo,,1,,2016,22,1
M,1,40,16,17/04/2016,SP,355030,São Paulo,,1,,2016,16,1
M,1,40,16,20/04/2016,SP,355030,São Paulo,,1,,2016,16,1
F,1,32,12,26/03/2016,SP,355030,São Paulo,,1,,2016,12,1
F,9,48,12,26/03/2016,SP,355030,São Paulo,,1,,2016,12,1
M,9,36,20,16/05/2016,SP,355030,São Paulo,,1,,2016,20,1
M,1,45,21,26/05/2016,SP,355030,São Paulo,,1,,2016,21,1
M,1,44,21,26/05/2016,SP,355030,São Paulo,,1,,2016,21,1
M,2,45,19,10/05/2016,SP,355030,São Paulo,,1,,2016,19,1
F,1,68,19,12/05/2016,SP,355030,São Paulo,,1,,2016,19,1
M,1,78,19,14/05/2016,SP,355030,São Paulo,,1,,2016,19,1
M,1,24,16,22/04/2016,SP,355030,São Paulo,,1,,2016,16,1
F,1,44,16,23/04/2016,SP,355030,São Paulo,,1,,2016,16,1
M,4,6,18,03/05/2016,SP,355030,São Paulo,,1,,2016,18,1
M,1,8,19,14/05/2016,SP,355030,São Paulo,,1,,2016,19,1
M,2,3,21,25/05/2016,SP,355030,São Paulo,,1,,2016,21,1
F,1,38,22,31/05/2016,SP,355030,São Paulo,,1,,2016,22,1
M,1,51,21,28/05/2016,SP,355030,São Paulo,,1,,2016,21,1
M,1,60,25,21/06/2016,SP,355030,São Paulo,,1,,2016,25,1
M,2,48,26,26/06/2016,SP,355030,São Paulo,,1,,2016,26,1
F,4,1,17,25/04/2016,SP,355030,São Paulo,,1,,2016,17,1
F,1,58,23,06/06/2016,SP,355030,São Paulo,,1,,2016,23,1
M,4,1,9,01/03/2016,SP,355030,São Paulo,,1,,2016,9,1
F,1,1,17,28/04/2016,SP,355030,São Paulo,,1,,2016,17,1
F,1,15,22,01/06/2016,SP,355030,São Paulo,,1,,2016,22,1
M,1,0,21,26/05/2016,SP,355030,São Paulo,,1,,2016,21,1
F,1,0,23,06/06/2016,SP,355030,São Paulo,,1,,2016,23,1
M,1,68,24,13/06/2016,SP,355030,São Paulo,,1,,2016,24,1
M,1,20,24,15/06/2016,SP,355030,São Paulo,,1,,2016,24,1
M,1,39,22,31/05/2016,SP,355030,São Paulo,,1,,2016,22,1
M,9,63,18,03/05/2016,SP,355030,São Paulo,,1,,2016,18,1
F,9,50,18,03/05/2016,SP,355030,São Paulo,,1,,2016,18,1
M,9,57,18,02/05/2016,SP,355030,São Paulo,,1,,2016,18,1
M,9,39,17,30/04/2016,SP,355030,São Paulo,,1,,2016,17,1
M,1,3,18,04/05/2016,SP,355030,São Paulo,,1,,2016,18,1
M,9,75,14,06/04/2016,SP,355030,São Paulo,,1,,2016,14,1
F,9,57,15,11/04/2016,SP,355030,São Paulo,,1,,2016,15,1
M,1,69,17,27/04/2016,SP,355030,São Paulo,,4,,2016,17,1
M,1,13,19,14/05/2016,SP,355030,São Paulo,,1,,2016,19,1
M,2,53,18,06/05/2016,SP,355030,São Paulo,,1,,2016,18,1
M,9,79,16,23/04/2016,SP,355030,São Paulo,,1,,2016,16,1
F,9,69,18,07/05/2016,SP,355030,São Paulo,,1,,2016,18,1
F,1,27,23,10/06/2016,SP,355030,São Paulo,,1,,2016,23,1
M,9,48,17,27/04/2016,SP,355030,São Paulo,,1,,2016,17,1
M,1,53,21,28/05/2016,SP,355030,São Paulo,,1,,2016,21,1
F,3,38,23,09/06/2016,SP,355030,São Paulo,,1,,2016,23,1
M,9,70,14,09/04/2016,SP,355030,São Paulo,,1,,2016,14,1
M,9,75,24,15/06/2016,SP,355030,São Paulo,,1,,2016,24,1
M,9,33,22,31/05/2016,SP,355030,São Paulo,,1,,2016,22,1
M,1,30,24,16/06/2016,SP,355030,São Paulo,,1,,2016,24,1
F,9,51,22,30/05/2016,SP,355030,São Paulo,,1,,2016,22,1
M,1,19,22,03/06/2016,SP,355030,São Paulo,,3,,2016,22,1
M,1,53,26,28/06/2016,SP,355030,São Paulo,,1,,2016,26,1
F,1,3,19,12/05/2016,SP,355030,São Paulo,,1,,2016,19,1
F,1,0,18,02/05/2016,SP,355030,São Paulo,,1,,2016,18,1
F,1,58,17,30/04/2016,SP,355030,São Paulo,,1,,2016,17,1
F,9,0,13,01/04/2016,SP,355030,São Paulo,,4,,2016,13,1
M,9,38,13,02/04/2016,SP,355030,São Paulo,,1,,2016,13,1
M,9,38,12,24/03/2016,SP,355030,São Paulo,,1,,2016,12,1
M,1,15,13,30/03/2016,SP,355030,São Paulo,,1,,2016,13,1
F,9,35,13,28/03/2016,SP,355030,São Paulo,,1,,2016,13,1
F,1,87,14,04/04/2016,SP,355030,São Paulo,,1,,2016,14,1
F,1,84,14,06/04/2016,SP,355030,São Paulo,,1,,2016,14,1
M,1,53,17,27/04/2016,SP,355030,São Paulo,,1,,2016,17,1
F,1,35,18,04/05/2016,SP,355030,São Paulo,,1,,2016,18,1
F,9,0,19,14/05/2016,SP,355030,São Paulo,,4,,2016,19,1
M,9,38,22,02/06/2016,SP,355030,São Paulo,,1,,2016,22,1
F,9,48,22,02/06/2016,SP,355030,São Paulo,,1,,2016,22,1
M,1,2,18,01/05/2016,SP,355030,São Paulo,,1,,2016,18,1
M,1,4,18,01/05/2016,SP,355030,São Paulo,,1,,2016,18,1
F,1,0,22,30/05/2016,SP,355030,São Paulo,,1,,2016,22,1
F,1,7,19,09/05/2016,SP,355030,São Paulo,,1,,2016,19,1
M,9,43,17,26/04/2016,SP,355030,São Paulo,,1,,2016,17,1
M,2,0,19,12/05/2016,SP,355030,São Paulo,,4,,2016,19,1
F,1,55,24,14/06/2016,SP,355030,São Paulo,,1,,2016,24,1
F,9,1,19,09/05/2016,SP,355030,São Paulo,,4,,2016,19,1
F,1,33,24,15/06/2016,SP,355030,São Paulo,,1,,2016,24,1
M,1,2,19,11/05/2016,SP,355030,São Paulo,,1,,2016,19,1
M,1,53,24,14/06/2016,SP,355030,São Paulo,,1,,2016,24,1
F,1,51,20,19/05/2016,SP,355030,São Paulo,,1,,2016,20,1
M,1,65,19,13/05/2016,SP,355030,São Paulo,,1,,2016,19,1
M,9,5,26,29/06/2016,SP,355030,São Paulo,,4,,2016,26,1
F,1,61,26,27/06/2016,SP,355030,São Paulo,,1,,2016,26,1
M,9,55,26,29/06/2016,SP,355030,São Paulo,,1,,2016,26,1
F,1,78,25,24/06/2016,SP,355030,São Paulo,,1,,2016,25,1
M,1,0,27,07/07/2016,SP,355030,São Paulo,,1,,2016,27,1
F,4,49,27,09/07/2016,SP,355030,São Paulo,,1,,2016,27,1
F,1,1,25,22/06/2016,SP,355030,São Paulo,,1,,2016,25,1
M,4,77,27,05/07/2016,SP,355030,São Paulo,,1,,2016,27,1
F,1,53,27,05/07/2016,SP,355030,São Paulo,,1,,2016,27,1
M,1,47,19,12/05/2016,SP,355030,São Paulo,,1,,2016,19,1
M,1,42,25,24/06/2016,SP,355030,São Paulo,,1,,2016,25,1
F,1,60,21,22/05/2016,SP,355030,São Paulo,,1,,2016,21,1
M,1,22,26,30/06/2016,SP,355030,São Paulo,,1,,2016,26,1
F,9,84,23,07/06/2016,SP,355030,São Paulo,,1,,2016,23,1
F,9,50,27,04/07/2016,SP,355030,São Paulo,,1,,2016,27,1
F,9,80,24,15/06/2016,SP,355030,São Paulo,,1,,2016,24,1
F,5,1,29,17/07/2016,SP,355030,São Paulo,,1,,2016,29,1
F,1,32,27,03/07/2016,SP,355030,São Paulo,,1,,2016,27,1
F,1,35,19,14/05/2016,SP,355030,São Paulo,,1,,2016,19,1
F,1,21,28,16/07/2016,SP,355030,São Paulo,,1,,2016,28,1
F,9,59,29,18/07/2016,SP,355030,São Paulo,,1,,2016,29,1
F,4,0,29,18/07/2016,SP,355030,São Paulo,,1,,2016,29,1
M,1,52,25,25/06/2016,SP,355030,São Paulo,,1,,2016,25,1
M,9,2,27,04/07/2016,SP,355030,São Paulo,,1,,2016,27,1
F,9,0,28,13/07/2016,SP,355030,São Paulo,,1,,2016,28,1
M,1,71,28,11/07/2016,SP,355030,São Paulo,,1,,2016,28,1
M,1,51,30,26/07/2016,SP,355030,São Paulo,,1,,2016,30,1
M,4,34,30,26/07/2016,SP,355030,São Paulo,,1,,2016,30,1
M,1,30,26,02/07/2016,SP,355030,São Paulo,,1,,2016,26,1
F,1,60,27,03/07/2016,SP,355030,São Paulo,,1,,2016,27,1
F,4,3,11,17/03/2016,SP,355030,São Paulo,,1,,2016,11,1
M,9,31,30,29/07/2016,SP,355030,São Paulo,,1,,2016,30,1
M,1,43,27,06/07/2016,SP,355030,São Paulo,,1,,2016,27,1
M,1,29,30,24/07/2016,SP,355030,São Paulo,,1,,2016,30,1
M,1,23,29,23/07/2016,SP,355030,São Paulo,,1,,2016,29,1
M,1,0,31,03/08/2016,SP,355030,São Paulo,,1,,2016,31,1
F,9,19,11,18/03/2016,SP,355030,São Paulo,,1,,2016,11,1
M,9,83,14,06/04/2016,SP,355030,São Paulo,,1,,2016,14,1
M,1,0,32,07/08/2016,SP,355030,São Paulo,,1,,2016,32,1
M,1,65,12,24/03/2016,SP,355030,São Paulo,,1,,2016,12,1
M,1,42,12,25/03/2016,SP,355030,São Paulo,,1,,2016,12,1
F,4,2,32,09/08/2016,SP,355030,São Paulo,,1,,2016,32,1
M,9,14,32,12/08/2016,SP,355030,São Paulo,,1,,2016,32,1
M,1,59,26,01/07/2016,SP,355030,São Paulo,,1,,2016,26,1
M,1,58,21,27/05/2016,SP,355030,São Paulo,,1,,2016,21,1
F,1,81,29,23/07/2016,SP,355030,São Paulo,,1,,2016,29,1
F,1,55,35,28/08/2016,SP,355030,São Paulo,,1,,2016,35,1
M,1,59,35,29/08/2016,SP,355030,São Paulo,,1,,2016,35,1
F,4,48,26,29/06/2016,SP,355030,São Paulo,,1,,2016,26,1
M,4,42,26,27/06/2016,SP,355030,São Paulo,,1,,2016,26,1
M,1,45,25,22/06/2016,SP,355030,São Paulo,,1,,2016,25,1
F,9,10,34,25/08/2016,SP,355030,São Paulo,,1,,2016,34,1
F,1,43,34,27/08/2016,SP,355030,São Paulo,,1,,2016,34,1
M,1,84,35,31/08/2016,SP,355030,São Paulo,,1,,2016,35,1
F,1,54,36,05/09/2016,SP,355030,São Paulo,,1,,2016,36,1
F,1,30,37,13/09/2016,SP,355030,São Paulo,,1,,2016,37,1
M,4,0,39,26/09/2016,SP,355030,São Paulo,,1,,2016,39,1
M,1,59,39,29/09/2016,SP,355030,São Paulo,,1,,2016,39,1
M,1,38,40,02/10/2016,SP,355030,São Paulo,,1,,2016,40,1
M,2,81,39,27/09/2016,SP,355030,São Paulo,,1,,2016,39,1
M,4,0,40,06/10/2016,SP,355030,São Paulo,,4,,2016,40,1
F,1,18,41,14/10/2016,SP,355030,São Paulo,,1,,2016,41,1
M,1,47,41,15/10/2016,SP,355030,São Paulo,,1,,2016,41,1
M,1,94,41,09/10/2016,SP,355030,São Paulo,,1,,2016,41,1
F,4,0,43,24/10/2016,SP,355030,São Paulo,,1,,2016,43,1
F,9,95,42,22/10/2016,SP,355030,São Paulo,,3,,2016,42,1
F,1,20,19,11/05/2016,SP,355030,São Paulo,,3,,2016,19,1
F,1,87,43,27/10/2016,SP,355030,São Paulo,,1,,2016,43,1
M,9,2,43,29/10/2016,SP,355030,São Paulo,,1,,2016,43,1
F,2,74,46,18/11/2016,SP,355030,São Paulo,,3,,2016,46,1
M,1,56,45,09/11/2016,SP,355030,São Paulo,,1,,2016,45,1
M,1,39,43,23/10/2016,SP,355030,São Paulo,,1,,2016,43,1
F,9,2,46,16/11/2016,SP,355030,São Paulo,,1,,2016,46,1
F,9,36,44,30/10/2016,SP,355030,São Paulo,,1,,2016,44,1
F,9,59,47,25/11/2016,SP,355030,São Paulo,,1,,2016,47,1
M,2,29,48,29/11/2016,SP,355030,São Paulo,,1,,2016,48,1
F,1,60,41,12/10/2016,SP,355030,São Paulo,,1,,2016,41,1
F,1,38,49,08/12/2016,SP,355030,São Paulo,,1,,2016,49,1
M,4,0,48,01/12/2016,SP,355030,São Paulo,,1,,2016,48,1
M,3,32,49,08/12/2016,SP,355030,São Paulo,,1,,2016,49,1
F,9,80,50,14/12/2016,SP,355030,São Paulo,,4,,2016,50,1
F,1,4,50,12/12/2016,SP,355030,São Paulo,,1,,2016,50,1
M,1,7,50,13/12/2016,SP,355030,São Paulo,,1,,2016,50,1
M,9,66,50,11/12/2016,SP,355030,São Paulo,,1,,2016,50,1
M,1,57,50,17/12/2016,SP,355030,São Paulo,,1,,2016,50,1
F,4,0,50,12/12/2016,SP,355030,São Paulo,,1,,2016,50,1
M,9,79,49,05/12/2016,SP,355030,São Paulo,,3,,2016,49,1
M,1,2,51,24/12/2016,SP,355030,São Paulo,,1,,2016,51,1
M,9,0,50,13/12/2016,SP,355030,São Paulo,,4,,2016,50,1
M,2,46,50,11/12/2016,SP,355030,São Paulo,,1,,2016,50,1
F,1,46,46,15/11/2016,SP,355030,São Paulo,,1,,2016,46,1
M,9,8,43,29/10/2016,SP,355030,São Paulo,,1,,2016,43,1
F,1,28,2,08/01/2017,SP,355030,São Paulo,,3,,2017,2,1
M,1,78,1,01/01/2017,SP,355030,São Paulo,,3,,2017,1,1
M,2,60,3,17/01/2017,SP,355030,São Paulo,,3,,2017,3,1
F,9,34,1,03/01/2017,SP,355030,São Paulo,,4,,2017,1,1
F,9,58,4,26/01/2017,SP,355030,São Paulo,,3,,2017,4,1
F,1,1,4,23/01/2017,SP,355030,São Paulo,,3,,2017,4,1
F,9,48,3,21/01/2017,SP,355030,São Paulo,,3,,2017,3,1
M,9,52,4,28/01/2017,SP,355030,São Paulo,,3,,2017,4,1
F,4,24,4,25/01/2017,SP,355030,São Paulo,,3,,2017,4,1
M,1,71,4,24/01/2017,SP,355030,São Paulo,,1,,2017,4,1
M,1,0,4,28/01/2017,SP,355030,São Paulo,,4,,2017,4,1
M,9,76,4,25/01/2017,SP,355030,São Paulo,,4,,2017,4,1
F,9,36,5,02/02/2017,SP,355030,São Paulo,,1,,2017,5,1
F,4,56,6,08/02/2017,SP,355030,São Paulo,,3,,2017,6,1
M,1,1,6,05/02/2017,SP,355030,São Paulo,,3,,2017,6,1
M,1,79,6,08/02/2017,SP,355030,São Paulo,,4,,2017,6,1
F,1,1,5,04/02/2017,SP,355030,São Paulo,,4,,2017,5,1
F,9,54,4,27/01/2017,SP,355030,São Paulo,,4,,2017,4,1
F,1,54,5,03/02/2017,SP,355030,São Paulo,,1,,2017,5,1
F,1,67,7,12/02/2017,SP,355030,São Paulo,,3,,2017,7,1
M,4,81,7,12/02/2017,SP,355030,São Paulo,,3,,2017,7,1
M,1,2,7,12/02/2017,SP,355030,São Paulo,,3,,2017,7,1
F,2,46,6,09/02/2017,SP,355030,São Paulo,,3,,2017,6,1
M,1,39,4,26/01/2017,SP,355030,São Paulo,,3,,2017,4,1
F,1,33,7,14/02/2017,SP,355030,São Paulo,,3,,2017,7,1
F,1,8,7,18/02/2017,SP,355030,São Paulo,,3,,2017,7,1
M,4,1,6,11/02/2017,SP,355030,São Paulo,,4,,2017,6,1
F,9,70,7,16/02/2017,SP,355030,São Paulo,,3,,2017,7,1
M,9,16,7,16/02/2017,SP,355030,São Paulo,,4,,2017,7,1
F,9,84,8,23/02/2017,SP,355030,São Paulo,,4,,2017,8,1
M,1,23,7,16/02/2017,SP,355030,São Paulo,,3,,2017,7,1
M,1,65,3,17/01/2017,SP,355030,São Paulo,,1,,2017,3,1
F,1,75,5,30/01/2017,SP,355030,São Paulo,,3,,2017,5,1
F,1,82,6,10/02/2017,SP,355030,São Paulo,,3,,2017,6,1
F,1,87,8,20/02/2017,SP,355030,São Paulo,,3,,2017,8,1
M,9,42,6,07/02/2017,SP,355030,São Paulo,,4,,2017,6,1
M,1,16,7,14/02/2017,SP,355030,São Paulo,,4,,2017,7,1
F,1,13,7,15/02/2017,SP,355030,São Paulo,,4,,2017,7,1
F,2,17,6,06/02/2017,SP,355030,São Paulo,,3,,2017,6,1
M,1,0,7,17/02/2017,SP,355030,São Paulo,,3,,2017,7,1
F,1,93,51,21/12/2017,SP,355030,São Paulo,,4,,2017,51,1
M,1,0,52,28/12/2017,SP,355030,São Paulo,,4,,2017,52,1
M,4,24,52,26/12/2017,SP,355030,São Paulo,,3,,2017,52,1
F,9,64,52,28/12/2017,SP,355030,São Paulo,,3,,2017,52,1
F,9,76,52,30/12/2017,SP,355030,São Paulo,,4,,2017,52,1
M,9,73,52,28/12/2017,SP,355030,São Paulo,,4,,2017,52,1
M,1,43,4,27/01/2017,SP,355030,São Paulo,,3,,2017,4,1
F,1,20,7,15/02/2017,SP,355030,São Paulo,,3,,2017,7,1
F,1,88,8,20/02/2017,SP,355030,São Paulo,,4,,2017,8,1
M,9,5,9,26/02/2017,SP,355030,São Paulo,,4,,2017,9,1
F,3,3,8,19/02/2017,SP,355030,São Paulo,,4,,2017,8,1
M,9,76,7,14/02/2017,SP,355030,São Paulo,,4,,2017,7,1
F,1,66,8,25/02/2017,SP,355030,São Paulo,,4,,2017,8,1
F,1,36,8,24/02/2017,SP,355030,São Paulo,,4,,2017,8,1
M,1,16,9,28/02/2017,SP,355030,São Paulo,,3,,2017,9,1
M,1,40,10,08/03/2017,SP,355030,São Paulo,,1,,2017,10,1
F,1,72,10,11/03/2017,SP,355030,São Paulo,,4,,2017,10,1
F,1,73,10,08/03/2017,SP,355030,São Paulo,,3,,2017,10,1
M,9,16,8,23/02/2017,SP,355030,São Paulo,,3,,2017,8,1
M,1,0,10,10/03/2017,SP,355030,São Paulo,,1,,2017,10,1
M,1,46,10,09/03/2017,SP,355030,São Paulo,,4,,2017,10,1
F,1,57,11,14/03/2017,SP,355030,São Paulo,,3,,2017,11,1
F,1,0,9,26/02/2017,SP,355030,São Paulo,,4,,2017,9,1
F,1,91,11,17/03/2017,SP,355030,São Paulo,,4,,2017,11,1
F,2,28,11,12/03/2017,SP,355030,São Paulo,,3,,2017,11,1
F,1,75,10,09/03/2017,SP,355030,São Paulo,,3,,2017,10,1
F,1,81,12,23/03/2017,SP,355030,São Paulo,,1,,2017,12,1
M,9,83,11,18/03/2017,SP,355030,São Paulo,,3,,2017,11,1
F,4,61,10,11/03/2017,SP,355030,São Paulo,,3,,2017,10,1
F,1,49,12,23/03/2017,SP,355030,São Paulo,,3,,2017,12,1
M,1,78,12,23/03/2017,SP,355030,São Paulo,,3,,2017,12,1
F,1,41,12,25/03/2017,SP,355030,São Paulo,,3,,2017,12,1
F,9,77,10,05/03/2017,SP,355030,São Paulo,,3,,2017,10,1
M,1,43,12,25/03/2017,SP,355030,São Paulo,,3,,2017,12,1
F,1,68,9,03/03/2017,SP,355030,São Paulo,,4,,2017,9,1
F,1,43,13,26/03/2017,SP,355030,São Paulo,,1,,2017,13,1
F,1,60,13,28/03/2017,SP,355030,São Paulo,,3,,2017,13,1
M,1,85,13,31/03/2017,SP,355030,São Paulo,,3,,2017,13,1
M,1,82,12,25/03/2017,SP,355030,São Paulo,,4,,2017,12,1
F,1,67,9,28/02/2017,SP,355030,São Paulo,,4,,2017,9,1
M,9,52,14,04/04/2017,SP,355030,São Paulo,,3,,2017,14,1
M,4,61,12,25/03/2017,SP,355030,São Paulo,,1,,2017,12,1
F,9,89,13,26/03/2017,SP,355030,São Paulo,,4,,2017,13,1
M,1,8,14,05/04/2017,SP,355030,São Paulo,,3,,2017,14,1
F,1,76,14,05/04/2017,SP,355030,São Paulo,,3,,2017,14,1
F,9,79,12,20/03/2017,SP,355030,São Paulo,,4,,2017,12,1
F,1,54,14,08/04/2017,SP,355030,São Paulo,,3,,2017,14,1
F,9,63,13,01/04/2017,SP,355030,São Paulo,,4,,2017,13,1
F,1,86,14,03/04/2017,SP,355030,São Paulo,,3,,2017,14,1
F,9,63,11,16/03/2017,SP,355030,São Paulo,,4,,2017,11,1
F,4,1,14,02/04/2017,SP,355030,São Paulo,,3,,2017,14,1
F,9,27,16,17/04/2017,SP,355030,São Paulo,,4,,2017,16,1
F,4,0,16,21/04/2017,SP,355030,São Paulo,,3,,2017,16,1
M,9,54,15,15/04/2017,SP,355030,São Paulo,,4,,2017,15,1
F,9,4,14,08/04/2017,SP,355030,São Paulo,,4,,2017,14,1
M,1,6,12,20/03/2017,SP,355030,São Paulo,,1,,2017,12,1
F,1,55,12,20/03/2017,SP,355030,São Paulo,,4,,2017,12,1
M,1,23,12,25/03/2017,SP,355030,São Paulo,,3,,2017,12,1
M,1,67,14,06/04/2017,SP,355030,São Paulo,,3,,2017,14,1
F,1,77,16,18/04/2017,SP,355030,São Paulo,,3,,2017,16,1
M,1,80,16,20/04/2017,SP,355030,São Paulo,,4,,2017,16,1
M,1,53,16,20/04/2017,SP,355030,São Paulo,,3,,2017,16,1
F,1,73,16,19/04/2017,SP,355030,São Paulo,,3,,2017,16,1
M,1,59,17,23/04/2017,SP,355030,São Paulo,,3,,2017,17,1
F,1,91,16,16/04/2017,SP,355030,São Paulo,,3,,2017,16,1
F,1,82,16,18/04/2017,SP,355030,São Paulo,,3,,2017,16,1
F,1,89,15,15/04/2017,SP,355030,São Paulo,,4,,2017,15,1
F,3,88,16,20/04/2017,SP,355030,São Paulo,,4,,2017,16,1
M,1,0,9,26/02/2017,SP,355030,São Paulo,,3,,2017,9,1
F,1,2,16,16/04/2017,SP,355030,São Paulo,,3,,2017,16,1
M,1,6,16,16/04/2017,SP,355030,São Paulo,,3,,2017,16,1
M,9,76,13,01/04/2017,SP,355030,São Paulo,,3,,2017,13,1
M,4,43,15,10/04/2017,SP,355030,São Paulo,,3,,2017,15,1
F,9,31,16,17/04/2017,SP,355030,São Paulo,,3,,2017,16,1
M,4,0,18,30/04/2017,SP,355030,São Paulo,,3,,2017,18,1
F,1,31,17,25/04/2017,SP,355030,São Paulo,,4,,2017,17,1
F,4,15,18,02/05/2017,SP,355030,São Paulo,,4,,2017,18,1
M,9,7,18,03/05/2017,SP,355030,São Paulo,,1,,2017,18,1
F,1,85,17,27/04/2017,SP,355030,São Paulo,,1,,2017,17,1
F,1,84,16,20/04/2017,SP,355030,São Paulo,,3,,2017,16,1
F,1,79,18,02/05/2017,SP,355030,São Paulo,,3,,2017,18,1
M,4,44,18,03/05/2017,SP,355030,São Paulo,,3,,2017,18,1
M,1,52,2,09/01/2017,SP,355030,São Paulo,,4,,2017,2,1
M,1,66,5,31/01/2017,SP,355030,São Paulo,,4,,2017,5,1
F,1,0,19,10/05/2017,SP,355030,São Paulo,,3,,2017,19,1
M,9,76,18,30/04/2017,SP,355030,São Paulo,,4,,2017,18,1
M,1,2,19,10/05/2017,SP,355030,São Paulo,,3,,2017,19,1
F,1,89,16,21/04/2017,SP,355030,São Paulo,,3,,2017,16,1
M,9,88,19,08/05/2017,SP,355030,São Paulo,,4,,2017,19,1
F,1,77,19,08/05/2017,SP,355030,São Paulo,,3,,2017,19,1
M,1,83,18,01/05/2017,SP,355030,São Paulo,,3,,2017,18,1
M,1,75,19,11/05/2017,SP,355030,São Paulo,,3,,2017,19,1
F,1,79,18,02/05/2017,SP,355030,São Paulo,,3,,2017,18,1
F,1,83,17,24/04/2017,SP,355030,São Paulo,,4,,2017,17,1
F,1,86,16,21/04/2017,SP,355030,São Paulo,,4,,2017,16,1
F,1,65,15,15/04/2017,SP,355030,São Paulo,,4,,2017,15,1
F,1,50,13,01/04/2017,SP,355030,São Paulo,,4,,2017,13,1
F,1,34,19,11/05/2017,SP,355030,São Paulo,,3,,2017,19,1
F,1,95,20,15/05/2017,SP,355030,São Paulo,,1,,2017,20,1
F,1,60,20,16/05/2017,SP,355030,São Paulo,,3,,2017,20,1
M,9,82,18,30/04/2017,SP,355030,São Paulo,,4,,2017,18,1
M,1,0,16,22/04/2017,SP,355030,São Paulo,,4,,2017,16,1
F,2,44,20,16/05/2017,SP,355030,São Paulo,,4,,2017,20,1
M,9,1,21,23/05/2017,SP,355030,São Paulo,,4,,2017,21,1
M,1,37,19,13/05/2017,SP,355030,São Paulo,,3,,2017,19,1
M,1,49,17,26/04/2017,SP,355030,São Paulo,,4,,2017,17,1
M,,49,21,22/05/2017,SP,355030,São Paulo,,3,,2017,21,1
F,9,36,22,28/05/2017,SP,355030,São Paulo,,4,,2017,22,1
F,1,38,20,19/05/2017,SP,355030,São Paulo,,3,,2017,20,1
M,9,13,22,31/05/2017,SP,355030,São Paulo,,4,,2017,22,1
F,1,81,20,19/05/2017,SP,355030,São Paulo,,3,,2017,20,1
F,9,55,19,09/05/2017,SP,355030,São Paulo,,4,,2017,19,1
F,1,59,23,07/06/2017,SP,355030,São Paulo,,3,,2017,23,1
M,9,73,16,19/04/2017,SP,355030,São Paulo,,4,,2017,16,1
F,1,80,24,12/06/2017,SP,355030,São Paulo,,4,,2017,24,1
F,4,58,25,18/06/2017,SP,355030,São Paulo,,3,,2017,25,1
F,1,1,23,07/06/2017,SP,355030,São Paulo,,3,,2017,23,1
M,1,59,23,10/06/2017,SP,355030,São Paulo,,3,,2017,23,1
M,4,0,24,16/06/2017,SP,355030,São Paulo,,1,,2017,24,1
F,9,88,24,17/06/2017,SP,355030,São Paulo,,3,,2017,24,1
M,9,77,25,21/06/2017,SP,355030,São Paulo,,3,,2017,25,1
F,1,31,17,29/04/2017,SP,355030,São Paulo,,4,,2017,17,1
M,1,83,24,13/06/2017,SP,355030,São Paulo,,3,,2017,24,1
F,1,27,26,26/06/2017,SP,355030,São Paulo,,3,,2017,26,1
F,1,29,23,08/06/2017,SP,355030,São Paulo,,3,,2017,23,1
F,3,34,25,19/06/2017,SP,355030,São Paulo,,3,,2017,25,1
M,1,25,23,05/06/2017,SP,355030,São Paulo,,3,,2017,23,1
F,1,74,23,09/06/2017,SP,355030,São Paulo,,3,,2017,23,1
M,9,8,23,10/06/2017,SP,355030,São Paulo,,4,,2017,23,1
F,1,15,18,03/05/2017,SP,355030,São Paulo,,3,,2017,18,1
M,9,86,21,21/05/2017,SP,355030,São Paulo,,4,,2017,21,1
M,1,62,26,29/06/2017,SP,355030,São Paulo,,3,,2017,26,1
M,1,72,15,12/04/2017,SP,355030,São Paulo,,3,,2017,15,1
F,9,89,22,01/06/2017,SP,355030,São Paulo,,4,,2017,22,1
F,9,89,21,22/05/2017,SP,355030,São Paulo,,4,,2017,21,1
M,1,46,23,08/06/2017,SP,355030,São Paulo,,4,,2017,23,1
M,9,54,21,24/05/2017,SP,355030,São Paulo,,3,,2017,21,1
F,3,95,26,28/06/2017,SP,355030,São Paulo,,4,,2017,26,1
M,1,55,27,03/07/2017,SP,355030,São Paulo,,3,,2017,27,1
F,1,82,28,09/07/2017,SP,355030,São Paulo,,3,,2017,28,1
M,9,7,27,03/07/2017,SP,355030,São Paulo,,3,,2017,27,1
M,9,34,28,10/07/2017,SP,355030,São Paulo,,3,,2017,28,1
M,1,19,28,13/07/2017,SP,355030,São Paulo,,3,,2017,28,1
M,1,8,28,12/07/2017,SP,355030,São Paulo,,4,,2017,28,1
F,9,66,27,08/07/2017,SP,355030,São Paulo,,4,,2017,27,1
M,1,59,29,18/07/2017,SP,355030,São Paulo,,4,,2017,29,1
M,9,73,27,04/07/2017,SP,355030,São Paulo,,3,,2017,27,1
M,9,42,29,16/07/2017,SP,355030,São Paulo,,4,,2017,29,1
M,4,46,29,17/07/2017,SP,355030,São Paulo,,3,,2017,29,1
F,2,56,27,06/07/2017,SP,355030,São Paulo,,3,,2017,27,1
M,2,102,27,08/07/2017,SP,355030,São Paulo,,3,,2017,27,1
F,1,31,27,08/07/2017,SP,355030,São Paulo,,3,,2017,27,1
M,1,30,28,10/07/2017,SP,355030,São Paulo,,1,,2017,28,1
F,9,34,29,19/07/2017,SP,355030,São Paulo,,3,,2017,29,1
M,9,82,27,06/07/2017,SP,355030,São Paulo,,3,,2017,27,1
F,1,67,30,24/07/2017,SP,355030,São Paulo,,3,,2017,30,1
M,,90,27,02/07/2017,SP,355030,São Paulo,,3,,2017,27,1
F,9,1,26,30/06/2017,SP,355030,São Paulo,,4,,2017,26,1
M,9,0,27,03/07/2017,SP,355030,São Paulo,,4,,2017,27,1
F,9,0,27,03/07/2017,SP,355030,São Paulo,,3,,2017,27,1
M,9,9,27,03/07/2017,SP,355030,São Paulo,,4,,2017,27,1
M,1,16,30,28/07/2017,SP,355030,São Paulo,,3,,2017,30,1
F,9,34,31,30/07/2017,SP,355030,São Paulo,,3,,2017,31,1
F,1,91,30,28/07/2017,SP,355030,São Paulo,,3,,2017,30,1
F,1,5,26,01/07/2017,SP,355030,São Paulo,,3,,2017,26,1
M,9,74,31,31/07/2017,SP,355030,São Paulo,,4,,2017,31,1
M,1,81,34,22/08/2017,SP,355030,São Paulo,,3,,2017,34,1
M,1,19,28,09/07/2017,SP,355030,São Paulo,,4,,2017,28,1
M,9,49,34,26/08/2017,SP,355030,São Paulo,,4,,2017,34,1
F,1,72,35,28/08/2017,SP,355030,São Paulo,,3,,2017,35,1
F,9,0,33,16/08/2017,SP,355030,São Paulo,,4,,2017,33,1
F,9,38,5,02/02/2017,SP,355030,São Paulo,,3,,2017,5,1
F,9,68,30,23/07/2017,SP,355030,São Paulo,,3,,2017,30,1
M,9,5,35,02/09/2017,SP,355030,São Paulo,,4,,2017,35,1
F,1,6,36,03/09/2017,SP,355030,São Paulo,,4,,2017,36,1
F,1,26,38,19/09/2017,SP,355030,São Paulo,,4,,2017,38,1
M,1,8,39,24/09/2017,SP,355030,São Paulo,,3,,2017,39,1
M,9,6,37,15/09/2017,SP,355030,São Paulo,,4,,2017,37,1
M,9,54,38,17/09/2017,SP,355030,São Paulo,,3,,2017,38,1
F,,32,37,12/09/2017,SP,355030,São Paulo,,4,,2017,37,1
F,1,40,38,19/09/2017,SP,355030,São Paulo,,4,,2017,38,1
M,4,0,38,23/09/2017,SP,355030,São Paulo,,4,,2017,38,1
M,1,4,37,13/09/2017,SP,355030,São Paulo,,4,,2017,37,1
M,1,90,39,25/09/2017,SP,355030,São Paulo,,3,,2017,39,1
M,2,7,39,27/09/2017,SP,355030,São Paulo,,4,,2017,39,1
M,4,0,38,17/09/2017,SP,355030,São Paulo,,3,,2017,38,1
F,4,3,40,02/10/2017,SP,355030,São Paulo,,3,,2017,40,1
M,4,0,39,26/09/2017,SP,355030,São Paulo,,4,,2017,39,1
F,1,67,40,01/10/2017,SP,355030,São Paulo,,3,,2017,40,1
F,1,6,40,03/10/2017,SP,355030,São Paulo,,3,,2017,40,1
M,9,5,40,05/10/2017,SP,355030,São Paulo,,3,,2017,40,1
M,9,0,40,05/10/2017,SP,355030,São Paulo,,3,,2017,40,1
F,9,10,41,09/10/2017,SP,355030,São Paulo,,3,,2017,41,1
M,1,6,39,29/09/2017,SP,355030,São Paulo,,4,,2017,39,1
M,9,77,37,15/09/2017,SP,355030,São Paulo,,4,,2017,37,1
F,1,2,41,10/10/2017,SP,355030,São Paulo,,3,,2017,41,1
M,9,76,41,09/10/2017,SP,355030,São Paulo,,4,,2017,41,1
F,1,86,38,17/09/2017,SP,355030,São Paulo,,3,,2017,38,1
F,4,65,41,09/10/2017,SP,355030,São Paulo,,3,,2017,41,1
M,1,51,41,09/10/2017,SP,355030,São Paulo,,3,,2017,41,1
M,1,5,42,18/10/2017,SP,355030,São Paulo,,4,,2017,42,1
M,9,9,41,08/10/2017,SP,355030,São Paulo,,4,,2017,41,1
M,4,0,42,20/10/2017,SP,355030,São Paulo,,3,,2017,42,1
F,1,5,43,22/10/2017,SP,355030,São Paulo,,3,,2017,43,1
M,9,12,43,23/10/2017,SP,355030,São Paulo,,4,,2017,43,1
M,1,78,42,17/10/2017,SP,355030,São Paulo,,3,,2017,42,1
M,9,3,43,25/10/2017,SP,355030,São Paulo,,4,,2017,43,1
F,9,2,42,20/10/2017,SP,355030,São Paulo,,4,,2017,42,1
M,1,0,43,24/10/2017,SP,355030,São Paulo,,4,,2017,43,1
F,1,1,43,23/10/2017,SP,355030,São Paulo,,3,,2017,43,1
F,9,10,41,11/10/2017,SP,355030,São Paulo,,3,,2017,41,1
F,9,85,43,22/10/2017,SP,355030,São Paulo,,3,,2017,43,1
M,1,78,43,22/10/2017,SP,355030,São Paulo,,3,,2017,43,1
F,9,68,40,03/10/2017,SP,355030,São Paulo,,3,,2017,40,1
F,1,47,35,29/08/2017,SP,355030,São Paulo,,3,,2017,35,1
M,9,8,42,21/10/2017,SP,355030,São Paulo,,3,,2017,42,1
F,1,77,35,02/09/2017,SP,355030,São Paulo,,4,,2017,35,1
M,1,43,35,02/09/2017,SP,355030,São Paulo,,4,,2017,35,1
M,9,7,38,23/09/2017,SP,355030,São Paulo,,4,,2017,38,1
M,9,1,44,29/10/2017,SP,355030,São Paulo,,3,,2017,44,1
F,1,1,44,30/10/2017,SP,355030,São Paulo,,3,,2017,44,1
F,9,86,40,04/10/2017,SP,355030,São Paulo,,4,,2017,40,1
M,9,8,44,02/11/2017,SP,355030,São Paulo,,4,,2017,44,1
M,9,1,44,03/11/2017,SP,355030,São Paulo,,4,,2017,44,1
F,9,16,45,08/11/2017,SP,355030,São Paulo,,3,,2017,45,1
M,4,12,45,06/11/2017,SP,355030,São Paulo,,4,,2017,45,1
F,1,26,45,10/11/2017,SP,355030,São Paulo,,3,,2017,45,1
M,1,2,44,03/11/2017,SP,355030,São Paulo,,3,,2017,44,1
M,1,1,44,31/10/2017,SP,355030,São Paulo,,4,,2017,44,1
F,1,1,45,10/11/2017,SP,355030,São Paulo,,4,,2017,45,1
M,1,5,46,12/11/2017,SP,355030,São Paulo,,4,,2017,46,1
M,9,62,44,04/11/2017,SP,355030,São Paulo,,4,,2017,44,1
M,1,8,44,02/11/2017,SP,355030,São Paulo,,3,,2017,44,1
M,4,71,45,09/11/2017,SP,355030,São Paulo,,4,,2017,45,1
M,9,1,43,25/10/2017,SP,355030,São Paulo,,4,,2017,43,1
F,9,5,42,21/10/2017,SP,355030,São Paulo,,4,,2017,42,1
M,1,4,38,19/09/2017,SP,355030,São Paulo,,4,,2017,38,1
F,1,44,46,12/11/2017,SP,355030,São Paulo,,3,,2017,46,1
F,1,2,45,10/11/2017,SP,355030,São Paulo,,4,,2017,45,1
M,4,8,47,22/11/2017,SP,355030,São Paulo,,4,,2017,47,1
M,1,1,43,24/10/2017,SP,355030,São Paulo,,4,,2017,43,1
M,9,81,45,11/11/2017,SP,355030,São Paulo,,3,,2017,45,1
F,9,21,44,04/11/2017,SP,355030,São Paulo,,3,,2017,44,1
F,9,77,48,27/11/2017,SP,355030,São Paulo,,4,,2017,48,1
F,9,29,47,21/11/2017,SP,355030,São Paulo,,4,,2017,47,1
M,9,4,47,23/11/2017,SP,355030,São Paulo,,4,,2017,47,1
F,1,12,44,01/11/2017,SP,355030,São Paulo,,4,,2017,44,1
F,3,84,44,30/10/2017,SP,355030,São Paulo,,3,,2017,44,1
F,9,32,44,02/11/2017,SP,355030,São Paulo,,4,,2017,44,1
M,1,7,47,25/11/2017,SP,355030,São Paulo,,4,,2017,47,1
F,9,13,48,01/12/2017,SP,355030,São Paulo,,3,,2017,48,1
M,1,96,47,19/11/2017,SP,355030,São Paulo,,3,,2017,47,1
M,1,45,48,01/12/2017,SP,355030,São Paulo,,4,,2017,48,1
M,1,0,46,17/11/2017,SP,355030,São Paulo,,4,,2017,46,1
F,,3,48,01/12/2017,SP,355030,São Paulo,,3,,2017,48,1
F,1,0,44,31/10/2017,SP,355030,São Paulo,,3,,2017,44,1
F,2,60,50,11/12/2017,SP,355030,São Paulo,,3,,2017,50,1
F,9,83,48,27/11/2017,SP,355030,São Paulo,,3,,2017,48,1
F,9,39,49,03/12/2017,SP,355030,São Paulo,,4,,2017,49,1
M,9,74,45,08/11/2017,SP,355030,São Paulo,,4,,2017,45,1
F,1,67,45,08/11/2017,SP,355030,São Paulo,,4,,2017,45,1
M,1,14,47,23/11/2017,SP,355030,São Paulo,,4,,2017,47,1
F,9,41,48,26/11/2017,SP,355030,São Paulo,,4,,2017,48,1
M,1,6,46,17/11/2017,SP,355030,São Paulo,,3,,2017,46,1
M,1,94,47,23/11/2017,SP,355030,São Paulo,,4,,2017,47,1
F,9,1,49,04/12/2017,SP,355030,São Paulo,,3,,2017,49,1
M,9,8,46,13/11/2017,SP,355030,São Paulo,,4,,2017,46,1
M,1,8,51,18/12/2017,SP,355030,São Paulo,,3,,2017,51,1
F,1,61,44,01/11/2017,SP,355030,São Paulo,,4,,2017,44,1
F,1,62,49,05/12/2017,SP,355030,São Paulo,,3,,2017,49,1
F,9,2,50,13/12/2017,SP,355030,São Paulo,,4,,2017,50,1
M,1,1,50,14/12/2017,SP,355030,São Paulo,,4,,2017,50,1
M,9,8,51,17/12/2017,SP,355030,São Paulo,,3,,2017,51,1
M,1,5,47,20/11/2017,SP,355030,São Paulo,,4,,2017,47,1
M,1,48,51,21/12/2017,SP,355030,São Paulo,,3,,2017,51,1
F,,0,49,04/12/2017,SP,355030,São Paulo,,4,,2017,49,1
F,9,81,51,21/12/2017,SP,355030,São Paulo,,4,,2017,51,1
F,1,0,50,14/12/2017,SP,355030,São Paulo,,3,,2017,50,1
M,1,13,48,27/11/2017,SP,355030,São Paulo,,4,,2017,48,1
M,1,34,1,01/01/2018,SP,355030,São Paulo,,4,,2018,1,1
M,4,1,2,08/01/2018,SP,355030,São Paulo,,3,,2018,2,1
F,9,88,1,05/01/2018,SP,355030,São Paulo,,4,,2018,1,1
M,1,1,3,16/01/2018,SP,355030,São Paulo,,4,,2018,3,1
F,1,87,3,17/01/2018,SP,355030,São Paulo,,1,,2018,3,1
F,9,37,3,15/01/2018,SP,355030,São Paulo,,4,,2018,3,1
F,9,81,5,29/01/2018,SP,355030,São Paulo,,3,,2018,5,1
F,1,5,5,01/02/2018,SP,355030,São Paulo,,4,,2018,5,1
F,4,11,6,09/02/2018,SP,355030,São Paulo,,4,,2018,6,1
M,1,21,3,18/01/2018,SP,355030,São Paulo,,3,,2018,3,1
M,9,34,6,09/02/2018,SP,355030,São Paulo,,4,,2018,6,1
F,9,69,5,28/01/2018,SP,355030,São Paulo,,4,,2018,5,1
F,9,59,6,08/02/2018,SP,355030,São Paulo,,4,,2018,6,1
F,9,20,9,27/02/2018,SP,355030,São Paulo,,4,,2018,9,1
F,9,87,1,01/01/2018,SP,355030,São Paulo,,3,,2018,1,1
M,,3,7,15/02/2018,SP,355030,São Paulo,,3,,2018,7,1
M,1,0,52,28/12/2018,SP,355030,São Paulo,,4,,2018,52,1
M,1,59,9,27/02/2018,SP,355030,São Paulo,,1,,2018,9,1
F,9,3,7,11/02/2018,SP,355030,São Paulo,,4,,2018,7,1
F,9,63,9,28/02/2018,SP,355030,São Paulo,,1,,2018,9,1
M,1,26,9,25/02/2018,SP,355030,São Paulo,,4,,2018,9,1
F,9,87,8,21/02/2018,SP,355030,São Paulo,,3,,2018,8,1
M,1,4,9,28/02/2018,SP,355030,São Paulo,,4,,2018,9,1
F,1,9,9,01/03/2018,SP,355030,São Paulo,,3,,2018,9,1
M,4,17,11,13/03/2018,SP,355030,São Paulo,,4,,2018,11,1
M,1,89,7,14/02/2018,SP,355030,São Paulo,,3,,2018,7,1
F,9,50,11,12/03/2018,SP,355030,São Paulo,,4,,2018,11,1
F,1,54,13,25/03/2018,SP,355030,São Paulo,,4,,2018,13,1
F,1,2,12,18/03/2018,SP,355030,São Paulo,,1,,2018,12,1
F,1,0,11,12/03/2018,SP,355030,São Paulo,,4,,2018,11,1
M,1,1,10,04/03/2018,SP,355030,São Paulo,,4,,2018,10,1
M,1,71,12,23/03/2018,SP,355030,São Paulo,,4,,2018,12,1
F,1,9,12,19/03/2018,SP,355030,São Paulo,,4,,2018,12,1
M,9,20,10,05/03/2018,SP,355030,São Paulo,,4,,2018,10,1
M,9,79,13,27/03/2018,SP,355030,São Paulo,,3,,2018,13,1
F,4,66,14,05/04/2018,SP,355030,São Paulo,,3,,2018,14,1
M,1,0,14,03/04/2018,SP,355030,São Paulo,,4,,2018,14,1
F,1,1,14,01/04/2018,SP,355030,São Paulo,,3,,2018,14,1
M,2,5,15,08/04/2018,SP,355030,São Paulo,,3,,2018,15,1
F,4,26,15,13/04/2018,SP,355030,São Paulo,,1,,2018,15,1
M,9,15,15,13/04/2018,SP,355030,São Paulo,,1,,2018,15,1
M,3,51,15,11/04/2018,SP,355030,São Paulo,,1,,2018,15,1
M,1,59,15,11/04/2018,SP,355030,São Paulo,,1,,2018,15,1
M,1,62,15,12/04/2018,SP,355030,São Paulo,,4,,2018,15,1
M,9,61,12,18/03/2018,SP,355030,São Paulo,,1,,2018,12,1
F,1,70,16,16/04/2018,SP,355030,São Paulo,,1,,2018,16,1
M,1,37,16,15/04/2018,SP,355030,São Paulo,,1,,2018,16,1
M,1,0,16,15/04/2018,SP,355030,São Paulo,,4,,2018,16,1
M,1,50,15,12/04/2018,SP,355030,São Paulo,,1,,2018,15,1
M,1,0,15,10/04/2018,SP,355030,São Paulo,,4,,2018,15,1
M,4,19,16,17/04/2018,SP,355030,São Paulo,,1,,2018,16,1
F,1,87,16,16/04/2018,SP,355030,São Paulo,,4,,2018,16,1
M,1,8,15,13/04/2018,SP,355030,São Paulo,,1,,2018,15,1
F,1,39,13,30/03/2018,SP,355030,São Paulo,,1,,2018,13,1
F,1,32,16,18/04/2018,SP,355030,São Paulo,,4,,2018,16,1
F,1,40,16,19/04/2018,SP,355030,São Paulo,,1,,2018,16,1
F,1,63,16,17/04/2018,SP,355030,São Paulo,,1,,2018,16,1
M,1,45,17,23/04/2018,SP,355030,São Paulo,,1,,2018,17,1
F,4,24,16,21/04/2018,SP,355030,São Paulo,,1,,2018,16,1
M,1,49,16,19/04/2018,SP,355030,São Paulo,,1,,2018,16,1
F,1,30,16,16/04/2018,SP,355030,São Paulo,,4,,2018,16,1
M,9,70,14,07/04/2018,SP,355030,São Paulo,,4,,2018,14,1
M,1,0,17,26/04/2018,SP,355030,São Paulo,,1,,2018,17,1
F,9,41,17,28/04/2018,SP,355030,São Paulo,,1,,2018,17,1
F,4,87,17,25/04/2018,SP,355030,São Paulo,,1,,2018,17,1
F,1,1,12,18/03/2018,SP,355030,São Paulo,,4,,2018,12,1
F,4,24,16,20/04/2018,SP,355030,São Paulo,,1,,2018,16,1
M,1,58,16,18/04/2018,SP,355030,São Paulo,,1,,2018,16,1
F,9,15,16,17/04/2018,SP,355030,São Paulo,,4,,2018,16,1
F,1,44,16,16/04/2018,SP,355030,São Paulo,,1,,2018,16,1
M,1,1,15,14/04/2018,SP,355030,São Paulo,,4,,2018,15,1
F,1,36,16,20/04/2018,SP,355030,São Paulo,,4,,2018,16,1
M,4,2,15,13/04/2018,SP,355030,São Paulo,,4,,2018,15,1
M,9,3,17,24/04/2018,SP,355030,São Paulo,,1,,2018,17,1
M,9,1,17,22/04/2018,SP,355030,São Paulo,,1,,2018,17,1
F,1,5,16,15/04/2018,SP,355030,São Paulo,,4,,2018,16,1
M,9,12,16,18/04/2018,SP,355030,São Paulo,,4,,2018,16,1
M,4,45,17,23/04/2018,SP,355030,São Paulo,,1,,2018,17,1
M,1,0,13,27/03/2018,SP,355030,São Paulo,,1,,2018,13,1
M,1,3,17,23/04/2018,SP,355030,São Paulo,,1,,2018,17,1
M,9,41,13,25/03/2018,SP,355030,São Paulo,,1,,2018,13,1
M,4,26,18,30/04/2018,SP,355030,São Paulo,,1,,2018,18,1
F,1,66,17,22/04/2018,SP,355030,São Paulo,,1,,2018,17,1
M,1,8,18,29/04/2018,SP,355030,São Paulo,,3,,2018,18,1
F,2,49,18,01/05/2018,SP,355030,São Paulo,,1,,2018,18,1
M,4,9,18,01/05/2018,SP,355030,São Paulo,,3,,2018,18,1
F,4,0,15,12/04/2018,SP,355030,São Paulo,,4,,2018,15,1
F,1,0,17,27/04/2018,SP,355030,São Paulo,,4,,2018,17,1
F,1,7,18,02/05/2018,SP,355030,São Paulo,,3,,2018,18,1
M,1,60,17,28/04/2018,SP,355030,São Paulo,,3,,2018,17,1
F,1,97,17,27/04/2018,SP,355030,São Paulo,,4,,2018,17,1
M,1,39,17,27/04/2018,SP,355030,São Paulo,,1,,2018,17,1
F,9,57,18,03/05/2018,SP,355030,São Paulo,,1,,2018,18,1
F,4,54,19,06/05/2018,SP,355030,São Paulo,,1,,2018,19,1
F,9,84,18,05/05/2018,SP,355030,São Paulo,,3,,2018,18,1
F,9,33,18,01/05/2018,SP,355030,São Paulo,,1,,2018,18,1
M,3,61,18,04/05/2018,SP,355030,São Paulo,,1,,2018,18,1
F,2,63,19,06/05/2018,SP,355030,São Paulo,,4,,2018,19,1
F,1,29,18,02/05/2018,SP,355030,São Paulo,,1,,2018,18,1
M,1,0,18,03/05/2018,SP,355030,São Paulo,,1,,2018,18,1
F,1,0,18,03/05/2018,SP,355030,São Paulo,,1,,2018,18,1
M,1,39,18,02/05/2018,SP,355030,São Paulo,,1,,2018,18,1
M,4,8,19,08/05/2018,SP,355030,São Paulo,,1,,2018,19,1
F,1,69,17,28/04/2018,SP,355030,São Paulo,,1,,2018,17,1
M,4,42,18,04/05/2018,SP,355030,São Paulo,,1,,2018,18,1
M,1,75,14,07/04/2018,SP,355030,São Paulo,,1,,2018,14,1
F,9,61,18,04/05/2018,SP,355030,São Paulo,,4,,2018,18,1
M,9,93,17,24/04/2018,SP,355030,São Paulo,,4,,2018,17,1
M,1,60,19,07/05/2018,SP,355030,São Paulo,,1,,2018,19,1
M,9,43,18,29/04/2018,SP,355030,São Paulo,,1,,2018,18,1
M,1,42,18,01/05/2018,SP,355030,São Paulo,,4,,2018,18,1
M,1,2,14,03/04/2018,SP,355030,São Paulo,,1,,2018,14,1
F,9,79,19,06/05/2018,SP,355030,São Paulo,,3,,2018,19,1
M,9,28,18,30/04/2018,SP,355030,São Paulo,,4,,2018,18,1
F,1,77,18,01/05/2018,SP,355030,São Paulo,,4,,2018,18,1
M,1,1,19,06/05/2018,SP,355030,São Paulo,,1,,2018,19,1
F,1,1,17,28/04/2018,SP,355030,São Paulo,,1,,2018,17,1
F,4,26,18,03/05/2018,SP,355030,São Paulo,,3,,2018,18,1
M,4,7,19,10/05/2018,SP,355030,São Paulo,,1,,2018,19,1
M,1,2,19,11/05/2018,SP,355030,São Paulo,,3,,2018,19,1
M,9,64,19,09/05/2018,SP,355030,São Paulo,,3,,2018,19,1
F,1,64,20,13/05/2018,SP,355030,São Paulo,,1,,2018,20,1
M,1,2,18,01/05/2018,SP,355030,São Paulo,,1,,2018,18,1
M,1,60,19,12/05/2018,SP,355030,São Paulo,,1,,2018,19,1
M,2,1,19,09/05/2018,SP,355030,São Paulo,,1,,2018,19,1
F,1,0,19,07/05/2018,SP,355030,São Paulo,,1,,2018,19,1
M,1,75,18,30/04/2018,SP,355030,São Paulo,,4,,2018,18,1
F,9,58,19,09/05/2018,SP,355030,São Paulo,,1,,2018,19,1
M,1,2,18,02/05/2018,SP,355030,São Paulo,,1,,2018,18,1
M,9,1,19,08/05/2018,SP,355030,São Paulo,,1,,2018,19,1
M,,58,20,13/05/2018,SP,355030,São Paulo,,1,,2018,20,1
F,1,35,20,13/05/2018,SP,355030,São Paulo,,1,,2018,20,1
M,9,31,19,10/05/2018,SP,355030,São Paulo,,1,,2018,19,1
M,1,32,17,22/04/2018,SP,355030,São Paulo,,4,,2018,17,1
M,1,0,19,07/05/2018,SP,355030,São Paulo,,1,,2018,19,1
M,9,55,18,03/05/2018,SP,355030,São Paulo,,4,,2018,18,1
M,4,6,20,13/05/2018,SP,355030,São Paulo,,4,,2018,20,1
M,9,11,20,14/05/2018,SP,355030,São Paulo,,1,,2018,20,1
F,4,30,19,10/05/2018,SP,355030,São Paulo,,1,,2018,19,1
M,4,0,18,01/05/2018,SP,355030,São Paulo,,1,,2018,18,1
F,1,65,19,10/05/2018,SP,355030,São Paulo,,1,,2018,19,1
F,4,2,19,06/05/2018,SP,355030,São Paulo,,1,,2018,19,1
F,1,57,18,01/05/2018,SP,355030,São Paulo,,1,,2018,18,1
M,1,0,19,11/05/2018,SP,355030,São Paulo,,1,,2018,19,1
F,4,0,19,07/05/2018,SP,355030,São Paulo,,1,,2018,19,1
F,1,43,20,15/05/2018,SP,355030,São Paulo,,4,,2018,20,1
F,1,33,17,26/04/2018,SP,355030,São Paulo,,1,,2018,17,1
F,4,6,19,12/05/2018,SP,355030,São Paulo,,4,,2018,19,1
F,1,57,19,12/05/2018,SP,355030,São Paulo,,1,,2018,19,1
F,1,7,19,12/05/2018,SP,355030,São Paulo,,1,,2018,19,1
M,1,29,20,14/05/2018,SP,355030,São Paulo,,1,,2018,20,1
M,1,1,19,06/05/2018,SP,355030,São Paulo,,4,,2018,19,1
F,1,1,20,13/05/2018,SP,355030,São Paulo,,4,,2018,20,1
M,1,0,20,16/05/2018,SP,355030,São Paulo,,4,,2018,20,1
F,1,0,20,15/05/2018,SP,355030,São Paulo,,4,,2018,20,1
F,1,91,16,17/04/2018,SP,355030,São Paulo,,3,,2018,16,1
F,1,43,20,14/05/2018,SP,355030,São Paulo,,1,,2018,20,1
M,1,2,20,19/05/2018,SP,355030,São Paulo,,1,,2018,20,1
F,1,35,20,13/05/2018,SP,355030,São Paulo,,1,,2018,20,1
M,4,80,20,19/05/2018,SP,355030,São Paulo,,1,,2018,20,1
F,1,1,20,19/05/2018,SP,355030,São Paulo,,1,,2018,20,1
F,1,1,20,13/05/2018,SP,355030,São Paulo,,1,,2018,20,1
F,4,52,20,14/05/2018,SP,355030,São Paulo,,1,,2018,20,1
M,1,62,20,16/05/2018,SP,355030,São Paulo,,4,,2018,20,1
M,1,0,20,15/05/2018,SP,355030,São Paulo,,2,,2018,20,1
F,1,67,20,15/05/2018,SP,355030,São Paulo,,1,,2018,20,1
F,9,50,19,06/05/2018,SP,355030,São Paulo,,4,,2018,19,1
F,,73,21,21/05/2018,SP,355030,São Paulo,,1,,2018,21,1
F,4,67,21,20/05/2018,SP,355030,São Paulo,,4,,2018,21,1
F,9,68,19,12/05/2018,SP,355030,São Paulo,,4,,2018,19,1
M,9,54,18,04/05/2018,SP,355030,São Paulo,,4,,2018,18,1
F,9,82,19,07/05/2018,SP,355030,São Paulo,,4,,2018,19,1
M,1,6,19,08/05/2018,SP,355030,São Paulo,,4,,2018,19,1
M,4,21,20,18/05/2018,SP,355030,São Paulo,,1,,2018,20,1
F,9,44,19,09/05/2018,SP,355030,São Paulo,,4,,2018,19,1
F,9,71,18,01/05/2018,SP,355030,São Paulo,,4,,2018,18,1
F,1,60,17,24/04/2018,SP,355030,São Paulo,,3,,2018,17,1
F,9,71,16,19/04/2018,SP,355030,São Paulo,,3,,2018,16,1
M,9,74,18,03/05/2018,SP,355030,São Paulo,,3,,2018,18,1
M,1,8,20,16/05/2018,SP,355030,São Paulo,,4,,2018,20,1
F,9,33,17,28/04/2018,SP,355030,São Paulo,,4,,2018,17,1
F,4,34,20,13/05/2018,SP,355030,São Paulo,,1,,2018,20,1
F,1,78,20,16/05/2018,SP,355030,São Paulo,,1,,2018,20,1
M,9,53,20,16/05/2018,SP,355030,São Paulo,,1,,2018,20,1
F,1,59,21,20/05/2018,SP,355030,São Paulo,,4,,2018,21,1
F,9,91,17,27/04/2018,SP,355030,São Paulo,,3,,2018,17,1
M,9,79,18,30/04/2018,SP,355030,São Paulo,,3,,2018,18,1
M,1,0,20,13/05/2018,SP,355030,São Paulo,,4,,2018,20,1
F,1,67,20,17/05/2018,SP,355030,São Paulo,,1,,2018,20,1
M,1,3,21,23/05/2018,SP,355030,São Paulo,,1,,2018,21,1
M,1,3,21,20/05/2018,SP,355030,São Paulo,,1,,2018,21,1
F,9,0,21,21/05/2018,SP,355030,São Paulo,,1,,2018,21,1
F,1,70,18,29/04/2018,SP,355030,São Paulo,,1,,2018,18,1
F,1,35,19,09/05/2018,SP,355030,São Paulo,,1,,2018,19,1
F,1,0,18,05/05/2018,SP,355030,São Paulo,,1,,2018,18,1
F,1,59,18,02/05/2018,SP,355030,São Paulo,,1,,2018,18,1
M,1,2,20,14/05/2018,SP,355030,São Paulo,,3,,2018,20,1
F,4,3,20,14/05/2018,SP,355030,São Paulo,,1,,2018,20,1
M,4,0,20,15/05/2018,SP,355030,São Paulo,,1,,2018,20,1
M,1,79,21,20/05/2018,SP,355030,São Paulo,,1,,2018,21,1
F,1,83,20,19/05/2018,SP,355030,São Paulo,,3,,2018,20,1
F,9,59,19,11/05/2018,SP,355030,São Paulo,,3,,2018,19,1
F,9,39,19,12/05/2018,SP,355030,São Paulo,,1,,2018,19,1
F,9,69,20,13/05/2018,SP,355030,São Paulo,,1,,2018,20,1
M,1,8,21,24/05/2018,SP,355030,São Paulo,,1,,2018,21,1
F,9,43,17,24/04/2018,SP,355030,São Paulo,,1,,2018,17,1
F,4,23,20,19/05/2018,SP,355030,São Paulo,,1,,2018,20,1
M,1,54,20,15/05/2018,SP,355030,São Paulo,,1,,2018,20,1
M,4,48,20,17/05/2018,SP,355030,São Paulo,,1,,2018,20,1
F,1,58,20,19/05/2018,SP,355030,São Paulo,,3,,2018,20,1
M,1,42,21,22/05/2018,SP,355030,São Paulo,,3,,2018,21,1
M,1,27,18,03/05/2018,SP,355030,São Paulo,,1,,2018,18,1
M,1,8,21,22/05/2018,SP,355030,São Paulo,,1,,2018,21,1
M,1,77,18,03/05/2018,SP,355030,São Paulo,,3,,2018,18,1
F,1,34,18,30/04/2018,SP,355030,São Paulo,,4,,2018,18,1
F,1,67,20,13/05/2018,SP,355030,São Paulo,,3,,2018,20,1
M,1,52,20,15/05/2018,SP,355030,São Paulo,,1,,2018,20,1
M,1,34,20,17/05/2018,SP,355030,São Paulo,,1,,2018,20,1
M,1,1,20,18/05/2018,SP,355030,São Paulo,,1,,2018,20,1
M,1,37,21,25/05/2018,SP,355030,São Paulo,,1,,2018,21,1
F,1,16,20,15/05/2018,SP,355030,São Paulo,,3,,2018,20,1
M,2,1,21,25/05/2018,SP,355030,São Paulo,,1,,2018,21,1
M,1,21,21,23/05/2018,SP,355030,São Paulo,,4,,2018,21,1
F,1,46,20,19/05/2018,SP,355030,São Paulo,,1,,2018,20,1
F,4,68,20,16/05/2018,SP,355030,São Paulo,,1,,2018,20,1
F,1,57,21,22/05/2018,SP,355030,São Paulo,,1,,2018,21,1
F,1,24,20,18/05/2018,SP,355030,São Paulo,,1,,2018,20,1
M,1,40,21,23/05/2018,SP,355030,São Paulo,,4,,2018,21,1
M,1,54,21,24/05/2018,SP,355030,São Paulo,,1,,2018,21,1
F,9,30,21,25/05/2018,SP,355030,São Paulo,,1,,2018,21,1
M,1,69,20,15/05/2018,SP,355030,São Paulo,,1,,2018,20,1
M,4,0,20,16/05/2018,SP,355030,São Paulo,,1,,2018,20,1
F,4,0,21,22/05/2018,SP,355030,São Paulo,,1,,2018,21,1
M,1,58,21,22/05/2018,SP,355030,São Paulo,,3,,2018,21,1
F,9,58,21,20/05/2018,SP,355030,São Paulo,,4,,2018,21,1
F,,59,21,25/05/2018,SP,355030,São Paulo,,1,,2018,21,1
F,,7,21,26/05/2018,SP,355030,São Paulo,,1,,2018,21,1
M,1,43,20,19/05/2018,SP,355030,São Paulo,,1,,2018,20,1
F,1,62,18,01/05/2018,SP,355030,São Paulo,,3,,2018,18,1
M,9,74,15,14/04/2018,SP,355030,São Paulo,,3,,2018,15,1
F,1,27,16,16/04/2018,SP,355030,São Paulo,,3,,2018,16,1
F,1,54,19,10/05/2018,SP,355030,São Paulo,,1,,2018,19,1
M,4,53,21,25/05/2018,SP,355030,São Paulo,,1,,2018,21,1
M,1,58,20,19/05/2018,SP,355030,São Paulo,,1,,2018,20,1
F,1,0,21,21/05/2018,SP,355030,São Paulo,,4,,2018,21,1
M,1,34,21,25/05/2018,SP,355030,São Paulo,,1,,2018,21,1
M,1,0,19,08/05/2018,SP,355030,São Paulo,,1,,2018,19,1
F,4,14,21,26/05/2018,SP,355030,São Paulo,,1,,2018,21,1
M,4,2,21,21/05/2018,SP,355030,São Paulo,,1,,2018,21,1
F,1,1,20,19/05/2018,SP,355030,São Paulo,,4,,2018,20,1
M,4,1,20,18/05/2018,SP,355030,São Paulo,,1,,2018,20,1
M,1,4,21,21/05/2018,SP,355030,São Paulo,,1,,2018,21,1
F,1,9,21,24/05/2018,SP,355030,São Paulo,,4,,2018,21,1
F,1,57,20,13/05/2018,SP,355030,São Paulo,,1,,2018,20,1
M,1,5,20,19/05/2018,SP,355030,São Paulo,,1,,2018,20,1
M,1,0,21,20/05/2018,SP,355030,São Paulo,,4,,2018,21,1
F,9,39,20,17/05/2018,SP,355030,São Paulo,,1,,2018,20,1
F,9,50,21,20/05/2018,SP,355030,São Paulo,,4,,2018,21,1
M,1,1,21,26/05/2018,SP,355030,São Paulo,,1,,2018,21,1
M,1,93,21,22/05/2018,SP,355030,São Paulo,,1,,2018,21,1
M,4,2,22,27/05/2018,SP,355030,São Paulo,,1,,2018,22,1
M,9,0,21,24/05/2018,SP,355030,São Paulo,,4,,2018,21,1
F,4,54,20,18/05/2018,SP,355030,São Paulo,,1,,2018,20,1
F,1,29,22,28/05/2018,SP,355030,São Paulo,,1,,2018,22,1
M,2,37,22,27/05/2018,SP,355030,São Paulo,,1,,2018,22,1
M,1,61,21,22/05/2018,SP,355030,São Paulo,,1,,2018,21,1
F,1,0,22,27/05/2018,SP,355030,São Paulo,,1,,2018,22,1
F,1,46,21,23/05/2018,SP,355030,São Paulo,,3,,2018,21,1
M,1,34,22,27/05/2018,SP,355030,São Paulo,,3,,2018,22,1
M,1,7,21,25/05/2018,SP,355030,São Paulo,,1,,2018,21,1
F,4,62,22,30/05/2018,SP,355030,São Paulo,,1,,2018,22,1
F,4,4,21,25/05/2018,SP,355030,São Paulo,,1,,2018,21,1
F,9,90,21,23/05/2018,SP,355030,São Paulo,,1,,2018,21,1
F,9,0,20,18/05/2018,SP,355030,São Paulo,,1,,2018,20,1
M,1,73,21,26/05/2018,SP,355030,São Paulo,,1,,2018,21,1
F,9,63,22,29/05/2018,SP,355030,São Paulo,,1,,2018,22,1
M,9,80,21,24/05/2018,SP,355030,São Paulo,,4,,2018,21,1
M,4,41,22,28/05/2018,SP,355030,São Paulo,,1,,2018,22,1
F,1,10,22,27/05/2018,SP,355030,São Paulo,,1,,2018,22,1
F,1,48,21,20/05/2018,SP,355030,São Paulo,,1,,2018,21,1
F,1,8,22,30/05/2018,SP,355030,São Paulo,,1,,2018,22,1
F,4,0,22,28/05/2018,SP,355030,São Paulo,,1,,2018,22,1
M,4,57,21,26/05/2018,SP,355030,São Paulo,,1,,2018,21,1
F,1,61,21,22/05/2018,SP,355030,São Paulo,,1,,2018,21,1
F,4,5,22,28/05/2018,SP,355030,São Paulo,,3,,2018,22,1
F,4,1,20,15/05/2018,SP,355030,São Paulo,,1,,2018,20,1
M,4,61,22,02/06/2018,SP,355030,São Paulo,,1,,2018,22,1
F,1,75,22,31/05/2018,SP,355030,São Paulo,,1,,2018,22,1
F,9,39,22,27/05/2018,SP,355030,São Paulo,,4,,2018,22,1
M,9,38,22,28/05/2018,SP,355030,São Paulo,,1,,2018,22,1
M,4,30,22,02/06/2018,SP,355030,São Paulo,,1,,2018,22,1
M,1,88,21,26/05/2018,SP,355030,São Paulo,,4,,2018,21,1
F,1,68,20,16/05/2018,SP,355030,São Paulo,,3,,2018,20,1
M,1,52,19,11/05/2018,SP,355030,São Paulo,,1,,2018,19,1
F,1,79,22,27/05/2018,SP,355030,São Paulo,,4,,2018,22,1
M,1,71,21,24/05/2018,SP,355030,São Paulo,,1,,2018,21,1
M,1,26,22,02/06/2018,SP,355030,São Paulo,,1,,2018,22,1
F,1,54,21,24/05/2018,SP,355030,São Paulo,,1,,2018,21,1
F,4,54,20,13/05/2018,SP,355030,São Paulo,,1,,2018,20,1
F,9,84,22,27/05/2018,SP,355030,São Paulo,,1,,2018,22,1
M,1,58,22,27/05/2018,SP,355030,São Paulo,,1,,2018,22,1
M,1,67,21,21/05/2018,SP,355030,São Paulo,,1,,2018,21,1
F,1,33,20,19/05/2018,SP,355030,São Paulo,,4,,2018,20,1
M,9,0,22,02/06/2018,SP,355030,São Paulo,,1,,2018,22,1
F,4,0,22,01/06/2018,SP,355030,São Paulo,,1,,2018,22,1
F,1,3,22,29/05/2018,SP,355030,São Paulo,,1,,2018,22,1
F,1,0,22,29/05/2018,SP,355030,São Paulo,,1,,2018,22,1
M,1,0,23,03/06/2018,SP,355030,São Paulo,,1,,2018,23,1
M,4,2,22,01/06/2018,SP,355030,São Paulo,,1,,2018,22,1
F,1,6,22,02/06/2018,SP,355030,São Paulo,,1,,2018,22,1
M,9,81,22,28/05/2018,SP,355030,São Paulo,,3,,2018,22,1
F,1,93,20,19/05/2018,SP,355030,São Paulo,,3,,2018,20,1
M,1,45,22,29/05/2018,SP,355030,São Paulo,,1,,2018,22,1
F,1,20,22,31/05/2018,SP,355030,São Paulo,,4,,2018,22,1
M,9,26,22,01/06/2018,SP,355030,São Paulo,,4,,2018,22,1
F,1,39,23,04/06/2018,SP,355030,São Paulo,,3,,2018,23,1
F,1,5,22,01/06/2018,SP,355030,São Paulo,,1,,2018,22,1
M,1,76,21,26/05/2018,SP,355030,São Paulo,,1,,2018,21,1
F,1,22,22,01/06/2018,SP,355030,São Paulo,,1,,2018,22,1
F,4,77,20,18/05/2018,SP,355030,São Paulo,,3,,2018,20,1
F,4,50,18,02/05/2018,SP,355030,São Paulo,,3,,2018,18,1
M,4,1,22,31/05/2018,SP,355030,São Paulo,,1,,2018,22,1
M,4,6,23,04/06/2018,SP,355030,São Paulo,,3,,2018,23,1
M,4,7,23,04/06/2018,SP,355030,São Paulo,,1,,2018,23,1
F,9,58,20,18/05/2018,SP,355030,São Paulo,,1,,2018,20,1
F,4,7,21,24/05/2018,SP,355030,São Paulo,,1,,2018,21,1
F,9,39,22,31/05/2018,SP,355030,São Paulo,,4,,2018,22,1
F,2,63,22,01/06/2018,SP,355030,São Paulo,,1,,2018,22,1
M,1,63,21,21/05/2018,SP,355030,São Paulo,,1,,2018,21,1
F,9,93,22,01/06/2018,SP,355030,São Paulo,,1,,2018,22,1
M,4,22,23,05/06/2018,SP,355030,São Paulo,,1,,2018,23,1
F,1,66,22,30/05/2018,SP,355030,São Paulo,,4,,2018,22,1
F,1,46,22,30/05/2018,SP,355030,São Paulo,,1,,2018,22,1
F,1,74,21,23/05/2018,SP,355030,São Paulo,,3,,2018,21,1
M,1,57,22,28/05/2018,SP,355030,São Paulo,,1,,2018,22,1
M,1,9,22,02/06/2018,SP,355030,São Paulo,,1,,2018,22,1
F,4,1,22,31/05/2018,SP,355030,São Paulo,,1,,2018,22,1
M,1,9,23,06/06/2018,SP,355030,São Paulo,,1,,2018,23,1
F,9,81,23,06/06/2018,SP,355030,São Paulo,,1,,2018,23,1
F,1,43,21,26/05/2018,SP,355030,São Paulo,,1,,2018,21,1
M,9,63,19,12/05/2018,SP,355030,São Paulo,,3,,2018,19,1
M,9,33,19,07/05/2018,SP,355030,São Paulo,,3,,2018,19,1
F,9,44,20,18/05/2018,SP,355030,São Paulo,,3,,2018,20,1
F,9,86,19,12/05/2018,SP,355030,São Paulo,,3,,2018,19,1
F,9,48,21,21/05/2018,SP,355030,São Paulo,,3,,2018,21,1
M,,50,21,26/05/2018,SP,355030,São Paulo,,3,,2018,21,1
F,4,81,22,02/06/2018,SP,355030,São Paulo,,1,,2018,22,1
F,9,65,23,03/06/2018,SP,355030,São Paulo,,1,,2018,23,1
F,9,69,23,07/06/2018,SP,355030,São Paulo,,1,,2018,23,1
M,1,71,23,05/06/2018,SP,355030,São Paulo,,1,,2018,23,1
M,1,62,23,08/06/2018,SP,355030,São Paulo,,1,,2018,23,1
M,1,52,22,02/06/2018,SP,355030,São Paulo,,1,,2018,22,1
F,4,1,20,19/05/2018,SP,355030,São Paulo,,1,,2018,20,1
M,5,1,23,04/06/2018,SP,355030,São Paulo,,4,,2018,23,1
F,2,27,19,11/05/2018,SP,355030,São Paulo,,1,,2018,19,1
M,4,7,23,08/06/2018,SP,355030,São Paulo,,1,,2018,23,1
M,4,34,23,07/06/2018,SP,355030,São Paulo,,1,,2018,23,1
F,9,60,22,27/05/2018,SP,355030,São Paulo,,1,,2018,22,1
F,3,59,22,31/05/2018,SP,355030,São Paulo,,1,,2018,22,1
M,9,60,21,25/05/2018,SP,355030,São Paulo,,1,,2018,21,1
F,9,33,22,28/05/2018,SP,355030,São Paulo,,4,,2018,22,1
F,4,1,23,04/06/2018,SP,355030,São Paulo,,1,,2018,23,1
M,1,1,23,06/06/2018,SP,355030,São Paulo,,1,,2018,23,1
M,4,1,23,04/06/2018,SP,355030,São Paulo,,1,,2018,23,1
F,4,1,23,06/06/2018,SP,355030,São Paulo,,1,,2018,23,1
M,1,0,22,28/05/2018,SP,355030,São Paulo,,1,,2018,22,1
M,4,8,23,04/06/2018,SP,355030,São Paulo,,3,,2018,23,1
F,9,92,22,01/06/2018,SP,355030,São Paulo,,3,,2018,22,1
M,9,6,21,24/05/2018,SP,355030,São Paulo,,4,,2018,21,1
M,1,9,23,09/06/2018,SP,355030,São Paulo,,1,,2018,23,1
F,1,35,20,15/05/2018,SP,355030,São Paulo,,1,,2018,20,1
M,4,1,22,30/05/2018,SP,355030,São Paulo,,1,,2018,22,1
M,4,28,23,08/06/2018,SP,355030,São Paulo,,1,,2018,23,1
F,1,13,21,22/05/2018,SP,355030,São Paulo,,4,,2018,21,1
F,9,1,22,27/05/2018,SP,355030,São Paulo,,1,,2018,22,1
M,1,77,23,06/06/2018,SP,355030,São Paulo,,4,,2018,23,1
F,1,66,22,27/05/2018,SP,355030,São Paulo,,1,,2018,22,1
F,1,67,24,10/06/2018,SP,355030,São Paulo,,1,,2018,24,1
F,9,69,21,22/05/2018,SP,355030,São Paulo,,1,,2018,21,1
M,9,33,21,20/05/2018,SP,355030,São Paulo,,4,,2018,21,1
M,1,90,23,03/06/2018,SP,355030,São Paulo,,1,,2018,23,1
F,4,1,22,27/05/2018,SP,355030,São Paulo,,1,,2018,22,1
M,1,12,20,16/05/2018,SP,355030,São Paulo,,1,,2018,20,1
M,1,0,22,30/05/2018,SP,355030,São Paulo,,1,,2018,22,1
F,1,59,22,28/05/2018,SP,355030,São Paulo,,1,,2018,22,1
M,1,0,22,30/05/2018,SP,355030,São Paulo,,1,,2018,22,1
F,1,54,24,10/06/2018,SP,355030,São Paulo,,1,,2018,24,1
M,1,63,23,03/06/2018,SP,355030,São Paulo,,4,,2018,23,1
F,4,59,23,08/06/2018,SP,355030,São Paulo,,1,,2018,23,1
F,4,0,23,05/06/2018,SP,355030,São Paulo,,1,,2018,23,1
M,1,29,22,30/05/2018,SP,355030,São Paulo,,1,,2018,22,1
F,1,33,22,31/05/2018,SP,355030,São Paulo,,1,,2018,22,1
F,1,23,19,08/05/2018,SP,355030,São Paulo,,1,,2018,19,1
F,9,57,23,04/06/2018,SP,355030,São Paulo,,1,,2018,23,1
F,1,62,22,27/05/2018,SP,355030,São Paulo,,4,,2018,22,1
M,1,88,18,02/05/2018,SP,355030,São Paulo,,1,,2018,18,1
M,1,0,23,06/06/2018,SP,355030,São Paulo,,1,,2018,23,1
M,1,2,22,30/05/2018,SP,355030,São Paulo,,1,,2018,22,1
M,1,17,23,07/06/2018,SP,355030,São Paulo,,1,,2018,23,1
M,1,0,24,10/06/2018,SP,355030,São Paulo,,1,,2018,24,1
F,1,55,23,08/06/2018,SP,355030,São Paulo,,4,,2018,23,1
F,1,0,23,04/06/2018,SP,355030,São Paulo,,4,,2018,23,1
F,1,33,22,02/06/2018,SP,355030,São Paulo,,1,,2018,22,1
F,4,14,24,11/06/2018,SP,355030,São Paulo,,1,,2018,24,1
M,1,35,23,07/06/2018,SP,355030,São Paulo,,1,,2018,23,1
F,1,56,23,08/06/2018,SP,355030,São Paulo,,3,,2018,23,1
F,4,32,24,11/06/2018,SP,355030,São Paulo,,1,,2018,24,1
M,1,2,23,09/06/2018,SP,355030,São Paulo,,1,,2018,23,1
F,1,0,24,10/06/2018,SP,355030,São Paulo,,1,,2018,24,1
F,1,38,23,06/06/2018,SP,355030,São Paulo,,4,,2018,23,1
M,9,90,20,16/05/2018,SP,355030,São Paulo,,1,,2018,20,1
M,1,0,22,30/05/2018,SP,355030,São Paulo,,4,,2018,22,1
F,3,1,22,29/05/2018,SP,355030,São Paulo,,4,,2018,22,1
M,1,3,21,25/05/2018,SP,355030,São Paulo,,4,,2018,21,1
F,1,48,18,30/04/2018,SP,355030,São Paulo,,1,,2018,18,1
M,1,0,23,09/06/2018,SP,355030,São Paulo,,4,,2018,23,1
F,1,11,22,01/06/2018,SP,355030,São Paulo,,4,,2018,22,1
M,4,54,23,03/06/2018,SP,355030,São Paulo,,3,,2018,23,1
F,9,69,22,01/06/2018,SP,355030,São Paulo,,4,,2018,22,1
M,1,4,22,02/06/2018,SP,355030,São Paulo,,4,,2018,22,1
F,4,23,22,02/06/2018,SP,355030,São Paulo,,1,,2018,22,1
M,4,0,23,09/06/2018,SP,355030,São Paulo,,1,,2018,23,1
M,1,7,23,08/06/2018,SP,355030,São Paulo,,1,,2018,23,1
M,1,0,23,05/06/2018,SP,355030,São Paulo,,4,,2018,23,1
M,1,1,24,11/06/2018,SP,355030,São Paulo,,1,,2018,24,1
M,4,1,23,08/06/2018,SP,355030,São Paulo,,1,,2018,23,1
M,9,5,23,06/06/2018,SP,355030,São Paulo,,4,,2018,23,1
M,3,54,23,06/06/2018,SP,355030,São Paulo,,4,,2018,23,1
M,1,4,22,02/06/2018,SP,355030,São Paulo,,4,,2018,22,1
F,9,89,21,22/05/2018,SP,355030,São Paulo,,1,,2018,21,1
M,1,39,23,08/06/2018,SP,355030,São Paulo,,1,,2018,23,1
M,1,3,23,09/06/2018,SP,355030,São Paulo,,1,,2018,23,1
M,4,66,23,08/06/2018,SP,355030,São Paulo,,1,,2018,23,1
M,1,49,24,12/06/2018,SP,355030,São Paulo,,4,,2018,24,1
F,9,33,24,14/06/2018,SP,355030,São Paulo,,1,,2018,24,1
M,4,2,21,25/05/2018,SP,355030,São Paulo,,1,,2018,21,1
M,4,35,21,20/05/2018,SP,355030,São Paulo,,1,,2018,21,1
F,1,0,23,04/06/2018,SP,355030,São Paulo,,1,,2018,23,1
F,9,30,22,31/05/2018,SP,355030,São Paulo,,1,,2018,22,1
F,1,56,24,14/06/2018,SP,355030,São Paulo,,1,,2018,24,1
F,1,70,24,15/06/2018,SP,355030,São Paulo,,1,,2018,24,1
M,1,3,24,13/06/2018,SP,355030,São Paulo,,3,,2018,24,1
M,4,1,23,06/06/2018,SP,355030,São Paulo,,1,,2018,23,1
F,1,26,25,17/06/2018,SP,355030,São Paulo,,1,,2018,25,1
M,1,61,23,04/06/2018,SP,355030,São Paulo,,1,,2018,23,1
M,9,38,22,29/05/2018,SP,355030,São Paulo,,4,,2018,22,1
M,9,25,24,14/06/2018,SP,355030,São Paulo,,4,,2018,24,1
M,1,43,24,14/06/2018,SP,355030,São Paulo,,1,,2018,24,1
M,1,11,23,03/06/2018,SP,355030,São Paulo,,3,,2018,23,1
M,1,8,24,14/06/2018,SP,355030,São Paulo,,1,,2018,24,1
M,1,0,23,07/06/2018,SP,355030,São Paulo,,1,,2018,23,1
F,2,49,24,15/06/2018,SP,355030,São Paulo,,1,,2018,24,1
M,1,19,24,10/06/2018,SP,355030,São Paulo,,1,,2018,24,1
M,1,0,24,10/06/2018,SP,355030,São Paulo,,4,,2018,24,1
F,1,91,24,13/06/2018,SP,355030,São Paulo,,4,,2018,24,1
M,4,37,23,05/06/2018,SP,355030,São Paulo,,1,,2018,23,1
F,1,0,24,12/06/2018,SP,355030,São Paulo,,1,,2018,24,1
F,9,47,22,29/05/2018,SP,355030,São Paulo,,3,,2018,22,1
M,9,78,22,27/05/2018,SP,355030,São Paulo,,1,,2018,22,1
M,1,1,21,20/05/2018,SP,355030,São Paulo,,3,,2018,21,1
F,1,44,24,15/06/2018,SP,355030,São Paulo,,1,,2018,24,1
F,9,52,24,13/06/2018,SP,355030,São Paulo,,4,,2018,24,1
M,1,40,24,14/06/2018,SP,355030,São Paulo,,1,,2018,24,1
M,1,67,23,09/06/2018,SP,355030,São Paulo,,1,,2018,23,1
M,1,61,24,15/06/2018,SP,355030,São Paulo,,4,,2018,24,1
M,1,57,22,01/06/2018,SP,355030,São Paulo,,1,,2018,22,1
M,1,52,24,15/06/2018,SP,355030,São Paulo,,4,,2018,24,1
F,1,1,24,15/06/2018,SP,355030,São Paulo,,1,,2018,24,1
F,1,38,23,05/06/2018,SP,355030,São Paulo,,4,,2018,23,1
M,9,53,23,08/06/2018,SP,355030,São Paulo,,1,,2018,23,1
M,9,1,23,09/06/2018,SP,355030,São Paulo,,1,,2018,23,1
F,3,44,24,10/06/2018,SP,355030,São Paulo,,4,,2018,24,1
F,9,1,22,31/05/2018,SP,355030,São Paulo,,1,,2018,22,1
M,9,29,25,18/06/2018,SP,355030,São Paulo,,4,,2018,25,1
M,9,8,25,17/06/2018,SP,355030,São Paulo,,1,,2018,25,1
M,9,0,22,01/06/2018,SP,355030,São Paulo,,1,,2018,22,1
F,1,12,24,14/06/2018,SP,355030,São Paulo,,4,,2018,24,1
F,1,73,24,13/06/2018,SP,355030,São Paulo,,1,,2018,24,1
M,9,1,25,18/06/2018,SP,355030,São Paulo,,1,,2018,25,1
F,1,24,25,19/06/2018,SP,355030,São Paulo,,1,,2018,25,1
F,9,38,20,15/05/2018,SP,355030,São Paulo,,1,,2018,20,1
F,9,51,20,17/05/2018,SP,355030,São Paulo,,4,,2018,20,1
F,1,56,24,12/06/2018,SP,355030,São Paulo,,1,,2018,24,1
M,1,6,24,16/06/2018,SP,355030,São Paulo,,1,,2018,24,1
M,9,35,20,17/05/2018,SP,355030,São Paulo,,4,,2018,20,1
F,1,1,24,16/06/2018,SP,355030,São Paulo,,1,,2018,24,1
M,9,13,24,12/06/2018,SP,355030,São Paulo,,1,,2018,24,1
M,9,32,21,26/05/2018,SP,355030,São Paulo,,4,,2018,21,1
F,4,0,24,12/06/2018,SP,355030,São Paulo,,1,,2018,24,1
M,9,58,24,16/06/2018,SP,355030,São Paulo,,4,,2018,24,1
F,9,66,21,20/05/2018,SP,355030,São Paulo,,4,,2018,21,1
M,1,82,25,19/06/2018,SP,355030,São Paulo,,1,,2018,25,1
F,1,2,25,18/06/2018,SP,355030,São Paulo,,1,,2018,25,1
F,9,32,22,28/05/2018,SP,355030,São Paulo,,4,,2018,22,1
F,1,41,24,14/06/2018,SP,355030,São Paulo,,4,,2018,24,1
M,9,85,22,29/05/2018,SP,355030,São Paulo,,4,,2018,22,1
M,4,0,24,16/06/2018,SP,355030,São Paulo,,1,,2018,24,1
F,4,20,25,19/06/2018,SP,355030,São Paulo,,3,,2018,25,1
F,4,36,23,08/06/2018,SP,355030,São Paulo,,1,,2018,23,1
F,3,60,25,20/06/2018,SP,355030,São Paulo,,1,,2018,25,1
F,1,59,24,15/06/2018,SP,355030,São Paulo,,1,,2018,24,1
M,9,66,22,02/06/2018,SP,355030,São Paulo,,4,,2018,22,1
F,1,0,25,18/06/2018,SP,355030,São Paulo,,1,,2018,25,1
F,1,61,25,17/06/2018,SP,355030,São Paulo,,1,,2018,25,1
M,9,71,22,31/05/2018,SP,355030,São Paulo,,4,,2018,22,1
M,9,36,25,22/06/2018,SP,355030,São Paulo,,1,,2018,25,1
M,1,76,25,17/06/2018,SP,355030,São Paulo,,1,,2018,25,1
M,9,75,23,03/06/2018,SP,355030,São Paulo,,4,,2018,23,1
M,1,0,22,30/05/2018,SP,355030,São Paulo,,1,,2018,22,1
F,9,55,22,27/05/2018,SP,355030,São Paulo,,4,,2018,22,1
F,9,5,22,30/05/2018,SP,355030,São Paulo,,4,,2018,22,1
F,9,0,23,03/06/2018,SP,355030,São Paulo,,4,,2018,23,1
F,1,1,24,16/06/2018,SP,355030,São Paulo,,1,,2018,24,1
F,1,27,24,13/06/2018,SP,355030,São Paulo,,1,,2018,24,1
M,9,14,16,16/04/2018,SP,355030,São Paulo,,1,,2018,16,1
M,9,35,24,11/06/2018,SP,355030,São Paulo,,4,,2018,24,1
M,9,79,24,14/06/2018,SP,355030,São Paulo,,4,,2018,24,1
F,9,54,21,23/05/2018,SP,355030,São Paulo,,1,,2018,21,1
M,9,26,24,15/06/2018,SP,355030,São Paulo,,1,,2018,24,1
M,9,42,22,02/06/2018,SP,355030,São Paulo,,4,,2018,22,1
M,9,72,24,10/06/2018,SP,355030,São Paulo,,4,,2018,24,1
M,9,33,23,09/06/2018,SP,355030,São Paulo,,4,,2018,23,1
M,1,68,25,23/06/2018,SP,355030,São Paulo,,4,,2018,25,1
F,1,6,25,22/06/2018,SP,355030,São Paulo,,1,,2018,25,1
M,1,66,25,23/06/2018,SP,355030,São Paulo,,4,,2018,25,1
F,1,0,25,18/06/2018,SP,355030,São Paulo,,1,,2018,25,1
F,4,46,19,11/05/2018,SP,355030,São Paulo,,1,,2018,19,1
F,1,44,25,17/06/2018,SP,355030,São Paulo,,1,,2018,25,1
F,9,38,23,07/06/2018,SP,355030,São Paulo,,4,,2018,23,1
F,9,45,22,27/05/2018,SP,355030,São Paulo,,4,,2018,22,1
F,1,43,24,15/06/2018,SP,355030,São Paulo,,1,,2018,24,1
M,1,0,24,16/06/2018,SP,355030,São Paulo,,4,,2018,24,1
M,1,90,25,21/06/2018,SP,355030,São Paulo,,3,,2018,25,1
F,1,77,26,24/06/2018,SP,355030,São Paulo,,4,,2018,26,1
F,1,36,21,21/05/2018,SP,355030,São Paulo,,4,,2018,21,1
M,4,52,25,22/06/2018,SP,355030,São Paulo,,1,,2018,25,1
F,1,72,24,16/06/2018,SP,355030,São Paulo,,1,,2018,24,1
F,1,1,25,22/06/2018,SP,355030,São Paulo,,1,,2018,25,1
M,1,4,24,16/06/2018,SP,355030,São Paulo,,1,,2018,24,1
F,2,6,25,17/06/2018,SP,355030,São Paulo,,1,,2018,25,1
M,1,2,24,12/06/2018,SP,355030,São Paulo,,4,,2018,24,1
M,1,65,24,16/06/2018,SP,355030,São Paulo,,1,,2018,24,1
F,2,24,25,21/06/2018,SP,355030,São Paulo,,1,,2018,25,1
F,1,54,21,24/05/2018,SP,355030,São Paulo,,1,,2018,21,1
F,1,33,25,18/06/2018,SP,355030,São Paulo,,1,,2018,25,1
M,1,5,20,19/05/2018,SP,355030,São Paulo,,3,,2018,20,1
F,4,9,19,12/05/2018,SP,355030,São Paulo,,4,,2018,19,1
M,4,0,22,30/05/2018,SP,355030,São Paulo,,1,,2018,22,1
M,1,5,20,17/05/2018,SP,355030,São Paulo,,1,,2018,20,1
F,1,30,25,23/06/2018,SP,355030,São Paulo,,1,,2018,25,1
M,9,1,25,21/06/2018,SP,355030,São Paulo,,1,,2018,25,1
M,1,0,23,09/06/2018,SP,355030,São Paulo,,4,,2018,23,1
M,1,56,26,24/06/2018,SP,355030,São Paulo,,4,,2018,26,1
F,1,83,18,01/05/2018,SP,355030,São Paulo,,3,,2018,18,1
F,9,74,25,23/06/2018,SP,355030,São Paulo,,4,,2018,25,1
M,9,79,24,15/06/2018,SP,355030,São Paulo,,4,,2018,24,1
M,9,36,25,18/06/2018,SP,355030,São Paulo,,1,,2018,25,1
M,4,6,26,24/06/2018,SP,355030,São Paulo,,3,,2018,26,1
M,1,0,26,26/06/2018,SP,355030,São Paulo,,1,,2018,26,1
F,1,4,21,20/05/2018,SP,355030,São Paulo,,3,,2018,21,1
M,2,73,25,21/06/2018,SP,355030,São Paulo,,3,,2018,25,1
M,1,1,26,25/06/2018,SP,355030,São Paulo,,1,,2018,26,1
M,9,74,24,16/06/2018,SP,355030,São Paulo,,4,,2018,24,1
M,9,0,22,02/06/2018,SP,355030,São Paulo,,4,,2018,22,1
F,1,50,25,19/06/2018,SP,355030,São Paulo,,4,,2018,25,1
M,1,8,25,17/06/2018,SP,355030,São Paulo,,4,,2018,25,1
F,9,13,25,23/06/2018,SP,355030,São Paulo,,4,,2018,25,1
M,9,33,25,17/06/2018,SP,355030,São Paulo,,4,,2018,25,1
M,1,0,26,25/06/2018,SP,355030,São Paulo,,3,,2018,26,1
F,4,35,22,01/06/2018,SP,355030,São Paulo,,1,,2018,22,1
F,1,59,25,17/06/2018,SP,355030,São Paulo,,4,,2018,25,1
F,1,66,24,11/06/2018,SP,355030,São Paulo,,1,,2018,24,1
M,4,27,21,21/05/2018,SP,355030,São Paulo,,1,,2018,21,1
F,4,50,25,19/06/2018,SP,355030,São Paulo,,1,,2018,25,1
M,9,7,25,22/06/2018,SP,355030,São Paulo,,4,,2018,25,1
F,1,58,23,03/06/2018,SP,355030,São Paulo,,4,,2018,23,1
M,1,64,26,24/06/2018,SP,355030,São Paulo,,4,,2018,26,1
F,1,8,23,09/06/2018,SP,355030,São Paulo,,1,,2018,23,1
F,1,63,22,31/05/2018,SP,355030,São Paulo,,1,,2018,22,1
M,1,14,23,05/06/2018,SP,355030,São Paulo,,1,,2018,23,1
F,1,63,22,29/05/2018,SP,355030,São Paulo,,4,,2018,22,1
F,1,42,21,25/05/2018,SP,355030,São Paulo,,1,,2018,21,1
F,1,59,24,15/06/2018,SP,355030,São Paulo,,1,,2018,24,1
M,1,0,25,21/06/2018,SP,355030,São Paulo,,1,,2018,25,1
F,1,44,26,26/06/2018,SP,355030,São Paulo,,1,,2018,26,1
M,1,73,25,23/06/2018,SP,355030,São Paulo,,4,,2018,25,1
M,9,60,25,18/06/2018,SP,355030,São Paulo,,4,,2018,25,1
M,1,23,19,08/05/2018,SP,355030,São Paulo,,4,,2018,19,1
M,1,77,19,10/05/2018,SP,355030,São Paulo,,4,,2018,19,1
M,9,84,25,20/06/2018,SP,355030,São Paulo,,3,,2018,25,1
F,1,79,20,19/05/2018,SP,355030,São Paulo,,3,,2018,20,1
M,1,29,25,21/06/2018,SP,355030,São Paulo,,1,,2018,25,1
F,4,6,25,21/06/2018,SP,355030,São Paulo,,1,,2018,25,1
F,1,94,25,21/06/2018,SP,355030,São Paulo,,1,,2018,25,1
M,1,0,25,21/06/2018,SP,355030,São Paulo,,3,,2018,25,1
F,1,32,26,25/06/2018,SP,355030,São Paulo,,1,,2018,26,1
M,4,57,22,31/05/2018,SP,355030,São Paulo,,1,,2018,22,1
M,2,11,26,25/06/2018,SP,355030,São Paulo,,1,,2018,26,1
F,9,16,24,15/06/2018,SP,355030,São Paulo,,4,,2018,24,1
F,1,56,26,24/06/2018,SP,355030,São Paulo,,1,,2018,26,1
M,1,76,24,13/06/2018,SP,355030,São Paulo,,1,,2018,24,1
M,1,74,24,11/06/2018,SP,355030,São Paulo,,3,,2018,24,1
M,9,57,24,13/06/2018,SP,355030,São Paulo,,4,,2018,24,1
M,9,50,23,05/06/2018,SP,355030,São Paulo,,3,,2018,23,1
F,9,70,23,03/06/2018,SP,355030,São Paulo,,1,,2018,23,1
F,9,78,25,20/06/2018,SP,355030,São Paulo,,4,,2018,25,1
F,1,0,24,14/06/2018,SP,355030,São Paulo,,1,,2018,24,1
M,1,1,24,16/06/2018,SP,355030,São Paulo,,1,,2018,24,1
M,1,59,25,22/06/2018,SP,355030,São Paulo,,1,,2018,25,1
M,1,33,24,16/06/2018,SP,355030,São Paulo,,3,,2018,24,1
F,1,36,25,20/06/2018,SP,355030,São Paulo,,1,,2018,25,1
F,9,38,26,28/06/2018,SP,355030,São Paulo,,4,,2018,26,1
M,1,0,24,13/06/2018,SP,355030,São Paulo,,1,,2018,24,1
F,1,9,24,11/06/2018,SP,355030,São Paulo,,1,,2018,24,1
F,1,0,24,11/06/2018,SP,355030,São Paulo,,1,,2018,24,1
F,9,86,24,12/06/2018,SP,355030,São Paulo,,1,,2018,24,1
F,9,48,24,11/06/2018,SP,355030,São Paulo,,1,,2018,24,1
M,4,0,19,08/05/2018,SP,355030,São Paulo,,3,,2018,19,1
M,1,0,18,03/05/2018,SP,355030,São Paulo,,4,,2018,18,1
F,1,6,21,25/05/2018,SP,355030,São Paulo,,4,,2018,21,1
M,1,57,24,11/06/2018,SP,355030,São Paulo,,4,,2018,24,1
F,4,81,18,05/05/2018,SP,355030,São Paulo,,3,,2018,18,1
F,4,21,20,18/05/2018,SP,355030,São Paulo,,1,,2018,20,1
F,1,52,19,10/05/2018,SP,355030,São Paulo,,1,,2018,19,1
F,1,60,25,22/06/2018,SP,355030,São Paulo,,1,,2018,25,1
M,1,59,24,12/06/2018,SP,355030,São Paulo,,1,,2018,24,1
F,1,4,9,25/02/2018,SP,355030,São Paulo,,1,,2018,9,1
F,4,31,21,22/05/2018,SP,355030,São Paulo,,1,,2018,21,1
M,1,33,26,25/06/2018,SP,355030,São Paulo,,1,,2018,26,1
M,9,71,26,26/06/2018,SP,355030,São Paulo,,4,,2018,26,1
M,9,0,26,24/06/2018,SP,355030,São Paulo,,1,,2018,26,1
M,1,0,25,22/06/2018,SP,355030,São Paulo,,1,,2018,25,1
M,4,25,26,25/06/2018,SP,355030,São Paulo,,3,,2018,26,1
M,,18,22,27/05/2018,SP,355030,São Paulo,,4,,2018,22,1
M,9,8,24,16/06/2018,SP,355030,São Paulo,,1,,2018,24,1
M,9,9,26,27/06/2018,SP,355030,São Paulo,,1,,2018,26,1
F,1,36,26,30/06/2018,SP,355030,São Paulo,,1,,2018,26,1
M,4,83,26,29/06/2018,SP,355030,São Paulo,,3,,2018,26,1
F,1,29,27,02/07/2018,SP,355030,São Paulo,,1,,2018,27,1
F,1,89,24,16/06/2018,SP,355030,São Paulo,,1,,2018,24,1
M,1,56,22,01/06/2018,SP,355030,São Paulo,,1,,2018,22,1
F,2,70,26,25/06/2018,SP,355030,São Paulo,,1,,2018,26,1
M,1,10,22,28/05/2018,SP,355030,São Paulo,,4,,2018,22,1
F,1,1,26,30/06/2018,SP,355030,São Paulo,,1,,2018,26,1
M,3,66,26,30/06/2018,SP,355030,São Paulo,,1,,2018,26,1
M,4,66,27,01/07/2018,SP,355030,São Paulo,,1,,2018,27,1
F,1,60,25,19/06/2018,SP,355030,São Paulo,,1,,2018,25,1
F,1,72,26,30/06/2018,SP,355030,São Paulo,,1,,2018,26,1
F,4,0,25,20/06/2018,SP,355030,São Paulo,,1,,2018,25,1
F,4,0,25,21/06/2018,SP,355030,São Paulo,,1,,2018,25,1
F,4,30,26,24/06/2018,SP,355030,São Paulo,,4,,2018,26,1
M,9,1,26,24/06/2018,SP,355030,São Paulo,,4,,2018,26,1
M,1,53,26,28/06/2018,SP,355030,São Paulo,,1,,2018,26,1
M,1,70,26,28/06/2018,SP,355030,São Paulo,,1,,2018,26,1
F,9,56,24,13/06/2018,SP,355030,São Paulo,,1,,2018,24,1
F,1,0,26,30/06/2018,SP,355030,São Paulo,,4,,2018,26,1
M,1,2,13,29/03/2018,SP,355030,São Paulo,,4,,2018,13,1
M,9,36,9,26/02/2018,SP,355030,São Paulo,,4,,2018,9,1
M,1,8,21,24/05/2018,SP,355030,São Paulo,,4,,2018,21,1
M,9,2,19,09/05/2018,SP,355030,São Paulo,,4,,2018,19,1
M,9,3,26,26/06/2018,SP,355030,São Paulo,,1,,2018,26,1
M,9,0,25,19/06/2018,SP,355030,São Paulo,,4,,2018,25,1
F,1,8,21,21/05/2018,SP,355030,São Paulo,,4,,2018,21,1
F,1,82,26,30/06/2018,SP,355030,São Paulo,,3,,2018,26,1
M,1,58,26,30/06/2018,SP,355030,São Paulo,,1,,2018,26,1
F,9,1,25,19/06/2018,SP,355030,São Paulo,,4,,2018,25,1
M,9,70,26,26/06/2018,SP,355030,São Paulo,,1,,2018,26,1
F,4,1,26,27/06/2018,SP,355030,São Paulo,,4,,2018,26,1
F,9,59,26,26/06/2018,SP,355030,São Paulo,,1,,2018,26,1
F,9,77,26,30/06/2018,SP,355030,São Paulo,,4,,2018,26,1
F,1,7,27,04/07/2018,SP,355030,São Paulo,,1,,2018,27,1
F,4,1,27,04/07/2018,SP,355030,São Paulo,,1,,2018,27,1
F,1,1,27,06/07/2018,SP,355030,São Paulo,,1,,2018,27,1
M,9,1,27,07/07/2018,SP,355030,São Paulo,,4,,2018,27,1
M,1,6,27,05/07/2018,SP,355030,São Paulo,,1,,2018,27,1
F,4,44,27,01/07/2018,SP,355030,São Paulo,,1,,2018,27,1
M,1,0,26,30/06/2018,SP,355030,São Paulo,,4,,2018,26,1
M,1,1,26,24/06/2018,SP,355030,São Paulo,,4,,2018,26,1
M,1,9,23,06/06/2018,SP,355030,São Paulo,,3,,2018,23,1
F,4,1,23,09/06/2018,SP,355030,São Paulo,,4,,2018,23,1
M,1,49,26,30/06/2018,SP,355030,São Paulo,,1,,2018,26,1
M,4,5,22,27/05/2018,SP,355030,São Paulo,,4,,2018,22,1
F,9,59,25,17/06/2018,SP,355030,São Paulo,,1,,2018,25,1
M,1,37,27,01/07/2018,SP,355030,São Paulo,,1,,2018,27,1
F,1,0,24,11/06/2018,SP,355030,São Paulo,,1,,2018,24,1
M,1,48,28,09/07/2018,SP,355030,São Paulo,,4,,2018,28,1
F,1,77,26,29/06/2018,SP,355030,São Paulo,,3,,2018,26,1
F,1,36,26,29/06/2018,SP,355030,São Paulo,,1,,2018,26,1
M,9,49,8,23/02/2018,SP,355030,São Paulo,,4,,2018,8,1
F,1,81,22,27/05/2018,SP,355030,São Paulo,,4,,2018,22,1
F,1,51,21,23/05/2018,SP,355030,São Paulo,,4,,2018,21,1
F,1,67,26,29/06/2018,SP,355030,São Paulo,,1,,2018,26,1
M,9,77,27,02/07/2018,SP,355030,São Paulo,,1,,2018,27,1
F,1,47,26,26/06/2018,SP,355030,São Paulo,,1,,2018,26,1
M,1,52,26,30/06/2018,SP,355030,São Paulo,,1,,2018,26,1
M,9,86,22,02/06/2018,SP,355030,São Paulo,,1,,2018,22,1
F,9,47,27,01/07/2018,SP,355030,São Paulo,,4,,2018,27,1
M,9,48,25,20/06/2018,SP,355030,São Paulo,,1,,2018,25,1
M,9,90,28,10/07/2018,SP,355030,São Paulo,,1,,2018,28,1
F,1,56,25,18/06/2018,SP,355030,São Paulo,,4,,2018,25,1
M,9,0,25,17/06/2018,SP,355030,São Paulo,,4,,2018,25,1
M,2,0,21,21/05/2018,SP,355030,São Paulo,,4,,2018,21,1
F,9,31,27,05/07/2018,SP,355030,São Paulo,,1,,2018,27,1
F,1,58,28,09/07/2018,SP,355030,São Paulo,,4,,2018,28,1
M,3,80,27,06/07/2018,SP,355030,São Paulo,,4,,2018,27,1
M,1,1,27,07/07/2018,SP,355030,São Paulo,,4,,2018,27,1
M,9,0,28,13/07/2018,SP,355030,São Paulo,,1,,2018,28,1
F,9,84,24,15/06/2018,SP,355030,São Paulo,,1,,2018,24,1
F,9,52,24,11/06/2018,SP,355030,São Paulo,,1,,2018,24,1
F,1,73,26,29/06/2018,SP,355030,São Paulo,,3,,2018,26,1
F,1,24,26,28/06/2018,SP,355030,São Paulo,,1,,2018,26,1
M,4,64,28,14/07/2018,SP,355030,São Paulo,,4,,2018,28,1
M,4,1,26,30/06/2018,SP,355030,São Paulo,,1,,2018,26,1
M,1,0,29,15/07/2018,SP,355030,São Paulo,,3,,2018,29,1
M,1,76,22,01/06/2018,SP,355030,São Paulo,,1,,2018,22,1
M,1,72,28,08/07/2018,SP,355030,São Paulo,,4,,2018,28,1
M,1,61,29,15/07/2018,SP,355030,São Paulo,,3,,2018,29,1
M,1,41,28,14/07/2018,SP,355030,São Paulo,,1,,2018,28,1
F,2,1,29,17/07/2018,SP,355030,São Paulo,,4,,2018,29,1
F,1,76,28,14/07/2018,SP,355030,São Paulo,,1,,2018,28,1
F,1,0,28,11/07/2018,SP,355030,São Paulo,,3,,2018,28,1
M,1,0,28,09/07/2018,SP,355030,São Paulo,,4,,2018,28,1
F,2,33,27,03/07/2018,SP,355030,São Paulo,,1,,2018,27,1
F,1,44,28,13/07/2018,SP,355030,São Paulo,,4,,2018,28,1
M,1,31,29,16/07/2018,SP,355030,São Paulo,,1,,2018,29,1
M,1,45,29,20/07/2018,SP,355030,São Paulo,,3,,2018,29,1
M,9,74,28,14/07/2018,SP,355030,São Paulo,,3,,2018,28,1
F,4,29,28,12/07/2018,SP,355030,São Paulo,,1,,2018,28,1
F,4,1,29,18/07/2018,SP,355030,São Paulo,,1,,2018,29,1
M,1,6,29,19/07/2018,SP,355030,São Paulo,,1,,2018,29,1
F,1,1,27,07/07/2018,SP,355030,São Paulo,,4,,2018,27,1
M,9,0,24,12/06/2018,SP,355030,São Paulo,,1,,2018,24,1
M,9,53,25,17/06/2018,SP,355030,São Paulo,,1,,2018,25,1
F,9,55,28,10/07/2018,SP,355030,São Paulo,,1,,2018,28,1
M,2,32,26,26/06/2018,SP,355030,São Paulo,,3,,2018,26,1
M,1,60,25,21/06/2018,SP,355030,São Paulo,,1,,2018,25,1
M,9,42,24,11/06/2018,SP,355030,São Paulo,,1,,2018,24,1
M,9,38,28,10/07/2018,SP,355030,São Paulo,,4,,2018,28,1
M,1,58,29,17/07/2018,SP,355030,São Paulo,,1,,2018,29,1
M,1,39,29,15/07/2018,SP,355030,São Paulo,,1,,2018,29,1
F,1,55,29,16/07/2018,SP,355030,São Paulo,,1,,2018,29,1
M,1,50,22,01/06/2018,SP,355030,São Paulo,,1,,2018,22,1
F,1,86,29,21/07/2018,SP,355030,São Paulo,,3,,2018,29,1
F,1,7,16,21/04/2018,SP,355030,São Paulo,,4,,2018,16,1
F,1,66,22,01/06/2018,SP,355030,São Paulo,,1,,2018,22,1
M,4,0,27,06/07/2018,SP,355030,São Paulo,,1,,2018,27,1
M,4,45,29,21/07/2018,SP,355030,São Paulo,,1,,2018,29,1
M,9,51,28,10/07/2018,SP,355030,São Paulo,,4,,2018,28,1
M,9,55,24,14/06/2018,SP,355030,São Paulo,,1,,2018,24,1
M,9,0,27,04/07/2018,SP,355030,São Paulo,,3,,2018,27,1
M,1,60,30,25/07/2018,SP,355030,São Paulo,,1,,2018,30,1
M,1,81,29,20/07/2018,SP,355030,São Paulo,,1,,2018,29,1
M,4,0,31,04/08/2018,SP,355030,São Paulo,,1,,2018,31,1
F,1,32,31,30/07/2018,SP,355030,São Paulo,,1,,2018,31,1
F,9,91,27,07/07/2018,SP,355030,São Paulo,,3,,2018,27,1
M,3,68,31,29/07/2018,SP,355030,São Paulo,,4,,2018,31,1
F,1,0,31,30/07/2018,SP,355030,São Paulo,,1,,2018,31,1
M,1,1,32,09/08/2018,SP,355030,São Paulo,,4,,2018,32,1
F,9,89,33,12/08/2018,SP,355030,São Paulo,,1,,2018,33,1
F,9,0,33,17/08/2018,SP,355030,São Paulo,,1,,2018,33,1
F,1,59,32,08/08/2018,SP,355030,São Paulo,,4,,2018,32,1
F,9,6,33,13/08/2018,SP,355030,São Paulo,,1,,2018,33,1
F,,59,33,15/08/2018,SP,355030,São Paulo,,3,,2018,33,1
M,1,0,34,24/08/2018,SP,355030,São Paulo,,3,,2018,34,1
M,4,7,26,30/06/2018,SP,355030,São Paulo,,1,,2018,26,1
M,1,55,30,22/07/2018,SP,355030,São Paulo,,1,,2018,30,1
M,4,46,27,01/07/2018,SP,355030,São Paulo,,1,,2018,27,1
M,1,13,31,30/07/2018,SP,355030,São Paulo,,1,,2018,31,1
M,1,6,28,08/07/2018,SP,355030,São Paulo,,1,,2018,28,1
F,4,44,26,29/06/2018,SP,355030,São Paulo,,1,,2018,26,1
F,1,0,22,29/05/2018,SP,355030,São Paulo,,3,,2018,22,1
M,9,2,23,06/06/2018,SP,355030,São Paulo,,4,,2018,23,1
F,1,3,20,13/05/2018,SP,355030,São Paulo,,3,,2018,20,1
M,9,1,37,09/09/2018,SP,355030,São Paulo,,4,,2018,37,1
F,1,36,34,25/08/2018,SP,355030,São Paulo,,4,,2018,34,1
F,9,63,37,14/09/2018,SP,355030,São Paulo,,1,,2018,37,1
M,9,50,37,13/09/2018,SP,355030,São Paulo,,4,,2018,37,1
F,9,62,39,29/09/2018,SP,355030,São Paulo,,3,,2018,39,1
M,9,37,43,23/10/2018,SP,355030,São Paulo,,1,,2018,43,1
M,1,3,43,26/10/2018,SP,355030,São Paulo,,4,,2018,43,1
M,1,65,46,12/11/2018,SP,355030,São Paulo,,3,,2018,46,1
F,9,86,47,18/11/2018,SP,355030,São Paulo,,3,,2018,47,1
F,9,39,45,04/11/2018,SP,355030,São Paulo,,4,,2018,45,1
F,1,27,49,02/12/2018,SP,355030,São Paulo,,3,,2018,49,1
M,1,47,47,20/11/2018,SP,355030,São Paulo,,4,,2018,47,1
F,9,0,44,02/11/2018,SP,355030,São Paulo,,4,,2018,44,1
M,1,7,46,11/11/2018,SP,355030,São Paulo,,4,,2018,46,1
M,4,1,23,06/06/2018,SP,355030,São Paulo,,1,,2018,23,1
M,1,15,22,01/06/2018,SP,355030,São Paulo,,1,,2018,22,1
M,4,23,32,07/08/2018,SP,355030,São Paulo,,3,,2018,32,1
F,1,27,35,31/08/2019,SP,355030,SAO PAULO,1,3,,2019,35,1
M,4,8,23,07/06/2019,SP,355030,SAO PAULO,1,3,,2019,23,1
F,1,1,27,30/06/2019,SP,355030,SAO PAULO,1,2,,2019,27,1
M,1,2,34,19/08/2019,SP,355030,SAO PAULO,1,1,,2019,34,1
M,1,84,21,20/05/2019,SP,355030,SAO PAULO,1,,,2019,21,0
F,9,1,20,16/05/2019,SP,355030,SAO PAULO,1,3,,2019,20,1
M,1,70,18,02/05/2019,SP,355030,SAO PAULO,1,1,,2019,18,1
M,4,1,20,12/05/2019,SP,355030,SAO PAULO,1,1,,2019,20,1
F,9,40,40,01/10/2019,SP,355030,SAO PAULO,1,,,2019,40,0
M,2,30,27,03/07/2019,SP,355030,SAO PAULO,1,1,,2019,27,1
M,1,17,19,11/05/2019,SP,355030,SAO PAULO,1,3,,2019,19,1
F,9,73,16,20/04/2019,SP,355030,SAO PAULO,1,3,,2019,16,1
M,1,98,17,21/04/2019,SP,355030,SAO PAULO,1,,,2019,17,0
F,9,41,20,13/05/2019,SP,355030,SAO PAULO,1,,,2019,20,0
F,4,58,20,13/05/2019,SP,355030,SAO PAULO,1,1,,2019,20,1
M,1,13,24,14/06/2019,SP,355030,SAO PAULO,1,1,,2019,24,1
F,9,74,21,25/05/2019,SP,355030,SAO PAULO,1,,,2019,21,0
F,2,60,26,25/06/2019,SP,355030,SAO PAULO,1,1,,2019,26,1
F,4,36,24,10/06/2019,SP,355030,SAO PAULO,1,,,2019,24,0
M,9,6,23,08/06/2019,SP,355030,SAO PAULO,1,1,,2019,23,1
F,1,1,24,10/06/2019,SP,355030,SAO PAULO,1,,,2019,24,0
F,3,44,22,29/05/2019,SP,355030,SAO PAULO,1,3,,2019,22,1
M,4,5,29,15/07/2019,SP,355030,SAO PAULO,1,,,2019,29,0
M,9,45,12,21/03/2019,SP,355030,SAO PAULO,1,,,2019,12,0
M,9,39,24,15/06/2019,SP,355030,SAO PAULO,1,,,2019,24,0
M,1,13,25,18/06/2019,SP,355030,SAO PAULO,1,,,2019,25,0
M,4,1,23,02/06/2019,SP,355030,SAO PAULO,1,2,,2019,23,1
F,1,54,22,01/06/2019,SP,355030,SAO PAULO,1,1,,2019,22,1
F,4,5,17,25/04/2019,SP,355030,SAO PAULO,1,2,,2019,17,1
M,9,84,39,26/09/2019,SP,355030,SAO PAULO,1,2,,2019,39,1
F,4,37,26,26/06/2019,SP,355030,SAO PAULO,1,1,,2019,26,1
M,1,61,22,01/06/2019,SP,355030,SAO PAULO,1,3,,2019,22,1
F,1,63,22,31/05/2019,SP,355030,SAO PAULO,1,3,,2019,22,1
F,1,1,27,01/07/2019,SP,355030,SAO PAULO,1,,,2019,27,0
M,9,53,23,04/06/2019,SP,355030,SAO PAULO,1,,,2019,23,0
F,,4,13,27/03/2019,SP,355030,SAO PAULO,1,,,2019,13,0
M,9,23,20,16/05/2019,SP,355030,SAO PAULO,1,,,2019,20,0
F,1,44,21,25/05/2019,SP,355030,SAO PAULO,1,2,,2019,21,1
F,9,44,24,13/06/2019,SP,355030,SAO PAULO,1,1,,2019,24,1
M,1,7,20,18/05/2019,SP,355030,SAO PAULO,1,1,,2019,20,1
M,9,5,27,01/07/2019,SP,355030,SAO PAULO,1,1,,2019,27,1
F,9,91,29,14/07/2019,SP,355030,SAO PAULO,1,,,2019,29,0
M,,6,24,09/06/2019,SP,355030,SAO PAULO,1,1,,2019,24,1
M,9,2,27,04/07/2019,SP,355030,SAO PAULO,1,3,,2019,27,1
F,9,66,17,24/04/2019,SP,355030,SAO PAULO,1,6,INFLUENZA A SAZONAL/H3,2019,17,1
F,1,79,35,27/08/2019,SP,355030,SAO PAULO,1,2,,2019,35,1
F,9,70,21,23/05/2019,SP,355030,SAO PAULO,1,,,2019,21,0
F,1,47,12,23/03/2019,SP,355030,SAO PAULO,1,3,,2019,12,1
F,4,50,21,21/05/2019,SP,355030,SAO PAULO,1,2,,2019,21,1
F,4,10,17,25/04/2019,SP,355030,SAO PAULO,1,1,,2019,17,1
F,9,91,19,09/05/2019,SP,355030,SAO PAULO,1,1,,2019,19,1
M,9,3,16,19/04/2019,SP,355030,SAO PAULO,1,,,2019,16,0
M,3,97,19,07/05/2019,SP,355030,SAO PAULO,1,3,,2019,19,1
M,1,37,25,16/06/2019,SP,355030,SAO PAULO,1,,,2019,25,0
F,9,37,21,24/05/2019,SP,355030,SAO PAULO,1,,,2019,21,0
M,,1,23,08/06/2019,SP,355030,SAO PAULO,1,2,,2019,23,1
F,1,6,22,27/05/2019,SP,355030,SAO PAULO,,1,,2019,22,1
F,1,15,32,04/08/2019,SP,355030,SAO PAULO,1,1,,2019,32,1
F,9,98,23,08/06/2019,SP,355030,SAO PAULO,1,3,,2019,23,1
F,1,31,12,23/03/2019,SP,355030,SAO PAULO,1,1,,2019,12,1
F,1,37,17,22/04/2019,SP,355030,SAO PAULO,1,,,2019,17,0
F,1,58,21,23/05/2019,SP,355030,SAO PAULO,1,1,,2019,21,1
M,9,58,25,22/06/2019,SP,355030,SAO PAULO,1,1,,2019,25,1
F,1,80,20,13/05/2019,SP,355030,SAO PAULO,1,,,2019,20,0
F,1,59,1,01/01/2019,SP,355030,SAO PAULO,1,3,,2019,1,1
F,9,101,34,22/08/2019,SP,355030,SAO PAULO,1,2,,2019,34,1
F,9,68,22,01/06/2019,SP,355030,SAO PAULO,1,2,,2019,22,1
F,1,52,22,31/05/2019,SP,355030,SAO PAULO,1,1,,2019,22,1
M,1,68,30,24/07/2019,SP,355030,SAO PAULO,1,1,,2019,30,1
F,9,59,24,11/06/2019,SP,355030,SAO PAULO,1,,,2019,24,0
M,1,43,16,15/04/2019,SP,355030,SAO PAULO,1,1,,2019,16,1
F,1,10,19,11/05/2019,SP,355030,SAO PAULO,1,1,,2019,19,1
M,1,6,14,04/04/2019,SP,355030,SAO PAULO,1,3,,2019,14,1
M,9,32,22,29/05/2019,SP,355030,SAO PAULO,1,,,2019,22,0
F,1,82,26,25/06/2019,SP,355030,SAO PAULO,1,,,2019,26,0
F,1,16,23,04/06/2019,SP,355030,SAO PAULO,1,2,,2019,23,1
F,9,37,41,12/10/2019,SP,355030,SAO PAULO,1,1,,2019,41,1
M,1,10,27,04/07/2019,SP,355030,SAO PAULO,1,,,2019,27,0
F,1,5,21,24/05/2019,SP,355030,SAO PAULO,1,3,,2019,21,1
F,3,64,27,01/07/2019,SP,355030,SAO PAULO,1,2,,2019,27,1
M,1,92,31,02/08/2019,SP,355030,SAO PAULO,1,2,,2019,31,1
F,9,71,23,05/06/2019,SP,355030,SAO PAULO,1,,,2019,23,0
M,1,83,22,26/05/2019,SP,355030,SAO PAULO,1,,,2019,22,0
M,,8,41,11/10/2019,SP,355030,SAO PAULO,1,1,,2019,41,1
F,9,9,23,07/06/2019,SP,355030,SAO PAULO,1,1,,2019,23,1
F,1,85,25,17/06/2019,SP,355030,SAO PAULO,1,2,,2019,25,1
F,1,23,18,04/05/2019,SP,355030,SAO PAULO,1,2,,2019,18,1
F,4,10,26,23/06/2019,SP,355030,SAO PAULO,1,1,,2019,26,1
F,1,75,40,03/10/2019,SP,355030,SAO PAULO,1,1,,2019,40,1
M,1,4,25,21/06/2019,SP,355030,SAO PAULO,1,2,,2019,25,1
F,1,1,19,06/05/2019,SP,355030,SAO PAULO,1,,,2019,19,0
M,4,7,16,19/04/2019,SP,355030,SAO PAULO,1,,,2019,16,0
M,4,4,46,12/11/2019,SP,355030,SAO PAULO,1,1,,2019,46,1
F,9,23,29,17/07/2019,SP,355030,SAO PAULO,1,,,2019,29,0
M,1,2,45,05/11/2019,SP,355030,SAO PAULO,1,2,,2019,45,1
M,9,76,32,09/08/2019,SP,355030,SAO PAULO,1,,,2019,32,0
M,2,61,18,01/05/2019,SP,355030,SAO PAULO,1,3,,2019,18,1
F,9,26,22,01/06/2019,SP,355030,SAO PAULO,1,3,,2019,22,1
M,4,68,20,18/05/2019,SP,355030,SAO PAULO,1,2,,2019,20,1
M,1,26,27,30/06/2019,SP,355030,SAO PAULO,1,2,,2019,27,1
F,4,48,24,13/06/2019,SP,355030,SAO PAULO,1,,,2019,24,0
M,1,32,26,23/06/2019,SP,355030,SAO PAULO,1,,,2019,26,0
M,1,11,12,22/03/2019,SP,355030,SAO PAULO,1,1,,2019,12,1
M,5,10,19,10/05/2019,SP,355030,SAO PAULO,1,3,,2019,19,1
F,1,2,24,15/06/2019,SP,355030,SAO PAULO,1,,,2019,24,0
M,9,76,27,01/07/2019,SP,355030,SAO PAULO,1,,,2019,27,0
M,1,61,31,02/08/2019,SP,355030,SAO PAULO,1,3,,2019,31,1
M,,35,52,22/12/2019,SP,355030,SAO PAULO,1,1,,2019,52,1
F,9,11,16,16/04/2019,SP,355030,SAO PAULO,1,3,,2019,16,1
M,9,73,25,20/06/2019,SP,355030,SAO PAULO,,,,2019,25,0
F,4,74,27,01/07/2019,SP,355030,SAO PAULO,1,2,,2019,27,1
F,1,40,25,19/06/2019,SP,355030,SAO PAULO,1,,,2019,25,0
F,1,35,38,20/09/2019,SP,355030,SAO PAULO,1,1,,2019,38,1
M,1,82,24,15/06/2019,SP,355030,SAO PAULO,1,1,,2019,24,1
F,1,60,14,04/04/2019,SP,355030,SAO PAULO,1,3,,2019,14,1
M,1,86,22,28/05/2019,SP,355030,SAO PAULO,1,3,,2019,22,1
F,1,2,50,10/12/2019,SP,355030,SAO PAULO,1,1,,2019,50,1
M,9,88,23,04/06/2019,SP,355030,SAO PAULO,1,,,2019,23,0
F,1,8,25,16/06/2019,SP,355030,SAO PAULO,1,3,,2019,25,1
M,1,64,22,27/05/2019,SP,355030,SAO PAULO,1,2,,2019,22,1
M,1,29,24,11/06/2019,SP,355030,SAO PAULO,1,1,,2019,24,1
F,1,61,22,28/05/2019,SP,355030,SAO PAULO,1,,,2019,22,0
F,1,66,15,08/04/2019,SP,355030,SAO PAULO,1,1,,2019,15,1
M,1,39,19,09/05/2019,SP,355030,SAO PAULO,1,3,,2019,19,1
M,1,84,31,02/08/2019,SP,355030,SAO PAULO,1,2,,2019,31,1
F,,15,24,12/06/2019,SP,355030,SAO PAULO,1,3,,2019,24,1
M,1,7,17,21/04/2019,SP,355030,SAO PAULO,1,1,,2019,17,1
F,3,91,52,27/12/2019,SP,355030,SAO PAULO,1,1,,2019,52,1
F,4,23,23,05/06/2019,SP,355030,SAO PAULO,1,2,,2019,23,1
F,1,81,17,25/04/2019,SP,355030,SAO PAULO,1,2,,2019,17,1
M,1,84,24,10/06/2019,SP,355030,SAO PAULO,1,3,,2019,24,1
F,4,62,30,23/07/2019,SP,355030,SAO PAULO,1,1,,2019,30,1
F,2,72,30,27/07/2019,SP,355030,SAO PAULO,1,1,,2019,30,1
M,4,40,31,31/07/2019,SP,355030,SAO PAULO,1,2,,2019,31,1
M,9,4,28,11/07/2019,SP,355030,SAO PAULO,1,,,2019,28,0
M,1,9,24,14/06/2019,SP,355030,SAO PAULO,1,,,2019,24,0
M,1,38,21,19/05/2019,SP,355030,SAO PAULO,1,,,2019,21,0
F,1,36,22,01/06/2019,SP,355030,SAO PAULO,1,1,,2019,22,1
M,1,4,22,30/05/2019,SP,355030,SAO PAULO,1,2,,2019,22,1
F,1,67,24,10/06/2019,SP,355030,SAO PAULO,1,1,,2019,24,1
F,9,73,19,06/05/2019,SP,355030,SAO PAULO,1,1,,2019,19,1
F,1,33,26,25/06/2019,SP,355030,SAO PAULO,1,1,,2019,26,1
M,9,71,25,20/06/2019,SP,355030,SAO PAULO,1,,,2019,25,0
F,9,33,22,31/05/2019,SP,355030,SAO PAULO,1,6,INFLUENZA A SAZONAL/H3,2019,22,1
M,9,9,15,07/04/2019,SP,355030,SAO PAULO,1,,,2019,15,0
F,1,92,28,12/07/2019,SP,355030,SAO PAULO,1,1,,2019,28,1
F,,54,11,12/03/2019,SP,355030,SAO PAULO,1,3,,2019,11,1
F,1,90,26,25/06/2019,SP,355030,SAO PAULO,1,,,2019,26,0
F,1,92,30,21/07/2019,SP,355030,SAO PAULO,1,2,,2019,30,1
F,4,1,28,11/07/2019,SP,355030,SAO PAULO,2,1,,2019,28,1
M,9,65,20,12/05/2019,SP,355030,SAO PAULO,1,1,,2019,20,1
M,1,85,16,18/04/2019,SP,355030,SAO PAULO,1,,,2019,16,0
F,4,33,15,11/04/2019,SP,355030,SAO PAULO,1,,,2019,15,0
F,9,29,34,19/08/2019,SP,355030,SAO PAULO,1,,,2019,34,0
F,4,62,28,08/07/2019,SP,355030,SAO PAULO,1,1,,2019,28,1
F,4,48,37,08/09/2019,SP,355030,SAO PAULO,1,1,,2019,37,1
F,1,35,18,03/05/2019,SP,355030,SAO PAULO,1,,,2019,18,0
M,9,76,17,25/04/2019,SP,355030,SAO PAULO,1,,,2019,17,0
F,3,37,25,17/06/2019,SP,355030,SAO PAULO,1,,,2019,25,0
F,9,57,13,26/03/2019,SP,355030,SAO PAULO,1,1,,2019,13,1
F,9,41,22,31/05/2019,SP,355030,SAO PAULO,1,,,2019,22,0
F,1,10,22,28/05/2019,SP,355030,SAO PAULO,1,3,,2019,22,1
F,9,85,32,05/08/2019,SP,355030,SAO PAULO,1,,,2019,32,0
M,3,76,27,01/07/2019,SP,355030,SAO PAULO,1,,,2019,27,0
F,9,45,11,12/03/2019,SP,355030,SAO PAULO,1,1,,2019,11,1
M,1,43,28,13/07/2019,SP,355030,SAO PAULO,1,1,,2019,28,1
F,9,21,23,06/06/2019,SP,355030,SAO PAULO,1,1,,2019,23,1
M,1,5,23,06/06/2019,SP,355030,SAO PAULO,1,,,2019,23,0
F,1,39,25,16/06/2019,SP,355030,SAO PAULO,1,,,2019,25,0
M,3,75,24,15/06/2019,SP,355030,SAO PAULO,1,,,2019,24,0
F,1,52,20,13/05/2019,SP,355030,SAO PAULO,1,1,,2019,20,1
F,9,86,47,20/11/2019,SP,355030,SAO PAULO,1,,,2019,47,0
F,9,47,32,10/08/2019,SP,355030,SAO PAULO,1,,,2019,32,0
F,9,65,21,21/05/2019,SP,355030,SAO PAULO,1,,,2019,21,0
M,1,53,24,09/06/2019,SP,355030,SAO PAULO,1,1,,2019,24,1
F,1,79,22,26/05/2019,SP,355030,SAO PAULO,1,2,,2019,22,1
F,9,82,20,18/05/2019,SP,355030,SAO PAULO,1,1,,2019,20,1
M,9,5,21,22/05/2019,SP,355030,SAO PAULO,1,1,,2019,21,1
F,,39,36,01/09/2019,SP,355030,SAO PAULO,1,,,2019,36,0
M,9,43,35,29/08/2019,SP,355030,SAO PAULO,1,1,,2019,35,1
F,1,34,19,09/05/2019,SP,355030,SAO PAULO,1,,,2019,19,0
M,1,7,25,21/06/2019,SP,355030,SAO PAULO,1,2,,2019,25,1
F,9,87,12,23/03/2019,SP,355030,SAO PAULO,1,3,,2019,12,1
F,1,38,18,29/04/2019,SP,355030,SAO PAULO,1,1,,2019,18,1
M,1,86,30,22/07/2019,SP,355030,SAO PAULO,1,1,,2019,30,1
F,1,62,12,19/03/2019,SP,355030,SAO PAULO,1,,,2019,12,0
F,1,91,21,20/05/2019,SP,355030,SAO PAULO,1,1,,2019,21,1
M,1,6,28,08/07/2019,SP,355030,SAO PAULO,1,1,,2019,28,1
F,1,79,23,07/06/2019,SP,355030,SAO PAULO,1,3,,2019,23,1
F,4,7,21,22/05/2019,SP,355030,SAO PAULO,1,2,,2019,21,1
M,1,1,23,05/06/2019,SP,355030,SAO PAULO,1,2,,2019,23,1
F,1,69,23,08/06/2019,SP,355030,SAO PAULO,1,,,2019,23,0
M,1,9,22,28/05/2019,SP,355030,SAO PAULO,1,1,,2019,22,1
M,4,27,25,18/06/2019,SP,355030,SAO PAULO,1,3,,2019,25,1
M,9,50,20,18/05/2019,SP,355030,SAO PAULO,1,,,2019,20,0
F,4,6,25,21/06/2019,SP,355030,SAO PAULO,1,1,,2019,25,1
F,1,67,25,18/06/2019,SP,355030,SAO PAULO,1,1,,2019,25,1
M,,5,23,05/06/2019,SP,355030,SAO PAULO,1,3,,2019,23,1
F,4,23,21,23/05/2019,SP,355030,SAO PAULO,1,2,,2019,21,1
M,4,11,31,31/07/2019,SP,355030,SAO PAULO,1,2,,2019,31,1
F,1,26,22,31/05/2019,SP,355030,SAO PAULO,1,,,2019,22,0
M,1,8,25,18/06/2019,SP,355030,SAO PAULO,1,1,,2019,25,1
M,1,75,13,26/03/2019,SP,355030,SAO PAULO,1,1,,2019,13,1
M,9,86,22,31/05/2019,SP,355030,SAO PAULO,1,,,2019,22,0
M,1,59,25,19/06/2019,SP,355030,SAO PAULO,1,,,2019,25,0
F,1,67,19,05/05/2019,SP,355030,SAO PAULO,1,2,,2019,19,1
F,1,32,26,29/06/2019,SP,355030,SAO PAULO,1,1,,2019,26,1
M,9,84,16,14/04/2019,SP,355030,SAO PAULO,1,,,2019,16,0
M,4,1,25,17/06/2019,SP,355030,SAO PAULO,1,1,,2019,25,1
M,9,23,33,14/08/2019,SP,355030,SAO PAULO,1,,,2019,33,0
F,1,54,38,18/09/2019,SP,355030,SAO PAULO,1,,,2019,38,0
M,1,55,27,30/06/2019,SP,355030,SAO PAULO,1,,,2019,27,0
F,1,91,25,20/06/2019,SP,355030,SAO PAULO,1,1,,2019,25,1
M,4,5,29,15/07/2019,SP,355030,SAO PAULO,1,1,,2019,29,1
M,9,24,25,21/06/2019,SP,355030,SAO PAULO,1,1,,2019,25,1
F,9,38,7,15/02/2019,SP,355030,SAO PAULO,1,3,,2019,7,1
M,4,2,31,29/07/2019,SP,355030,SAO PAULO,1,2,,2019,31,1
F,1,4,21,20/05/2019,SP,355030,SAO PAULO,1,2,,2019,21,1
F,9,42,19,09/05/2019,SP,355030,SAO PAULO,1,,,2019,19,0
M,1,74,29,16/07/2019,SP,355030,SAO PAULO,1,3,,2019,29,1
M,3,67,29,20/07/2019,SP,355030,SAO PAULO,1,3,,2019,29,1
F,1,2,26,27/06/2019,SP,355030,SAO PAULO,1,,,2019,26,0
F,1,5,40,03/10/2019,SP,355030,SAO PAULO,1,1,,2019,40,1
F,1,3,18,29/04/2019,SP,355030,SAO PAULO,1,1,,2019,18,1
F,9,71,24,10/06/2019,SP,355030,SAO PAULO,1,3,,2019,24,1
F,4,40,26,23/06/2019,SP,355030,SAO PAULO,1,2,,2019,26,1
M,9,6,24,13/06/2019,SP,355030,SAO PAULO,1,1,,2019,24,1
F,1,25,29,20/07/2019,SP,355030,SAO PAULO,1,,,2019,29,0
M,3,63,22,28/05/2019,SP,355030,SAO PAULO,1,1,,2019,22,1
M,1,32,22,01/06/2019,SP,355030,SAO PAULO,1,2,,2019,22,1
M,4,4,26,27/06/2019,SP,355030,SAO PAULO,1,2,,2019,26,1
F,9,52,21,22/05/2019,SP,355030,SAO PAULO,1,,,2019,21,0
F,9,85,25,16/06/2019,SP,355030,SAO PAULO,1,2,,2019,25,1
M,,1,17,27/04/2019,SP,355030,SAO PAULO,1,,,2019,17,0
M,1,9,26,28/06/2019,SP,355030,SAO PAULO,1,,,2019,26,0
M,9,1,12,22/03/2019,SP,355030,SAO PAULO,1,3,,2019,12,1
M,9,63,43,21/10/2019,SP,355030,SAO PAULO,1,,,2019,43,0
M,1,66,24,13/06/2019,SP,355030,SAO PAULO,1,1,,2019,24,1
F,9,86,25,19/06/2019,SP,355030,SAO PAULO,,2,,2019,25,1
F,1,89,25,19/06/2019,SP,355030,SAO PAULO,1,,,2019,25,0
M,9,35,23,02/06/2019,SP,355030,SAO PAULO,,,,2019,23,0
M,9,76,25,17/06/2019,SP,355030,SAO PAULO,1,2,,2019,25,1
M,9,57,29,20/07/2019,SP,355030,SAO PAULO,1,,,2019,29,0
M,9,87,24,15/06/2019,SP,355030,SAO PAULO,1,1,,2019,24,1
M,1,2,19,06/05/2019,SP,355030,SAO PAULO,1,1,,2019,19,1
M,9,76,22,28/05/2019,SP,355030,SAO PAULO,1,,,2019,22,0
M,1,13,27,06/07/2019,SP,355030,SAO PAULO,1,2,,2019,27,1
F,1,56,19,05/05/2019,SP,355030,SAO PAULO,1,3,,2019,19,1
M,,84,36,06/09/2019,SP,355030,SAO PAULO,1,,,2019,36,0
F,9,41,39,25/09/2019,SP,355030,SAO PAULO,1,,,2019,39,0
M,4,44,21,20/05/2019,SP,355030,SAO PAULO,1,1,,2019,21,1
M,4,86,26,27/06/2019,SP,355030,SAO PAULO,1,2,,2019,26,1
F,9,1,16,17/04/2019,SP,355030,SAO PAULO,1,3,,2019,16,1
F,1,34,19,08/05/2019,SP,355030,SAO PAULO,1,,,2019,19,0
F,4,2,23,08/06/2019,SP,355030,SAO PAULO,1,2,,2019,23,1
F,9,77,18,30/04/2019,SP,355030,SAO PAULO,1,,,2019,18,0
M,1,2,22,29/05/2019,SP,355030,SAO PAULO,1,1,,2019,22,1
F,4,2,23,04/06/2019,SP,355030,SAO PAULO,1,,,2019,23,0
M,4,31,16,17/04/2019,SP,355030,SAO PAULO,1,1,,2019,16,1
F,1,88,17,22/04/2019,SP,355030,SAO PAULO,1,1,,2019,17,1
M,1,5,19,09/05/2019,SP,355030,SAO PAULO,1,1,,2019,19,1
F,1,22,26,28/06/2019,SP,355030,SAO PAULO,1,,,2019,26,0
F,9,73,25,17/06/2019,SP,355030,SAO PAULO,1,1,,2019,25,1
F,9,89,22,31/05/2019,SP,355030,SAO PAULO,1,3,,2019,22,1
M,1,79,25,16/06/2019,SP,355030,SAO PAULO,1,1,,2019,25,1
F,2,61,19,08/05/2019,SP,355030,SAO PAULO,1,1,,2019,19,1
F,9,85,31,29/07/2019,SP,355030,SAO PAULO,1,,,2019,31,0
F,9,88,16,18/04/2019,SP,355030,SAO PAULO,1,6,INFLUENZA A SAZONAL/H3,2019,16,1
F,9,9,24,13/06/2019,SP,355030,SAO PAULO,1,,,2019,24,0
M,4,1,19,08/05/2019,SP,355030,SAO PAULO,1,2,,2019,19,1
F,4,2,19,11/05/2019,SP,355030,SAO PAULO,1,1,,2019,19,1
F,1,32,20,13/05/2019,SP,355030,SAO PAULO,1,3,,2019,20,1
F,1,56,20,14/05/2019,SP,355030,SAO PAULO,1,3,,2019,20,1
M,9,76,23,04/06/2019,SP,355030,SAO PAULO,1,,,2019,23,0
M,9,66,23,02/06/2019,SP,355030,SAO PAULO,1,,,2019,23,0
F,9,70,28,07/07/2019,SP,355030,SAO PAULO,1,,,2019,28,0
M,4,33,23,06/06/2019,SP,355030,SAO PAULO,1,1,,2019,23,1
F,9,57,21,25/05/2019,SP,355030,SAO PAULO,,1,,2019,21,1
M,9,34,22,31/05/2019,SP,355030,SAO PAULO,1,2,,2019,22,1
F,1,6,50,13/12/2019,SP,355030,SAO PAULO,1,,,2019,50,0
F,9,51,34,22/08/2019,SP,355030,SAO PAULO,1,,,2019,34,0
F,1,41,51,15/12/2019,SP,355030,SAO PAULO,1,1,,2019,51,1
F,1,1,25,19/06/2019,SP,355030,SAO PAULO,1,,,2019,25,0
F,9,77,26,25/06/2019,SP,355030,SAO PAULO,1,,,2019,26,0
F,1,4,16,20/04/2019,SP,355030,SAO PAULO,1,3,,2019,16,1
F,9,39,24,09/06/2019,SP,355030,SAO PAULO,,,,2019,24,0
F,,2,25,21/06/2019,SP,355030,SAO PAULO,1,1,,2019,25,1
F,1,26,37,08/09/2019,SP,355030,SAO PAULO,1,,,2019,37,0
F,1,7,23,02/06/2019,SP,355030,SAO PAULO,1,,,2019,23,0
M,4,27,21,25/05/2019,SP,355030,SAO PAULO,1,2,,2019,21,1
M,4,1,18,30/04/2019,SP,355030,SAO PAULO,1,1,,2019,18,1
F,1,74,23,06/06/2019,SP,355030,SAO PAULO,1,1,,2019,23,1
F,1,48,20,12/05/2019,SP,355030,SAO PAULO,1,2,,2019,20,1
F,9,4,20,14/05/2019,SP,355030,SAO PAULO,1,1,,2019,20,1
M,1,7,23,08/06/2019,SP,355030,SAO PAULO,1,2,,2019,23,1
F,1,2,20,15/05/2019,SP,355030,SAO PAULO,1,1,,2019,20,1
F,1,9,27,02/07/2019,SP,355030,SAO PAULO,1,1,,2019,27,1
F,9,39,14,31/03/2019,SP,355030,SAO PAULO,1,3,,2019,14,1
F,4,2,50,08/12/2019,SP,355030,SAO PAULO,,1,,2019,50,1
M,1,68,26,25/06/2019,SP,355030,SAO PAULO,1,3,,2019,26,1
F,4,22,22,31/05/2019,SP,355030,SAO PAULO,1,2,,2019,22,1
M,,43,21,22/05/2019,SP,355030,SAO PAULO,1,1,,2019,21,1
M,9,69,16,18/04/2019,SP,355030,SAO PAULO,1,,,2019,16,0
F,1,58,20,13/05/2019,SP,355030,SAO PAULO,1,1,,2019,20,1
F,9,26,25,17/06/2019,SP,355030,SAO PAULO,1,1,,2019,25,1
M,1,35,19,07/05/2019,SP,355030,SAO PAULO,1,1,,2019,19,1
F,1,2,27,04/07/2019,SP,355030,SAO PAULO,1,1,,2019,27,1
M,9,57,23,08/06/2019,SP,355030,SAO PAULO,1,2,,2019,23,1
M,3,68,19,11/05/2019,SP,355030,SAO PAULO,1,2,,2019,19,1
M,1,57,30,22/07/2019,SP,355030,SAO PAULO,1,1,,2019,30,1
F,9,60,9,28/02/2019,SP,355030,SAO PAULO,,1,,2019,9,1
M,9,26,24,11/06/2019,SP,355030,SAO PAULO,1,2,,2019,24,1
F,4,29,22,29/05/2019,SP,355030,SAO PAULO,1,2,,2019,22,1
F,9,66,25,17/06/2019,SP,355030,SAO PAULO,1,1,,2019,25,1
M,4,51,25,18/06/2019,SP,355030,SAO PAULO,1,1,,2019,25,1
M,1,1,23,05/06/2019,SP,355030,SAO PAULO,1,1,,2019,23,1
M,1,48,22,30/05/2019,SP,355030,SAO PAULO,1,,,2019,22,0
M,1,6,22,30/05/2019,SP,355030,SAO PAULO,1,,,2019,22,0
F,2,28,25,16/06/2019,SP,355030,SAO PAULO,1,,,2019,25,0
M,9,61,23,04/06/2019,SP,355030,SAO PAULO,1,1,,2019,23,1
F,1,74,23,03/06/2019,SP,355030,SAO PAULO,1,1,,2019,23,1
M,1,18,16,20/04/2019,SP,355030,SAO PAULO,1,,,2019,16,0
F,1,27,22,31/05/2019,SP,355030,SAO PAULO,1,1,,2019,22,1
M,1,49,24,11/06/2019,SP,355030,SAO PAULO,1,1,,2019,24,1
M,9,69,24,11/06/2019,SP,355030,SAO PAULO,1,1,,2019,24,1
M,9,9,20,18/05/2019,SP,355030,SAO PAULO,1,,,2019,20,0
M,9,31,21,20/05/2019,SP,355030,SAO PAULO,1,1,,2019,21,1
M,1,30,20,12/05/2019,SP,355030,SAO PAULO,1,2,,2019,20,1
M,9,78,20,16/05/2019,SP,355030,SAO PAULO,1,1,,2019,20,1
F,9,2,20,17/05/2019,SP,355030,SAO PAULO,1,1,,2019,20,1
F,9,15,16,17/04/2019,SP,355030,SAO PAULO,1,,,2019,16,0
M,9,57,21,20/05/2019,SP,355030,SAO PAULO,1,1,,2019,21,1
F,1,67,22,26/05/2019,SP,355030,SAO PAULO,1,1,,2019,22,1
M,1,23,26,25/06/2019,SP,355030,SAO PAULO,1,,,2019,26,0
F,1,51,33,17/08/2019,SP,355030,SAO PAULO,1,,,2019,33,0
M,1,5,12,19/03/2019,SP,355030,SAO PAULO,,3,,2019,12,1
M,1,5,24,09/06/2019,SP,355030,SAO PAULO,1,1,,2019,24,1
F,9,4,50,09/12/2019,SP,355030,SAO PAULO,1,1,,2019,50,1
F,2,71,22,27/05/2019,SP,355030,SAO PAULO,1,2,,2019,22,1
M,9,7,23,05/06/2019,SP,355030,SAO PAULO,1,2,,2019,23,1
M,9,56,52,23/12/2019,SP,355030,SAO PAULO,1,1,,2019,52,1
F,1,62,20,12/05/2019,SP,355030,SAO PAULO,1,3,,2019,20,1
M,9,11,24,09/06/2019,SP,355030,SAO PAULO,1,,,2019,24,0
M,1,23,24,13/06/2019,SP,355030,SAO PAULO,1,2,,2019,24,1
F,1,65,23,03/06/2019,SP,355030,SAO PAULO,1,2,,2019,23,1
F,9,2,11,12/03/2019,SP,355030,SAO PAULO,1,1,,2019,11,1
M,1,73,26,23/06/2019,SP,355030,SAO PAULO,1,3,,2019,26,1
M,9,26,17,25/04/2019,SP,355030,SAO PAULO,1,1,,2019,17,1
M,,6,50,12/12/2019,SP,355030,SAO PAULO,1,1,,2019,50,1
F,1,16,47,17/11/2019,SP,355030,SAO PAULO,1,1,,2019,47,1
M,1,73,22,31/05/2019,SP,355030,SAO PAULO,1,1,,2019,22,1
F,1,35,27,04/07/2019,SP,355030,SAO PAULO,1,2,,2019,27,1
M,1,1,14,05/04/2019,SP,355030,SAO PAULO,1,,,2019,14,0
M,1,86,16,20/04/2019,SP,355030,SAO PAULO,1,1,,2019,16,1
F,3,34,22,30/05/2019,SP,355030,SAO PAULO,1,1,,2019,22,1
F,1,65,17,25/04/2019,SP,355030,SAO PAULO,1,1,,2019,17,1
M,9,28,20,13/05/2019,SP,355030,SAO PAULO,1,1,,2019,20,1
M,1,75,24,12/06/2019,SP,355030,SAO PAULO,1,2,,2019,24,1
M,1,43,18,02/05/2019,SP,355030,SAO PAULO,1,,,2019,18,0
M,1,7,18,30/04/2019,SP,355030,SAO PAULO,1,1,,2019,18,1
M,1,59,17,21/04/2019,SP,355030,SAO PAULO,1,1,,2019,17,1
F,1,11,21,22/05/2019,SP,355030,SAO PAULO,1,1,,2019,21,1
F,9,49,36,07/09/2019,SP,355030,SAO PAULO,1,1,,2019,36,1
M,9,72,16,18/04/2019,SP,355030,SAO PAULO,1,2,,2019,16,1
F,1,78,18,30/04/2019,SP,355030,SAO PAULO,1,2,,2019,18,1
M,9,35,23,04/06/2019,SP,355030,SAO PAULO,1,1,,2019,23,1
M,4,1,19,06/05/2019,SP,355030,SAO PAULO,1,,,2019,19,0
M,1,75,21,19/05/2019,SP,355030,SAO PAULO,1,,,2019,21,0
M,4,32,23,08/06/2019,SP,355030,SAO PAULO,1,1,,2019,23,1
F,1,50,20,14/05/2019,SP,355030,SAO PAULO,1,1,,2019,20,1
F,4,26,24,15/06/2019,SP,355030,SAO PAULO,1,1,,2019,24,1
F,9,14,48,24/11/2019,SP,355030,SAO PAULO,1,1,,2019,48,1
F,9,76,20,12/05/2019,SP,355030,SAO PAULO,1,,,2019,20,0
M,4,8,21,23/05/2019,SP,355030,SAO PAULO,1,1,,2019,21,1
M,1,39,17,26/04/2019,SP,355030,SAO PAULO,1,,,2019,17,0
M,9,1,26,25/06/2019,SP,355030,SAO PAULO,1,1,,2019,26,1
F,1,44,37,10/09/2019,SP,355030,SAO PAULO,1,1,,2019,37,1
M,1,3,26,27/06/2019,SP,355030,SAO PAULO,1,,,2019,26,0
M,9,67,24,12/06/2019,SP,355030,SAO PAULO,1,3,,2019,24,1
M,3,82,23,02/06/2019,SP,355030,SAO PAULO,1,,,2019,23,0
F,1,10,15,11/04/2019,SP,355030,SAO PAULO,1,3,,2019,15,1
M,1,1,20,12/05/2019,SP,355030,SAO PAULO,1,3,,2019,20,1
F,1,25,21,24/05/2019,SP,355030,SAO PAULO,1,1,,2019,21,1
F,4,5,24,09/06/2019,SP,355030,SAO PAULO,1,2,,2019,24,1
F,1,5,10,07/03/2019,SP,355030,SAO PAULO,1,,,2019,10,0
F,1,36,34,22/08/2019,SP,355030,SAO PAULO,1,1,,2019,34,1
F,1,9,29,18/07/2019,SP,355030,SAO PAULO,1,,,2019,29,0
F,1,44,22,31/05/2019,SP,355030,SAO PAULO,1,1,,2019,22,1
M,9,11,18,02/05/2019,SP,355030,SAO PAULO,2,1,,2019,18,1
F,9,42,7,13/02/2019,SP,355030,SAO PAULO,1,1,,2019,7,1
F,4,10,18,28/04/2019,SP,355030,SAO PAULO,1,2,,2019,18,1
M,4,46,20,16/05/2019,SP,355030,SAO PAULO,1,2,,2019,20,1
F,1,2,21,21/05/2019,SP,355030,SAO PAULO,1,1,,2019,21,1
M,1,11,27,04/07/2019,SP,355030,SAO PAULO,1,2,,2019,27,1
M,1,71,22,26/05/2019,SP,355030,SAO PAULO,1,3,,2019,22,1
M,1,37,49,07/12/2019,SP,355030,SAO PAULO,1,1,,2019,49,1
F,1,69,21,25/05/2019,SP,355030,SAO PAULO,1,1,,2019,21,1
M,3,6,15,10/04/2019,SP,355030,SAO PAULO,1,1,,2019,15,1
F,1,69,13,25/03/2019,SP,355030,SAO PAULO,1,1,,2019,13,1
F,4,75,22,26/05/2019,SP,355030,SAO PAULO,1,1,,2019,22,1
M,3,52,21,21/05/2019,SP,355030,SAO PAULO,1,1,,2019,21,1
M,9,11,18,29/04/2019,SP,355030,SAO PAULO,1,1,,2019,18,1
F,1,74,7,11/02/2019,SP,355030,SAO PAULO,1,,,2019,7,0
M,9,42,21,22/05/2019,SP,355030,SAO PAULO,1,2,,2019,21,1
F,2,20,22,31/05/2019,SP,355030,SAO PAULO,1,2,,2019,22,1
F,9,69,27,30/06/2019,SP,355030,SAO PAULO,1,,,2019,27,0
M,1,41,26,28/06/2019,SP,355030,SAO PAULO,1,,,2019,26,0
F,4,6,36,06/09/2019,SP,355030,SAO PAULO,1,1,,2019,36,1
F,9,63,16,20/04/2019,SP,355030,SAO PAULO,1,6,INFLUENZA A SAZONAL/H3,2019,16,1
F,1,22,22,30/05/2019,SP,355030,SAO PAULO,1,2,,2019,22,1
M,,35,20,18/05/2019,SP,355030,SAO PAULO,1,,,2019,20,0
M,3,80,30,23/07/2019,SP,355030,SAO PAULO,1,1,,2019,30,1
M,9,90,24,10/06/2019,SP,355030,SAO PAULO,1,,,2019,24,0
F,9,4,20,14/05/2019,SP,355030,SAO PAULO,1,1,,2019,20,1
M,1,94,41,09/10/2019,SP,355030,SAO PAULO,1,1,,2019,41,1
M,1,76,52,26/12/2019,SP,355030,SAO PAULO,1,2,,2019,52,1
F,1,5,19,07/05/2019,SP,355030,SAO PAULO,1,2,,2019,19,1
M,1,7,27,06/07/2019,SP,355030,SAO PAULO,1,,,2019,27,0
M,1,16,24,10/06/2019,SP,355030,SAO PAULO,1,2,,2019,24,1
F,9,71,22,29/05/2019,SP,355030,SAO PAULO,1,,,2019,22,0
F,2,58,32,05/08/2019,SP,355030,SAO PAULO,1,,,2019,32,0
F,3,79,20,15/05/2019,SP,355030,SAO PAULO,1,,,2019,20,0
F,1,5,19,10/05/2019,SP,355030,SAO PAULO,1,1,,2019,19,1
M,,33,29,18/07/2019,SP,355030,SAO PAULO,,3,,2019,29,1
F,,30,42,19/10/2019,SP,355030,SAO PAULO,1,1,,2019,42,1
M,1,5,28,11/07/2019,SP,355030,SAO PAULO,1,2,,2019,28,1
F,1,66,13,24/03/2019,SP,355030,SAO PAULO,1,3,,2019,13,1
F,9,34,32,06/08/2019,SP,355030,SAO PAULO,1,,,2019,32,0
F,1,69,39,25/09/2019,SP,355030,SAO PAULO,1,3,,2019,39,1
M,9,66,18,30/04/2019,SP,355030,SAO PAULO,1,2,,2019,18,1
M,1,25,23,06/06/2019,SP,355030,SAO PAULO,1,,,2019,23,0
F,1,6,50,14/12/2019,SP,355030,SAO PAULO,1,,,2019,50,0
M,1,57,22,30/05/2019,SP,355030,SAO PAULO,1,,,2019,22,0
F,9,69,29,18/07/2019,SP,355030,SAO PAULO,1,3,,2019,29,1
F,9,83,26,25/06/2019,SP,355030,SAO PAULO,1,,,2019,26,0
F,,56,36,05/09/2019,SP,355030,SAO PAULO,1,,,2019,36,0
F,9,67,28,08/07/2019,SP,355030,SAO PAULO,1,,,2019,28,0
F,1,5,21,24/05/2019,SP,355030,SAO PAULO,1,1,,2019,21,1
F,9,74,20,12/05/2019,SP,355030,SAO PAULO,1,1,,2019,20,1
F,1,39,13,28/03/2019,SP,355030,SAO PAULO,1,3,,2019,13,1
F,1,1,21,22/05/2019,SP,355030,SAO PAULO,1,2,,2019,21,1
F,2,87,26,23/06/2019,SP,355030,SAO PAULO,1,1,,2019,26,1
F,1,74,21,24/05/2019,SP,355030,SAO PAULO,1,3,,2019,21,1
M,1,58,32,04/08/2019,SP,355030,SAO PAULO,1,1,,2019,32,1
M,1,49,30,22/07/2019,SP,355030,SAO PAULO,1,2,,2019,30,1
M,1,80,48,25/11/2019,SP,355030,SAO PAULO,1,1,,2019,48,1
M,1,60,24,12/06/2019,SP,355030,SAO PAULO,1,1,,2019,24,1
M,9,33,39,25/09/2019,SP,355030,SAO PAULO,1,1,,2019,39,1
M,9,10,18,03/05/2019,SP,355030,SAO PAULO,1,1,,2019,18,1
F,1,57,31,02/08/2019,SP,355030,SAO PAULO,1,1,,2019,31,1
M,1,54,16,16/04/2019,SP,355030,SAO PAULO,1,1,,2019,16,1
M,1,41,32,05/08/2019,SP,355030,SAO PAULO,1,1,,2019,32,1
F,1,33,19,09/05/2019,SP,355030,SAO PAULO,1,2,,2019,19,1
M,1,8,24,12/06/2019,SP,355030,SAO PAULO,1,1,,2019,24,1
F,4,68,22,30/05/2019,SP,355030,SAO PAULO,1,3,,2019,22,1
F,1,71,24,10/06/2019,SP,355030,SAO PAULO,1,2,,2019,24,1
M,1,1,23,04/06/2019,SP,355030,SAO PAULO,1,1,,2019,23,1
M,4,10,37,13/09/2019,SP,355030,SAO PAULO,1,3,,2019,37,1
M,1,5,23,06/06/2019,SP,355030,SAO PAULO,1,,,2019,23,0
M,1,98,37,11/09/2019,SP,355030,SAO PAULO,1,2,,2019,37,1
F,9,11,18,02/05/2019,SP,355030,SAO PAULO,1,1,,2019,18,1
F,1,57,13,29/03/2019,SP,355030,SAO PAULO,1,1,,2019,13,1
F,1,63,23,02/06/2019,SP,355030,SAO PAULO,1,1,,2019,23,1
M,4,40,25,16/06/2019,SP,355030,SAO PAULO,1,,,2019,25,0
F,9,79,49,07/12/2019,SP,355030,SAO PAULO,1,5,,2019,49,1
M,4,1,21,20/05/2019,SP,355030,SAO PAULO,1,3,,2019,21,1
F,3,60,28,08/07/2019,SP,355030,SAO PAULO,1,1,,2019,28,1
M,1,19,21,21/05/2019,SP,355030,SAO PAULO,1,2,,2019,21,1
M,9,26,20,18/05/2019,SP,355030,SAO PAULO,1,,,2019,20,0
F,1,69,20,12/05/2019,SP,355030,SAO PAULO,1,3,,2019,20,1
F,9,59,17,21/04/2019,SP,355030,SAO PAULO,1,1,,2019,17,1
F,4,50,17,25/04/2019,SP,355030,SAO PAULO,1,2,,2019,17,1
F,1,8,22,28/05/2019,SP,355030,SAO PAULO,1,1,,2019,22,1
M,9,26,25,18/06/2019,SP,355030,SAO PAULO,1,2,,2019,25,1
M,9,48,15,07/04/2019,SP,355030,SAO PAULO,1,3,,2019,15,1
F,9,27,26,28/06/2019,SP,355030,SAO PAULO,1,,,2019,26,0
M,9,24,20,18/05/2019,SP,355030,SAO PAULO,1,,,2019,20,0
F,1,2,23,03/06/2019,SP,355030,SAO PAULO,1,1,,2019,23,1
F,9,31,23,05/06/2019,SP,355030,SAO PAULO,1,,,2019,23,0
F,1,7,25,21/06/2019,SP,355030,SAO PAULO,1,3,,2019,25,1
F,9,63,13,26/03/2019,SP,355030,SAO PAULO,1,1,,2019,13,1
F,1,25,23,04/06/2019,SP,355030,SAO PAULO,1,,,2019,23,0
F,1,10,29,17/07/2019,SP,355030,SAO PAULO,1,3,,2019,29,1
F,9,24,17,24/04/2019,SP,355030,SAO PAULO,1,,,2019,17,0
M,1,30,28,09/07/2019,SP,355030,SAO PAULO,1,1,,2019,28,1
M,1,76,18,02/05/2019,SP,355030,SAO PAULO,1,2,,2019,18,1
F,1,2,41,06/10/2019,SP,355030,SAO PAULO,1,1,,2019,41,1
F,9,79,28,08/07/2019,SP,355030,SAO PAULO,1,1,,2019,28,1
M,1,10,21,22/05/2019,SP,355030,SAO PAULO,1,1,,2019,21,1
F,9,89,16,19/04/2019,SP,355030,SAO PAULO,1,3,,2019,16,1
F,9,1,37,11/09/2019,SP,355030,SAO PAULO,1,3,,2019,37,1
F,9,85,21,22/05/2019,SP,355030,SAO PAULO,1,2,,2019,21,1
F,1,5,28,10/07/2019,SP,355030,SAO PAULO,1,3,,2019,28,1
F,1,27,18,04/05/2019,SP,355030,SAO PAULO,1,3,,2019,18,1
M,1,5,23,06/06/2019,SP,355030,SAO PAULO,1,1,,2019,23,1
M,9,60,22,26/05/2019,SP,355030,SAO PAULO,1,3,,2019,22,1
M,2,48,23,02/06/2019,SP,355030,SAO PAULO,1,2,,2019,23,1
F,1,79,21,23/05/2019,SP,355030,SAO PAULO,1,2,,2019,21,1
M,9,9,23,02/06/2019,SP,355030,SAO PAULO,1,1,,2019,23,1
M,1,37,44,02/11/2019,SP,355030,SAO PAULO,1,1,,2019,44,1
M,9,6,25,20/06/2019,SP,355030,SAO PAULO,1,1,,2019,25,1
F,9,29,23,06/06/2019,SP,355030,SAO PAULO,1,,,2019,23,0
M,9,61,27,04/07/2019,SP,355030,SAO PAULO,1,1,,2019,27,1
F,1,29,36,07/09/2019,SP,355030,SAO PAULO,1,1,,2019,36,1
F,2,63,27,05/07/2019,SP,355030,SAO PAULO,1,2,,2019,27,1
M,1,19,17,27/04/2019,SP,355030,SAO PAULO,1,3,,2019,17,1
M,9,1,21,21/05/2019,SP,355030,SAO PAULO,1,,,2019,21,0
F,9,92,26,24/06/2019,SP,355030,SAO PAULO,1,3,,2019,26,1
F,1,1,17,27/04/2019,SP,355030,SAO PAULO,1,1,,2019,17,1
F,9,41,42,14/10/2019,SP,355030,SAO PAULO,1,1,,2019,42,1
F,1,1,23,08/06/2019,SP,355030,SAO PAULO,1,1,,2019,23,1
F,1,1,26,24/06/2019,SP,355030,SAO PAULO,1,1,,2019,26,1
M,9,71,22,01/06/2019,SP,355030,SAO PAULO,1,2,,2019,22,1
F,1,81,24,10/06/2019,SP,355030,SAO PAULO,1,1,,2019,24,1
F,9,33,18,30/04/2019,SP,355030,SAO PAULO,1,1,,2019,18,1
F,9,98,24,09/06/2019,SP,355030,SAO PAULO,1,,,2019,24,0
M,9,69,14,01/04/2019,SP,355030,SAO PAULO,1,3,,2019,14,1
F,4,1,17,27/04/2019,SP,355030,SAO PAULO,1,1,,2019,17,1
F,1,46,25,20/06/2019,SP,355030,SAO PAULO,1,2,,2019,25,1
F,1,79,22,26/05/2019,SP,355030,SAO PAULO,1,1,,2019,22,1
F,1,26,24,09/06/2019,SP,355030,SAO PAULO,1,1,,2019,24,1
F,1,51,24,14/06/2019,SP,355030,SAO PAULO,1,2,,2019,24,1
F,4,21,20,13/05/2019,SP,355030,SAO PAULO,1,2,,2019,20,1
F,9,60,26,27/06/2019,SP,355030,SAO PAULO,1,1,,2019,26,1
F,2,37,24,10/06/2019,SP,355030,SAO PAULO,1,1,,2019,24,1
M,4,2,27,03/07/2019,SP,355030,SAO PAULO,1,,,2019,27,0
M,1,71,21,25/05/2019,SP,355030,SAO PAULO,1,,,2019,21,0
F,9,8,25,21/06/2019,SP,355030,SAO PAULO,1,1,,2019,25,1
F,4,30,23,03/06/2019,SP,355030,SAO PAULO,1,2,,2019,23,1
M,1,80,22,30/05/2019,SP,355030,SAO PAULO,1,3,,2019,22,1
M,1,38,22,30/05/2019,SP,355030,SAO PAULO,1,1,,2019,22,1
F,1,36,24,12/06/2019,SP,355030,SAO PAULO,1,1,,2019,24,1
M,4,58,10,08/03/2019,SP,355030,SAO PAULO,1,1,,2019,10,1
F,9,1,42,19/10/2019,SP,355030,SAO PAULO,1,,,2019,42,0
M,1,1,21,21/05/2019,SP,355030,SAO PAULO,1,1,,2019,21,1
F,1,82,13,25/03/2019,SP,355030,SAO PAULO,1,3,,2019,13,1
F,1,25,26,24/06/2019,SP,355030,SAO PAULO,1,1,,2019,26,1
M,9,53,22,31/05/2019,SP,355030,SAO PAULO,1,,,2019,22,0
M,9,92,25,20/06/2019,SP,355030,SAO PAULO,1,2,,2019,25,1
F,1,21,22,30/05/2019,SP,355030,SAO PAULO,1,1,,2019,22,1
M,,83,25,16/06/2019,SP,355030,SAO PAULO,,2,,2019,25,1
F,1,90,22,30/05/2019,SP,355030,SAO PAULO,1,,,2019,22,0
M,9,38,22,31/05/2019,SP,355030,SAO PAULO,1,,,2019,22,0
M,3,81,24,13/06/2019,SP,355030,SAO PAULO,1,,,2019,24,0
M,9,3,26,28/06/2019,SP,355030,SAO PAULO,1,1,,2019,26,1
M,9,5,18,02/05/2019,SP,355030,SAO PAULO,1,1,,2019,18,1
F,1,74,22,31/05/2019,SP,355030,SAO PAULO,1,3,,2019,22,1
M,1,59,29,17/07/2019,SP,355030,SAO PAULO,1,,,2019,29,0
M,4,5,15,10/04/2019,SP,355030,SAO PAULO,1,1,,2019,15,1
F,4,1,25,19/06/2019,SP,355030,SAO PAULO,1,1,,2019,25,1
F,9,5,18,29/04/2019,SP,355030,SAO PAULO,1,1,,2019,18,1
F,9,88,22,29/05/2019,SP,355030,SAO PAULO,1,2,,2019,22,1
F,1,88,18,28/04/2019,SP,355030,SAO PAULO,,3,,2019,18,1
F,1,46,19,08/05/2019,SP,355030,SAO PAULO,1,1,,2019,19,1
F,1,90,28,10/07/2019,SP,355030,SAO PAULO,1,2,,2019,28,1
F,9,48,20,18/05/2019,SP,355030,SAO PAULO,1,1,,2019,20,1
M,9,67,20,18/05/2019,SP,355030,SAO PAULO,1,,,2019,20,0
F,9,1,21,19/05/2019,SP,355030,SAO PAULO,1,2,,2019,21,1
F,1,54,18,29/04/2019,SP,355030,SAO PAULO,1,1,,2019,18,1
F,1,24,22,31/05/2019,SP,355030,SAO PAULO,1,1,,2019,22,1
F,3,86,22,30/05/2019,SP,355030,SAO PAULO,1,,,2019,22,0
M,9,70,22,31/05/2019,SP,355030,SAO PAULO,1,,,2019,22,0
F,9,94,18,29/04/2019,SP,355030,SAO PAULO,1,3,,2019,18,1
F,1,3,22,26/05/2019,SP,355030,SAO PAULO,1,,,2019,22,0
F,9,30,20,14/05/2019,SP,355030,SAO PAULO,1,,,2019,20,0
F,1,25,12,19/03/2019,SP,355030,SAO PAULO,1,,,2019,12,0
F,9,88,13,30/03/2019,SP,355030,SAO PAULO,1,1,,2019,13,1
F,1,73,22,31/05/2019,SP,355030,SAO PAULO,1,,,2019,22,0
M,9,21,22,30/05/2019,SP,355030,SAO PAULO,1,1,,2019,22,1
F,9,73,23,05/06/2019,SP,355030,SAO PAULO,1,1,,2019,23,1
M,9,87,23,04/06/2019,SP,355030,SAO PAULO,1,1,,2019,23,1
M,9,74,26,26/06/2019,SP,355030,SAO PAULO,1,1,,2019,26,1
M,1,71,28,12/07/2019,SP,355030,SAO PAULO,1,3,,2019,28,1
F,1,1,12,23/03/2019,SP,355030,SAO PAULO,1,1,,2019,12,1
M,4,7,23,04/06/2019,SP,355030,SAO PAULO,1,1,,2019,23,1
F,1,44,20,17/05/2019,SP,355030,SAO PAULO,1,3,,2019,20,1
M,9,38,27,06/07/2019,SP,355030,SAO PAULO,1,,,2019,27,0
M,1,2,26,25/06/2019,SP,355030,SAO PAULO,1,,,2019,26,0
F,1,62,8,19/02/2019,SP,355030,SAO PAULO,1,,,2019,8,0
M,1,10,24,10/06/2019,SP,355030,SAO PAULO,1,1,,2019,24,1
F,9,30,28,13/07/2019,SP,355030,SAO PAULO,1,2,,2019,28,1
F,1,84,23,03/06/2019,SP,355030,SAO PAULO,1,,,2019,23,0
M,1,4,19,05/05/2019,SP,355030,SAO PAULO,1,1,,2019,19,1
M,2,9,25,16/06/2019,SP,355030,SAO PAULO,1,1,,2019,25,1
F,9,47,20,15/05/2019,SP,355030,SAO PAULO,1,3,,2019,20,1
F,1,90,23,08/06/2019,SP,355030,SAO PAULO,1,2,,2019,23,1
M,1,23,25,16/06/2019,SP,355030,SAO PAULO,1,2,,2019,25,1
M,9,4,38,21/09/2019,SP,355030,SAO PAULO,1,3,,2019,38,1
M,9,44,21,22/05/2019,SP,355030,SAO PAULO,1,,,2019,21,0
F,3,70,16,16/04/2019,SP,355030,SAO PAULO,1,,,2019,16,0
M,9,66,7,13/02/2019,SP,355030,SAO PAULO,1,2,,2019,7,1
M,1,10,23,03/06/2019,SP,355030,SAO PAULO,1,1,,2019,23,1
M,4,2,24,13/06/2019,SP,355030,SAO PAULO,1,1,,2019,24,1
M,1,48,21,24/05/2019,SP,355030,SAO PAULO,1,,,2019,21,0
M,1,9,20,18/05/2019,SP,355030,SAO PAULO,2,1,,2019,20,1
F,9,1,24,10/06/2019,SP,355030,SAO PAULO,1,3,,2019,24,1
M,2,40,8,23/02/2019,SP,355030,SAO PAULO,1,1,,2019,8,1
F,2,37,22,26/05/2019,SP,355030,SAO PAULO,1,,,2019,22,0
F,1,77,23,03/06/2019,SP,355030,SAO PAULO,1,1,,2019,23,1
M,1,34,20,13/05/2019,SP,355030,SAO PAULO,1,1,,2019,20,1
F,1,1,24,09/06/2019,SP,355030,SAO PAULO,1,1,,2019,24,1
M,9,52,20,13/05/2019,SP,355030,SAO PAULO,1,1,,2019,20,1
F,9,4,16,19/04/2019,SP,355030,SAO PAULO,1,,,2019,16,0
M,1,1,29,18/07/2019,SP,355030,SAO PAULO,1,3,,2019,29,1
M,1,2,24,09/06/2019,SP,355030,SAO PAULO,1,1,,2019,24,1
M,1,52,21,19/05/2019,SP,355030,SAO PAULO,1,1,,2019,21,1
F,9,52,19,11/05/2019,SP,355030,SAO PAULO,1,,,2019,19,0
F,,80,25,21/06/2019,SP,355030,SAO PAULO,1,2,,2019,25,1
F,1,23,27,03/07/2019,SP,355030,SAO PAULO,1,,,2019,27,0
F,9,58,21,23/05/2019,SP,355030,SAO PAULO,1,,,2019,21,0
M,,27,37,09/09/2019,SP,355030,SAO PAULO,1,,,2019,37,0
F,9,38,19,07/05/2019,SP,355030,SAO PAULO,1,,,2019,19,0
M,1,70,13,24/03/2019,SP,355030,SAO PAULO,1,1,,2019,13,1
F,1,70,32,09/08/2019,SP,355030,SAO PAULO,1,2,,2019,32,1
F,4,73,13,26/03/2019,SP,355030,SAO PAULO,1,2,,2019,13,1
M,,1,30,22/07/2019,SP,355030,SAO PAULO,1,1,,2019,30,1
F,9,55,21,20/05/2019,SP,355030,SAO PAULO,1,,,2019,21,0
F,1,45,23,04/06/2019,SP,355030,SAO PAULO,1,2,,2019,23,1
F,9,35,28,11/07/2019,SP,355030,SAO PAULO,1,,,2019,28,0
F,1,47,28,09/07/2019,SP,355030,SAO PAULO,1,,,2019,28,0
F,1,23,20,17/05/2019,SP,355030,SAO PAULO,1,1,,2019,20,1
F,1,41,13,29/03/2019,SP,355030,SAO PAULO,1,,,2019,13,0
M,,4,23,07/06/2019,SP,355030,SAO PAULO,1,1,,2019,23,1
F,1,36,21,20/05/2019,SP,355030,SAO PAULO,1,2,,2019,21,1
F,9,6,22,01/06/2019,SP,355030,SAO PAULO,1,,,2019,22,0
F,1,52,21,20/05/2019,SP,355030,SAO PAULO,1,1,,2019,21,1
M,1,5,25,17/06/2019,SP,355030,SAO PAULO,1,,,2019,25,0
F,1,93,30,22/07/2019,SP,355030,SAO PAULO,1,2,,2019,30,1
F,9,12,21,20/05/2019,SP,355030,SAO PAULO,1,3,,2019,21,1
F,1,82,24,14/06/2019,SP,355030,SAO PAULO,1,1,,2019,24,1
F,1,3,18,03/05/2019,SP,355030,SAO PAULO,1,,,2019,18,0
M,1,69,24,12/06/2019,SP,355030,SAO PAULO,1,1,,2019,24,1
F,1,90,19,09/05/2019,SP,355030,SAO PAULO,1,2,,2019,19,1
F,9,67,23,03/06/2019,SP,355030,SAO PAULO,1,3,,2019,23,1
F,9,89,26,24/06/2019,SP,355030,SAO PAULO,1,,,2019,26,0
F,1,5,43,25/10/2019,SP,355030,SAO PAULO,1,,,2019,43,0
M,9,30,21,25/05/2019,SP,355030,SAO PAULO,1,,,2019,21,0
M,3,70,23,03/06/2019,SP,355030,SAO PAULO,1,,,2019,23,0
M,1,9,36,01/09/2019,SP,355030,SAO PAULO,1,1,,2019,36,1
F,1,67,22,30/05/2019,SP,355030,SAO PAULO,1,3,,2019,22,1
M,9,36,24,11/06/2019,SP,355030,SAO PAULO,1,1,,2019,24,1
M,9,82,27,02/07/2019,SP,355030,SAO PAULO,1,2,,2019,27,1
F,9,6,22,29/05/2019,SP,355030,SAO PAULO,1,1,,2019,22,1
M,1,63,23,06/06/2019,SP,355030,SAO PAULO,1,2,,2019,23,1
M,,4,25,19/06/2019,SP,355030,SAO PAULO,1,3,,2019,25,1
F,2,6,19,07/05/2019,SP,355030,SAO PAULO,1,1,,2019,19,1
F,1,78,23,08/06/2019,SP,355030,SAO PAULO,1,2,,2019,23,1
M,1,39,26,25/06/2019,SP,355030,SAO PAULO,1,2,,2019,26,1
F,1,19,29,18/07/2019,SP,355030,SAO PAULO,1,1,,2019,29,1
F,4,60,20,17/05/2019,SP,355030,SAO PAULO,1,3,,2019,20,1
M,9,4,23,05/06/2019,SP,355030,SAO PAULO,1,1,,2019,23,1
M,1,86,27,30/06/2019,SP,355030,SAO PAULO,1,,,2019,27,0
F,9,7,22,01/06/2019,SP,355030,SAO PAULO,1,1,,2019,22,1
F,4,27,25,17/06/2019,SP,355030,SAO PAULO,1,1,,2019,25,1
M,,40,24,14/06/2019,SP,355030,SAO PAULO,1,1,,2019,24,1
F,1,69,20,13/05/2019,SP,355030,SAO PAULO,1,2,,2019,20,1
M,1,3,20,15/05/2019,SP,355030,SAO PAULO,1,3,,2019,20,1
F,9,2,37,17/09/2022,SP,355030,SAO PAULO,9,,,2022,37,0
F,1,6,40,06/10/2022,SP,355030,SAO PAULO,1,2,,2022,40,1
M,1,62,01,02/01/2022,SP,355030,SAO PAULO,1,2,,2022,1,1
M,1,86,01,04/01/2022,SP,355030,SAO PAULO,1,2,,2022,1,1
F,9,34,39,26/09/2022,SP,355030,SAO PAULO,1,3,,2022,39,1
F,9,7,39,26/09/2022,SP,355030,SAO PAULO,1,3,,2022,39,1
F,1,2,02,13/01/2022,SP,355030,SAO PAULO,1,2,,2022,2,1
F,1,78,01,03/01/2022,SP,355030,SAO PAULO,1,2,,2022,1,1
F,1,100,02,09/01/2022,SP,355030,SAO PAULO,1,2,,2022,2,1
F,1,94,40,06/10/2022,SP,355030,SAO PAULO,1,,,2022,40,0
M,4,31,47,26/11/2022,SP,355030,SAO PAULO,1,,,2022,47,0
F,9,70,01,05/01/2022,SP,355030,SAO PAULO,1,2,,2022,1,1
F,1,44,01,07/01/2022,SP,355030,SAO PAULO,1,3,,2022,1,1
F,9,87,37,12/09/2022,SP,355030,SAO PAULO,,,,2022,37,0
F,1,46,39,27/09/2022,SP,355030,SAO PAULO,,2,,2022,39,1
F,1,36,45,07/11/2022,SP,355030,SAO PAULO,,3,,2022,45,1
F,1,25,01,02/01/2022,SP,355030,SAO PAULO,1,2,,2022,1,1
F,1,7,40,08/10/2022,SP,355030,SAO PAULO,1,,,2022,40,0
M,1,7,01,08/01/2022,SP,355030,SAO PAULO,1,2,,2022,1,1
M,9,7,34,25/08/2022,SP,355030,SAO PAULO,1,2,,2022,34,1
M,1,11,39,29/09/2022,SP,355030,SAO PAULO,1,6,NAO ESPECIFICADO,2022,39,1
F,1,75,02,12/01/2022,SP,355030,SAO PAULO,1,2,,2022,2,1
M,1,80,39,26/09/2022,SP,355030,SAO PAULO,1,,,2022,39,0
F,1,86,43,23/10/2022,SP,355030,SAO PAULO,1,,,2022,43,0
F,4,37,38,24/09/2022,SP,355030,SAO PAULO,1,3,,2022,38,1
F,3,84,04,24/01/2022,SP,355030,SAO PAULO,1,,,2022,4,0
F,1,7,41,10/10/2022,SP,355030,SAO PAULO,1,,,2022,41,0
M,1,2,38,23/09/2022,SP,355030,SAO PAULO,1,2,,2022,38,1
F,4,1,01,02/01/2022,SP,355030,SAO PAULO,1,2,,2022,1,1
M,4,1,18,01/05/2022,SP,355030,SAO PAULO,1,,,2022,18,0
F,9,2,08,25/02/2022,SP,355030,SAO PAULO,1,,,2022,8,0
F,1,7,42,18/10/2022,SP,355030,SAO PAULO,1,2,,2022,42,1
M,9,66,02,13/01/2022,SP,355030,SAO PAULO,1,3,,2022,2,1
M,9,11,42,21/10/2022,SP,355030,SAO PAULO,1,4,,2022,42,1
F,1,81,01,08/01/2022,SP,355030,SAO PAULO,1,,,2022,1,0
M,1,63,03,16/01/2022,SP,355030,SAO PAULO,1,2,,2022,3,1
M,4,53,03,18/01/2022,SP,355030,SAO PAULO,1,2,,2022,3,1
F,9,24,04,29/01/2022,SP,355030,SAO PAULO,1,,,2022,4,0
F,1,72,02,11/01/2022,SP,355030,SAO PAULO,1,2,,2022,2,1
M,9,3,01,07/01/2022,SP,355030,SAO PAULO,,3,,2022,1,1
F,9,40,51,18/12/2022,SP,355030,SAO PAULO,1,3,,2022,51,1
M,3,72,38,22/09/2022,SP,355030,SAO PAULO,9,2,,2022,38,1
M,1,14,40,08/10/2022,SP,355030,SAO PAULO,1,3,,2022,40,1
F,1,62,45,12/11/2022,SP,355030,SAO PAULO,1,2,,2022,45,1
F,1,5,39,30/09/2022,SP,355030,SAO PAULO,1,,,2022,39,0
M,1,54,37,15/09/2022,SP,355030,SAO PAULO,1,3,,2022,37,1
F,1,89,39,30/09/2022,SP,355030,SAO PAULO,1,,,2022,39,0
F,1,81,01,06/01/2022,SP,355030,SAO PAULO,,3,,2022,1,1
F,1,73,01,06/01/2022,SP,355030,SAO PAULO,1,3,,2022,1,1
F,1,17,39,27/09/2022,SP,355030,SAO PAULO,1,,,2022,39,0
M,1,13,05,30/01/2022,SP,355030,SAO PAULO,1,4,,2022,5,1
M,1,5,42,19/10/2022,SP,355030,SAO PAULO,1,,,2022,42,0
M,1,74,52,31/12/2022,SP,355030,SAO PAULO,9,,,2022,52,0
F,9,4,41,11/10/2022,SP,355030,SAO PAULO,1,4,,2022,41,1
M,4,8,39,28/09/2022,SP,355030,SAO PAULO,1,1,,2022,39,1
M,1,8,01,03/01/2022,SP,355030,SAO PAULO,1,,,2022,1,0
F,2,3,46,19/11/2022,SP,355030,SAO PAULO,1,2,,2022,46,1
M,1,1,03,21/01/2022,SP,355030,SAO PAULO,1,2,,2022,3,1
M,4,10,40,05/10/2022,SP,355030,SAO PAULO,1,2,,2022,40,1
M,9,5,39,26/09/2022,SP,355030,SAO PAULO,,,,2022,39,0
F,1,87,39,28/09/2022,SP,355030,SAO PAULO,1,,,2022,39,0
F,4,48,01,07/01/2022,SP,355030,SAO PAULO,1,,,2022,1,0
F,4,47,42,16/10/2022,SP,355030,SAO PAULO,,1,,2022,42,1
M,9,36,43,24/10/2022,SP,355030,SAO PAULO,1,1,,2022,43,1
M,1,4,38,18/09/2022,SP,355030,SAO PAULO,1,3,,2022,38,1
F,1,12,44,02/11/2022,SP,355030,SAO PAULO,1,,,2022,44,0
F,9,3,38,22/09/2022,SP,355030,SAO PAULO,9,2,,2022,38,1
M,9,3,49,10/12/2022,SP,355030,SAO PAULO,1,1,,2022,49,1
M,1,3,34,23/08/2022,SP,355030,SAO PAULO,1,,,2022,34,0
M,1,4,26,26/06/2022,SP,355030,SAO PAULO,1,,,2022,26,0
M,4,69,01,08/01/2022,SP,355030,SAO PAULO,1,2,,2022,1,1
F,1,3,01,02/01/2022,SP,355030,SAO PAULO,1,,,2022,1,0
F,9,2,40,03/10/2022,SP,355030,SAO PAULO,9,2,,2022,40,1
F,4,68,03,22/01/2022,SP,355030,SAO PAULO,1,2,,2022,3,1
M,1,78,40,05/10/2022,SP,355030,SAO PAULO,1,2,,2022,40,1
F,1,81,02,11/01/2022,SP,355030,SAO PAULO,1,2,,2022,2,1
F,9,88,23,11/06/2022,SP,355030,SAO PAULO,,,,2022,23,0
F,9,95,40,05/10/2022,SP,355030,SAO PAULO,1,2,,2022,40,1
M,9,76,38,20/09/2022,SP,355030,SAO PAULO,1,3,,2022,38,1
F,9,86,20,15/05/2022,SP,355030,SAO PAULO,1,1,,2022,20,1
F,1,13,37,14/09/2022,SP,355030,SAO PAULO,1,3,,2022,37,1
F,9,6,35,02/09/2022,SP,355030,SAO PAULO,1,3,,2022,35,1
M,9,85,03,20/01/2022,SP,355030,SAO PAULO,1,,,2022,3,0
F,1,3,45,10/11/2022,SP,355030,SAO PAULO,1,,,2022,45,0
F,4,5,01,05/01/2022,SP,355030,SAO PAULO,1,,,2022,1,0
F,9,5,01,07/01/2022,SP,355030,SAO PAULO,1,1,,2022,1,1
M,1,66,02,10/01/2022,SP,355030,SAO PAULO,1,3,,2022,2,1
M,4,64,44,05/11/2022,SP,355030,SAO PAULO,1,,,2022,44,0
F,9,4,42,17/10/2022,SP,355030,SAO PAULO,,,,2022,42,0
F,1,87,02,15/01/2022,SP,355030,SAO PAULO,1,2,,2022,2,1
M,9,63,39,28/09/2022,SP,355030,SAO PAULO,,,,2022,39,0
F,1,67,03,16/01/2022,SP,355030,SAO PAULO,1,2,,2022,3,1
M,1,62,01,05/01/2022,SP,355030,SAO PAULO,1,2,,2022,1,1
F,1,77,01,03/01/2022,SP,355030,SAO PAULO,1,3,,2022,1,1
F,4,31,01,03/01/2022,SP,355030,SAO PAULO,1,3,,2022,1,1
F,1,86,01,08/01/2022,SP,355030,SAO PAULO,1,4,,2022,1,1
F,9,90,39,27/09/2022,SP,355030,SAO PAULO,1,3,,2022,39,1
F,9,80,03,16/01/2022,SP,355030,SAO PAULO,,,,2022,3,0
F,1,93,02,09/01/2022,SP,355030,SAO PAULO,1,3,,2022,2,1
F,1,90,39,27/09/2022,SP,355030,SAO PAULO,1,,,2022,39,0
F,1,80,01,02/01/2022,SP,355030,SAO PAULO,1,2,,2022,1,1
F,1,91,03,16/01/2022,SP,355030,SAO PAULO,1,3,,2022,3,1
M,1,19,39,30/09/2022,SP,355030,SAO PAULO,1,,,2022,39,0
F,4,22,02,10/01/2022,SP,355030,SAO PAULO,1,2,,2022,2,1
F,9,16,40,05/10/2022,SP,355030,SAO PAULO,1,3,,2022,40,1
M,1,5,40,06/10/2022,SP,355030,SAO PAULO,1,,,2022,40,0
M,1,8,41,15/10/2022,SP,355030,SAO PAULO,1,,,2022,41,0
M,1,3,42,20/10/2022,SP,355030,SAO PAULO,1,,,2022,42,0
M,4,7,44,04/11/2022,SP,355030,SAO PAULO,1,2,,2022,44,1
M,9,88,41,12/10/2022,SP,355030,SAO PAULO,1,4,,2022,41,1
M,4,62,18,01/05/2022,SP,355030,SAO PAULO,1,,,2022,18,0
M,1,94,01,08/01/2022,SP,355030,SAO PAULO,1,,,2022,1,0
M,9,89,28,10/07/2022,SP,355030,SAO PAULO,,3,,2022,28,1
F,1,64,01,06/01/2022,SP,355030,SAO PAULO,1,2,,2022,1,1
M,9,86,12,24/03/2022,SP,355030,SAO PAULO,1,1,,2022,12,1
F,9,84,01,05/01/2022,SP,355030,SAO PAULO,,,,2022,1,0
F,9,85,01,02/01/2022,SP,355030,SAO PAULO,,,,2022,1,0
F,4,76,01,03/01/2022,SP,355030,SAO PAULO,1,2,,2022,1,1
F,9,77,41,13/10/2022,SP,355030,SAO PAULO,1,3,,2022,41,1
M,9,81,01,03/01/2022,SP,355030,SAO PAULO,,3,,2022,1,1
M,9,45,41,15/10/2022,SP,355030,SAO PAULO,1,3,,2022,41,1
M,9,16,39,30/09/2022,SP,355030,SAO PAULO,1,3,,2022,39,1
F,1,4,23,11/06/2022,SP,355030,SAO PAULO,1,,,2022,23,0
M,9,2,41,11/10/2022,SP,355030,SAO PAULO,1,1,,2022,41,1
M,9,11,16,17/04/2022,SP,355030,SAO PAULO,1,6,H3,2022,16,1
F,1,2,49,04/12/2022,SP,355030,SAO PAULO,1,,,2022,49,0
F,1,68,01,07/01/2022,SP,355030,SAO PAULO,1,3,,2022,1,1
M,9,3,04,27/01/2022,SP,355030,SAO PAULO,1,2,,2022,4,1
F,1,1,01,08/01/2022,SP,355030,SAO PAULO,1,,,2022,1,0
M,9,89,01,08/01/2022,SP,355030,SAO PAULO,1,2,,2022,1,1
M,9,7,42,22/10/2022,SP,355030,SAO PAULO,1,4,,2022,42,1
M,1,10,38,19/09/2022,SP,355030,SAO PAULO,1,2,,2022,38,1
M,9,82,43,26/10/2022,SP,355030,SAO PAULO,1,2,,2022,43,1
M,9,61,01,02/01/2022,SP,355030,SAO PAULO,1,,,2022,1,0
F,3,96,01,07/01/2022,SP,355030,SAO PAULO,1,3,,2022,1,1
M,9,59,40,02/10/2022,SP,355030,SAO PAULO,1,3,,2022,40,1
M,9,72,39,29/09/2022,SP,355030,SAO PAULO,9,2,,2022,39,1
M,1,6,38,19/09/2022,SP,355030,SAO PAULO,1,3,,2022,38,1
M,4,6,40,05/10/2022,SP,355030,SAO PAULO,1,1,,2022,40,1
F,1,85,01,02/01/2022,SP,355030,SAO PAULO,1,,,2022,1,0
M,1,3,37,14/09/2022,SP,355030,SAO PAULO,1,,,2022,37,0
M,1,2,45,08/11/2022,SP,355030,SAO PAULO,1,2,,2022,45,1
M,1,65,38,21/09/2022,SP,355030,SAO PAULO,1,2,,2022,38,1
M,1,59,44,05/11/2022,SP,355030,SAO PAULO,1,,,2022,44,0
F,1,11,33,14/08/2022,SP,355030,SAO PAULO,1,,,2022,33,0
M,1,56,01,07/01/2022,SP,355030,SAO PAULO,1,,,2022,1,0
M,1,56,44,03/11/2022,SP,355030,SAO PAULO,1,3,,2022,44,1
M,1,11,40,07/10/2022,SP,355030,SAO PAULO,1,2,,2022,40,1
M,1,71,42,19/10/2022,SP,355030,SAO PAULO,1,1,,2022,42,1
F,1,82,43,23/10/2022,SP,355030,SAO PAULO,1,,,2022,43,0
F,1,37,42,16/10/2022,SP,355030,SAO PAULO,1,1,,2022,42,1
F,4,89,43,23/10/2022,SP,355030,SAO PAULO,1,,,2022,43,0
M,4,9,41,12/10/2022,SP,355030,SAO PAULO,1,,,2022,41,0
F,9,93,01,07/01/2022,SP,355030,SAO PAULO,1,,,2022,1,0
M,4,7,37,17/09/2022,SP,355030,SAO PAULO,1,,,2022,37,0
F,9,1,07,15/02/2022,SP,355030,SAO PAULO,1,,,2022,7,0
M,4,6,01,04/01/2022,SP,355030,SAO PAULO,1,2,,2022,1,1
M,1,69,01,03/01/2022,SP,355030,SAO PAULO,,3,,2022,1,1
M,9,81,01,04/01/2022,SP,355030,SAO PAULO,1,,,2022,1,0
F,1,66,01,02/01/2022,SP,355030,SAO PAULO,,,,2022,1,0
F,9,46,11,13/03/2022,SP,355030,SAO PAULO,1,1,,2022,11,1
F,1,87,18,04/05/2022,SP,355030,SAO PAULO,1,,,2022,18,0
F,9,85,36,08/09/2022,SP,355030,SAO PAULO,1,3,,2022,36,1
F,1,4,43,23/10/2022,SP,355030,SAO PAULO,1,2,,2022,43,1
F,1,2,39,29/09/2022,SP,355030,SAO PAULO,1,,,2022,39,0
F,9,2,12,21/03/2022,SP,355030,SAO PAULO,1,,,2022,12,0
F,1,2,38,24/09/2022,SP,355030,SAO PAULO,1,,,2022,38,0
F,1,2,41,10/10/2022,SP,355030,SAO PAULO,1,1,,2022,41,1
F,1,62,37,14/09/2022,SP,355030,SAO PAULO,1,3,,2022,37,1
M,9,64,01,03/01/2022,SP,355030,SAO PAULO,,3,,2022,1,1
M,9,11,41,14/10/2022,SP,355030,SAO PAULO,1,4,,2022,41,1
F,9,58,08,22/02/2022,SP,355030,SAO PAULO,1,,,2022,8,0
M,9,15,39,28/09/2022,SP,355030,SAO PAULO,1,3,,2022,39,1
F,2,85,01,04/01/2022,SP,355030,SAO PAULO,,,,2022,1,0
F,1,95,01,05/01/2022,SP,355030,SAO PAULO,1,3,,2022,1,1
F,1,48,01,06/01/2022,SP,355030,SAO PAULO,1,2,,2022,1,1
F,1,72,44,02/11/2022,SP,355030,SAO PAULO,1,1,,2022,44,1
F,9,50,01,03/01/2022,SP,355030,SAO PAULO,1,1,,2022,1,1
F,2,25,18,02/05/2022,SP,355030,SAO PAULO,1,,,2022,18,0
M,9,4,37,16/09/2022,SP,355030,SAO PAULO,9,2,,2022,37,1
M,1,1,43,28/10/2022,SP,355030,SAO PAULO,1,,,2022,43,0
F,4,4,43,25/10/2022,SP,355030,SAO PAULO,1,3,,2022,43,1
M,1,1,41,09/10/2022,SP,355030,SAO PAULO,,2,,2022,41,1
M,4,6,36,10/09/2022,SP,355030,SAO PAULO,1,2,,2022,36,1
F,1,80,01,04/01/2022,SP,355030,SAO PAULO,1,3,,2022,1,1
M,1,58,03,22/01/2022,SP,355030,SAO PAULO,1,3,,2022,3,1
M,9,55,01,04/01/2022,SP,355030,SAO PAULO,,2,,2022,1,1
F,1,77,39,30/09/2022,SP,355030,SAO PAULO,,,,2022,39,0
F,1,90,39,29/09/2022,SP,355030,SAO PAULO,,3,,2022,39,1
M,4,40,19,13/05/2022,SP,355030,SAO PAULO,1,,,2022,19,0
M,9,50,41,12/10/2022,SP,355030,SAO PAULO,1,3,,2022,41,1
M,1,16,40,06/10/2022,SP,355030,SAO PAULO,1,1,,2022,40,1
M,1,78,05,03/02/2022,SP,355030,SAO PAULO,1,,,2022,5,0
M,9,70,01,02/01/2022,SP,355030,SAO PAULO,,3,,2022,1,1
F,1,71,41,09/10/2022,SP,355030,SAO PAULO,1,1,,2022,41,1
F,9,6,35,03/09/2022,SP,355030,SAO PAULO,1,3,,2022,35,1
M,4,3,40,02/10/2022,SP,355030,SAO PAULO,1,1,,2022,40,1
M,9,7,38,23/09/2022,SP,355030,SAO PAULO,1,2,,2022,38,1
F,9,11,12,23/03/2022,SP,355030,SAO PAULO,1,3,,2022,12,1
M,2,71,04,23/01/2022,SP,355030,SAO PAULO,1,2,,2022,4,1
M,1,61,01,02/01/2022,SP,355030,SAO PAULO,1,4,,2022,1,1
M,9,5,44,04/11/2022,SP,355030,SAO PAULO,1,,,2022,44,0
M,1,6,37,11/09/2022,SP,355030,SAO PAULO,1,2,,2022,37,1
F,1,69,01,03/01/2022,SP,355030,SAO PAULO,,,,2022,1,0
M,1,17,38,21/09/2022,SP,355030,SAO PAULO,9,2,,2022,38,1
M,9,78,40,08/10/2022,SP,355030,SAO PAULO,1,1,,2022,40,1
M,4,58,01,04/01/2022,SP,355030,SAO PAULO,1,2,,2022,1,1
F,9,68,01,03/01/2022,SP,355030,SAO PAULO,1,2,,2022,1,1
M,4,78,01,08/01/2022,SP,355030,SAO PAULO,1,2,,2022,1,1
F,1,97,02,11/01/2022,SP,355030,SAO PAULO,1,3,,2022,2,1
F,1,72,04,26/01/2022,SP,355030,SAO PAULO,1,2,,2022,4,1
M,4,5,38,22/09/2022,SP,355030,SAO PAULO,9,2,,2022,38,1
M,9,1,46,19/11/2022,SP,355030,SAO PAULO,,1,,2022,46,1
M,9,72,03,18/01/2022,SP,355030,SAO PAULO,1,,,2022,3,0
M,9,6,39,01/10/2022,SP,355030,SAO PAULO,1,4,,2022,39,1
F,9,2,11,17/03/2022,SP,355030,SAO PAULO,1,,,2022,11,0
M,1,2,11,17/03/2022,SP,355030,SAO PAULO,1,2,,2022,11,1
M,1,81,01,05/01/2022,SP,355030,SAO PAULO,1,2,,2022,1,1
M,1,58,01,05/01/2022,SP,355030,SAO PAULO,,3,,2022,1,1
F,1,70,35,31/08/2022,SP,355030,SAO PAULO,1,1,,2022,35,1
F,9,48,01,05/01/2022,SP,355030,SAO PAULO,1,2,,2022,1,1
F,4,64,01,02/01/2022,SP,355030,SAO PAULO,1,2,,2022,1,1
M,1,42,42,17/10/2022,SP,355030,SAO PAULO,1,1,,2022,42,1
F,9,51,01,04/01/2022,SP,355030,SAO PAULO,1,,,2022,1,0
M,4,81,01,05/01/2022,SP,355030,SAO PAULO,1,2,,2022,1,1
F,1,23,44,05/11/2022,SP,355030,SAO PAULO,1,,,2022,44,0
F,9,9,41,11/10/2022,SP,355030,SAO PAULO,1,5,,2022,41,1
M,9,8,40,08/10/2022,SP,355030,SAO PAULO,1,,,2022,40,0
M,9,9,39,26/09/2022,SP,355030,SAO PAULO,1,3,,2022,39,1
M,9,7,42,22/10/2022,SP,355030,SAO PAULO,9,2,,2022,42,1
M,1,7,03,18/01/2022,SP,355030,SAO PAULO,1,,,2022,3,0
M,1,5,38,21/09/2022,SP,355030,SAO PAULO,,3,,2022,38,1
M,1,10,37,16/09/2022,SP,355030,SAO PAULO,1,2,,2022,37,1
M,9,5,38,23/09/2022,SP,355030,SAO PAULO,1,3,,2022,38,1
M,9,13,38,22/09/2022,SP,355030,SAO PAULO,,3,,2022,38,1
M,9,11,39,25/09/2022,SP,355030,SAO PAULO,1,3,,2022,39,1
M,9,72,41,15/10/2022,SP,355030,SAO PAULO,1,4,,2022,41,1
M,1,1,41,15/10/2022,SP,355030,SAO PAULO,1,2,,2022,41,1
F,1,69,40,07/10/2022,SP,355030,SAO PAULO,1,1,,2022,40,1
F,1,83,01,04/01/2022,SP,355030,SAO PAULO,,3,,2022,1,1
F,9,44,01,02/01/2022,SP,355030,SAO PAULO,,5,,2022,1,1
F,4,102,01,02/01/2022,SP,355030,SAO PAULO,1,2,,2022,1,1
M,4,58,02,09/01/2022,SP,355030,SAO PAULO,1,2,,2022,2,1
F,9,58,01,06/01/2022,SP,355030,SAO PAULO,,2,,2022,1,1
M,9,48,02,13/01/2022,SP,355030,SAO PAULO,1,,,2022,2,0
M,9,75,30,24/07/2022,SP,355030,SAO PAULO,1,3,,2022,30,1
M,4,80,40,08/10/2022,SP,355030,SAO PAULO,1,6,INFLUENZA VIRUS A,2022,40,1
F,4,17,37,17/09/2022,SP,355030,SAO PAULO,1,,,2022,37,0
F,3,12,35,31/08/2022,SP,355030,SAO PAULO,1,3,,2022,35,1
M,1,3,38,21/09/2022,SP,355030,SAO PAULO,9,2,,2022,38,1
M,1,67,02,10/01/2022,SP,355030,SAO PAULO,1,2,,2022,2,1
M,1,4,46,17/11/2022,SP,355030,SAO PAULO,1,1,,2022,46,1
M,9,7,41,14/10/2022,SP,355030,SAO PAULO,1,3,,2022,41,1
M,9,9,51,20/12/2022,SP,355030,SAO PAULO,1,2,,2022,51,1
F,1,92,02,10/01/2022,SP,355030,SAO PAULO,1,4,,2022,2,1
F,4,1,04,24/01/2022,SP,355030,SAO PAULO,1,3,,2022,4,1
F,3,79,01,08/01/2022,SP,355030,SAO PAULO,1,3,,2022,1,1
M,4,34,37,16/09/2022,SP,355030,SAO PAULO,1,3,,2022,37,1
F,1,8,38,24/09/2022,SP,355030,SAO PAULO,,3,,2022,38,1
M,1,6,39,30/09/2022,SP,355030,SAO PAULO,1,3,,2022,39,1
M,1,1,38,23/09/2022,SP,355030,SAO PAULO,1,2,,2022,38,1
M,1,73,01,05/01/2022,SP,355030,SAO PAULO,,1,,2022,1,1
M,4,72,41,09/10/2022,SP,355030,SAO PAULO,1,2,,2022,41,1
M,1,76,01,07/01/2022,SP,355030,SAO PAULO,1,2,,2022,1,1
M,9,1,37,15/09/2022,SP,355030,SAO PAULO,9,2,,2022,37,1
F,1,73,01,04/01/2022,SP,355030,SAO PAULO,,,,2022,1,0
F,9,76,01,05/01/2022,SP,355030,SAO PAULO,,3,,2022,1,1
M,9,91,01,03/01/2022,SP,355030,SAO PAULO,1,2,,2022,1,1
F,2,8,02,12/01/2022,SP,355030,SAO PAULO,1,2,,2022,2,1
F,9,82,01,08/01/2022,SP,355030,SAO PAULO,1,2,,2022,1,1
F,1,40,01,03/01/2022,SP,355030,SAO PAULO,1,2,,2022,1,1
M,1,2,38,18/09/2022,SP,355030,SAO PAULO,1,2,,2022,38,1
M,1,1,01,08/01/2022,SP,355030,SAO PAULO,1,,,2022,1,0
F,2,72,42,18/10/2022,SP,355030,SAO PAULO,1,1,,2022,42,1
F,1,92,01,08/01/2022,SP,355030,SAO PAULO,1,2,,2022,1,1
M,9,43,20,15/05/2022,SP,355030,SAO PAULO,,,,2022,20,0
M,9,4,38,19/09/2022,SP,355030,SAO PAULO,1,3,,2022,38,1
M,9,9,44,04/11/2022,SP,355030,SAO PAULO,1,4,,2022,44,1
F,1,9,42,20/10/2022,SP,355030,SAO PAULO,1,2,,2022,42,1
F,9,66,20,20/05/2022,SP,355030,SAO PAULO,,2,,2022,20,1
F,4,79,36,09/09/2022,SP,355030,SAO PAULO,1,3,,2022,36,1
F,9,85,01,03/01/2022,SP,355030,SAO PAULO,1,3,,2022,1,1
F,1,37,02,09/01/2022,SP,355030,SAO PAULO,1,2,,2022,2,1
M,9,74,02,12/01/2022,SP,355030,SAO PAULO,,3,,2022,2,1
M,9,6,01,08/01/2022,SP,355030,SAO PAULO,1,,,2022,1,0
M,4,4,47,22/11/2022,SP,355030,SAO PAULO,1,,,2022,47,0
M,9,2,43,23/10/2022,SP,355030,SAO PAULO,1,2,,2022,43,1
M,9,11,40,08/10/2022,SP,355030,SAO PAULO,1,3,,2022,40,1
M,1,69,39,28/09/2022,SP,355030,SAO PAULO,1,2,,2022,39,1
M,1,64,42,21/10/2022,SP,355030,SAO PAULO,1,,,2022,42,0
F,9,5,41,15/10/2022,SP,355030,SAO PAULO,,,,2022,41,0
M,9,1,39,01/10/2022,SP,355030,SAO PAULO,1,3,,2022,39,1
M,4,10,01,05/01/2022,SP,355030,SAO PAULO,1,2,,2022,1,1
M,1,88,39,27/09/2022,SP,355030,SAO PAULO,1,,,2022,39,0
F,9,16,38,23/09/2022,SP,355030,SAO PAULO,1,3,,2022,38,1
F,1,32,35,02/09/2022,SP,355030,SAO PAULO,1,1,,2022,35,1
M,9,12,37,13/09/2022,SP,355030,SAO PAULO,9,2,,2022,37,1
F,1,10,44,02/11/2022,SP,355030,SAO PAULO,1,2,,2022,44,1
M,4,5,40,06/10/2022,SP,355030,SAO PAULO,1,2,,2022,40,1
F,9,71,01,03/01/2022,SP,355030,SAO PAULO,1,2,,2022,1,1
F,4,8,38,24/09/2022,SP,355030,SAO PAULO,1,,,2022,38,0
F,1,3,40,03/10/2022,SP,355030,SAO PAULO,1,2,,2022,40,1
M,1,3,40,06/10/2022,SP,355030,SAO PAULO,1,6,NAO ESPECIFICADO,2022,40,1
F,2,2,39,27/09/2022,SP,355030,SAO PAULO,1,2,,2022,39,1
M,3,71,38,24/09/2022,SP,355030,SAO PAULO,1,1,,2022,38,1
F,1,25,01,02/01/2022,SP,355030,SAO PAULO,1,2,,2022,1,1
F,9,13,43,24/10/2022,SP,355030,SAO PAULO,1,4,,2022,43,1
M,9,52,03,21/01/2022,SP,355030,SAO PAULO,1,1,,2022,3,1
F,4,54,45,08/11/2022,SP,355030,SAO PAULO,1,,,2022,45,0
F,1,97,01,06/01/2022,SP,355030,SAO PAULO,1,3,,2022,1,1
F,1,85,02,15/01/2022,SP,355030,SAO PAULO,1,,,2022,2,0
M,1,34,02,12/01/2022,SP,355030,SAO PAULO,1,,,2022,2,0
M,1,45,01,02/01/2022,SP,355030,SAO PAULO,1,2,,2022,1,1
F,4,37,01,02/01/2022,SP,355030,SAO PAULO,1,2,,2022,1,1
F,4,26,36,05/09/2022,SP,355030,SAO PAULO,1,,,2022,36,0
M,4,11,39,30/09/2022,SP,355030,SAO PAULO,,4,,2022,39,1
M,1,7,40,05/10/2022,SP,355030,SAO PAULO,1,,,2022,40,0
M,1,5,36,06/09/2022,SP,355030,SAO PAULO,1,,,2022,36,0
F,9,51,38,19/09/2022,SP,355030,SAO PAULO,1,3,,2022,38,1
F,4,3,01,06/01/2022,SP,355030,SAO PAULO,1,2,,2022,1,1
F,9,2,11,18/03/2022,SP,355030,SAO PAULO,1,,,2022,11,0
M,9,67,47,25/11/2022,SP,355030,SAO PAULO,1,3,,2022,47,1
F,1,33,01,03/01/2022,SP,355030,SAO PAULO,1,2,,2022,1,1
M,1,12,45,10/11/2022,SP,355030,SAO PAULO,1,3,,2022,45,1
F,2,85,02,14/01/2022,SP,355030,SAO PAULO,1,2,,2022,2,1
F,4,80,01,04/01/2022,SP,355030,SAO PAULO,,2,,2022,1,1
F,1,63,01,04/01/2022,SP,355030,SAO PAULO,1,2,,2022,1,1
M,9,61,01,02/01/2022,SP,355030,SAO PAULO,1,4,,2022,1,1
F,9,92,02,12/01/2022,SP,355030,SAO PAULO,1,,,2022,2,0
M,1,61,37,13/09/2022,SP,355030,SAO PAULO,1,3,,2022,37,1
F,1,96,40,04/10/2022,SP,355030,SAO PAULO,1,3,,2022,40,1
F,4,85,02,09/01/2022,SP,355030,SAO PAULO,1,2,,2022,2,1
F,1,88,39,30/09/2022,SP,355030,SAO PAULO,,3,,2022,39,1
F,1,37,41,10/10/2022,SP,355030,SAO PAULO,1,2,,2022,41,1
F,1,12,31,05/08/2022,SP,355030,SAO PAULO,1,2,,2022,31,1
M,1,26,42,18/10/2022,SP,355030,SAO PAULO,1,2,,2022,42,1
M,1,70,10,12/03/2022,SP,355030,SAO PAULO,1,,,2022,10,0
F,1,5,41,13/10/2022,SP,355030,SAO PAULO,1,,,2022,41,0
F,9,5,21,25/05/2022,SP,355030,SAO PAULO,1,,,2022,21,0
M,3,74,41,14/10/2022,SP,355030,SAO PAULO,1,2,,2022,41,1
M,1,7,47,20/11/2022,SP,355030,SAO PAULO,1,,,2022,47,0
F,9,14,46,15/11/2022,SP,355030,SAO PAULO,1,,,2022,46,0
F,1,4,44,04/11/2022,SP,355030,SAO PAULO,9,2,,2022,44,1
M,1,2,01,02/01/2022,SP,355030,SAO PAULO,1,,,2022,1,0
F,1,1,40,05/10/2022,SP,355030,SAO PAULO,1,3,,2022,40,1
M,4,1,35,02/09/2022,SP,355030,SAO PAULO,1,3,,2022,35,1
M,4,1,37,17/09/2022,SP,355030,SAO PAULO,1,2,,2022,37,1
F,3,86,02,10/01/2022,SP,355030,SAO PAULO,1,3,,2022,2,1
M,1,10,01,06/01/2022,SP,355030,SAO PAULO,1,2,,2022,1,1
M,1,5,36,04/09/2022,SP,355030,SAO PAULO,1,1,,2022,36,1
F,9,7,41,14/10/2022,SP,355030,SAO PAULO,1,4,,2022,41,1
F,9,1,43,29/10/2022,SP,355030,SAO PAULO,,,,2022,43,0
M,9,60,02,13/01/2022,SP,355030,SAO PAULO,,4,,2022,2,1
F,9,38,44,02/11/2022,SP,355030,SAO PAULO,1,1,,2022,44,1
F,9,67,45,08/11/2022,SP,355030,SAO PAULO,9,3,,2022,45,1
M,1,28,13,01/04/2022,SP,355030,SAO PAULO,1,,,2022,13,0
M,1,16,41,15/10/2022,SP,355030,SAO PAULO,1,2,,2022,41,1
M,9,4,40,05/10/2022,SP,355030,SAO PAULO,1,3,,2022,40,1
F,1,10,37,11/09/2022,SP,355030,SAO PAULO,1,2,,2022,37,1
F,1,2,40,06/10/2022,SP,355030,SAO PAULO,1,,,2022,40,0
F,9,1,40,04/10/2022,SP,355030,SAO PAULO,1,3,,2022,40,1
M,1,11,40,07/10/2022,SP,355030,SAO PAULO,1,,,2022,40,0
M,1,78,01,04/01/2022,SP,355030,SAO PAULO,1,2,,2022,1,1
F,9,10,01,02/01/2022,SP,355030,SAO PAULO,,2,,2022,1,1
M,4,1,38,23/09/2022,SP,355030,SAO PAULO,1,4,,2022,38,1
M,9,6,41,09/10/2022,SP,355030,SAO PAULO,1,3,,2022,41,1
M,4,31,01,05/01/2022,SP,355030,SAO PAULO,1,2,,2022,1,1
F,9,78,01,08/01/2022,SP,355030,SAO PAULO,1,2,,2022,1,1
F,1,72,04,24/01/2022,SP,355030,SAO PAULO,1,2,,2022,4,1
F,4,75,10,11/03/2022,SP,355030,SAO PAULO,,,,2022,10,0
M,9,50,01,07/01/2022,SP,355030,SAO PAULO,1,2,,2022,1,1
M,9,44,01,07/01/2022,SP,355030,SAO PAULO,1,,,2022,1,0
F,1,86,41,13/10/2022,SP,355030,SAO PAULO,1,3,,2022,41,1
M,9,11,37,16/09/2022,SP,355030,SAO PAULO,1,3,,2022,37,1
F,9,4,38,21/09/2022,SP,355030,SAO PAULO,1,2,,2022,38,1
F,9,2,07,17/02/2022,SP,355030,SAO PAULO,1,1,,2022,7,1
M,1,1,43,25/10/2022,SP,355030,SAO PAULO,1,,,2022,43,0
M,1,82,01,06/01/2022,SP,355030,SAO PAULO,1,2,,2022,1,1
F,9,86,34,23/08/2022,SP,355030,SAO PAULO,,3,,2022,34,1
F,1,63,01,02/01/2022,SP,355030,SAO PAULO,9,2,,2022,1,1
F,9,83,36,10/09/2022,SP,355030,SAO PAULO,1,3,,2022,36,1
F,3,88,01,03/01/2022,SP,355030,SAO PAULO,1,3,,2022,1,1
M,1,93,01,05/01/2022,SP,355030,SAO PAULO,1,4,,2022,1,1
F,1,81,01,07/01/2022,SP,355030,SAO PAULO,1,3,,2022,1,1
M,1,28,15,12/04/2022,SP,355030,SAO PAULO,1,,,2022,15,0
M,4,79,37,12/09/2022,SP,355030,SAO PAULO,1,2,,2022,37,1
M,1,10,40,02/10/2022,SP,355030,SAO PAULO,1,,,2022,40,0
F,9,5,39,26/09/2022,SP,355030,SAO PAULO,1,2,,2022,39,1
F,9,71,38,19/09/2022,SP,355030,SAO PAULO,,3,,2022,38,1
F,1,90,49,05/12/2022,SP,355030,SAO PAULO,1,2,,2022,49,1
M,9,82,14,08/04/2022,SP,355030,SAO PAULO,9,2,,2022,14,1
M,4,64,01,02/01/2022,SP,355030,SAO PAULO,1,2,,2022,1,1
F,1,31,40,07/10/2022,SP,355030,SAO PAULO,1,3,,2022,40,1
M,2,53,01,07/01/2022,SP,355030,SAO PAULO,1,2,,2022,1,1
F,3,103,01,08/01/2022,SP,355030,SAO PAULO,1,3,,2022,1,1
F,4,40,15,10/04/2022,SP,355030,SAO PAULO,1,,,2022,15,0
F,1,94,02,10/01/2022,SP,355030,SAO PAULO,1,,,2022,2,0
F,1,36,01,03/01/2022,SP,355030,SAO PAULO,1,,,2022,1,0
M,1,12,37,13/09/2022,SP,355030,SAO PAULO,1,2,,2022,37,1
M,1,4,42,16/10/2022,SP,355030,SAO PAULO,1,,,2022,42,0
M,9,3,36,05/09/2022,SP,355030,SAO PAULO,,3,,2022,36,1
F,4,3,49,07/12/2022,SP,355030,SAO PAULO,1,2,,2022,49,1
M,4,4,01,06/01/2022,SP,355030,SAO PAULO,1,2,,2022,1,1
F,1,8,41,11/10/2022,SP,355030,SAO PAULO,,2,,2022,41,1
M,9,65,37,11/09/2022,SP,355030,SAO PAULO,1,2,,2022,37,1
M,1,66,01,05/01/2022,SP,355030,SAO PAULO,1,2,,2022,1,1
M,9,75,38,20/09/2022,SP,355030,SAO PAULO,1,3,,2022,38,1
M,9,67,01,05/01/2022,SP,355030,SAO PAULO,1,2,,2022,1,1
F,4,68,41,09/10/2022,SP,355030,SAO PAULO,1,3,,2022,41,1
F,1,78,01,02/01/2022,SP,355030,SAO PAULO,1,,,2022,1,0
F,1,83,02,10/01/2022,SP,355030,SAO PAULO,,2,,2022,2,1
M,1,33,01,02/01/2022,SP,355030,SAO PAULO,1,1,,2022,1,1
M,4,26,01,02/01/2022,SP,355030,SAO PAULO,1,,,2022,1,0
M,4,33,36,05/09/2022,SP,355030,SAO PAULO,1,2,,2022,36,1
F,4,17,01,03/01/2022,SP,355030,SAO PAULO,,2,,2022,1,1
M,9,89,02,09/01/2022,SP,355030,SAO PAULO,,2,,2022,2,1
F,4,1,01,02/01/2022,SP,355030,SAO PAULO,1,2,,2022,1,1
M,4,43,44,01/11/2022,SP,355030,SAO PAULO,1,,,2022,44,0
F,4,68,01,03/01/2022,SP,355030,SAO PAULO,1,2,,2022,1,1
M,2,53,10,12/03/2022,SP,355030,SAO PAULO,1,,,2022,10,0
F,9,59,41,09/10/2022,SP,355030,SAO PAULO,1,2,,2022,41,1
F,9,78,39,28/09/2022,SP,355030,SAO PAULO,1,3,,2022,39,1
M,4,2,40,04/10/2022,SP,355030,SAO PAULO,1,2,,2022,40,1
F,4,86,01,04/01/2022,SP,355030,SAO PAULO,1,2,,2022,1,1
F,4,27,40,06/10/2022,SP,355030,SAO PAULO,1,4,,2022,40,1
F,9,12,36,04/09/2022,SP,355030,SAO PAULO,1,3,,2022,36,1
M,4,2,01,04/01/2022,SP,355030,SAO PAULO,1,2,,2022,1,1
F,1,1,37,12/09/2022,SP,355030,SAO PAULO,1,,,2022,37,0
F,1,3,01,05/01/2022,SP,355030,SAO PAULO,1,2,,2022,1,1
F,9,10,39,01/10/2022,SP,355030,SAO PAULO,1,2,,2022,39,1
F,9,66,01,06/01/2022,SP,355030,SAO PAULO,1,2,,2022,1,1
F,1,7,41,10/10/2022,SP,355030,SAO PAULO,1,2,,2022,41,1
M,4,70,01,06/01/2022,SP,355030,SAO PAULO,1,2,,2022,1,1
F,4,71,01,05/01/2022,SP,355030,SAO PAULO,1,2,,2022,1,1
M,9,72,01,07/01/2022,SP,355030,SAO PAULO,1,2,,2022,1,1
F,1,40,39,27/09/2022,SP,355030,SAO PAULO,1,,,2022,39,0
F,1,85,41,10/10/2022,SP,355030,SAO PAULO,1,4,,2022,41,1
F,4,66,01,06/01/2022,SP,355030,SAO PAULO,1,2,,2022,1,1
F,9,44,39,30/09/2022,SP,355030,SAO PAULO,1,4,,2022,39,1
M,1,37,40,07/10/2022,SP,355030,SAO PAULO,1,,,2022,40,0
F,1,24,39,01/10/2022,SP,355030,SAO PAULO,1,4,,2022,39,1
F,1,21,41,12/10/2022,SP,355030,SAO PAULO,1,1,,2022,41,1
F,1,56,02,09/01/2022,SP,355030,SAO PAULO,,,,2022,2,0
F,4,3,16,20/04/2022,SP,355030,SAO PAULO,1,1,,2022,16,1
M,1,2,39,30/09/2022,SP,355030,SAO PAULO,1,,,2022,39,0
F,9,2,40,02/10/2022,SP,355030,SAO PAULO,1,2,,2022,40,1
F,2,7,47,22/11/2022,SP,355030,SAO PAULO,1,,,2022,47,0
M,9,74,01,05/01/2022,SP,355030,SAO PAULO,,2,,2022,1,1
F,4,76,02,13/01/2022,SP,355030,SAO PAULO,1,2,,2022,2,1
M,1,57,02,12/01/2022,SP,355030,SAO PAULO,1,3,,2022,2,1
M,1,93,02,12/01/2022,SP,355030,SAO PAULO,1,3,,2022,2,1
M,1,77,03,16/01/2022,SP,355030,SAO PAULO,,3,,2022,3,1
F,1,66,38,21/09/2022,SP,355030,SAO PAULO,1,2,,2022,38,1
M,1,49,01,03/01/2022,SP,355030,SAO PAULO,,,,2022,1,0
F,9,72,01,04/01/2022,SP,355030,SAO PAULO,,,,2022,1,0
F,1,86,01,06/01/2022,SP,355030,SAO PAULO,1,,,2022,1,0
M,9,28,38,19/09/2022,SP,355030,SAO PAULO,1,,,2022,38,0
F,4,8,43,24/10/2022,SP,355030,SAO PAULO,1,2,,2022,43,1
F,9,6,40,02/10/2022,SP,355030,SAO PAULO,1,2,,2022,40,1
M,1,77,01,02/01/2022,SP,355030,SAO PAULO,,3,,2022,1,1
M,4,4,41,13/10/2022,SP,355030,SAO PAULO,1,2,,2022,41,1
F,1,6,02,12/01/2022,SP,355030,SAO PAULO,1,2,,2022,2,1
M,1,14,38,19/09/2022,SP,355030,SAO PAULO,1,1,,2022,38,1
M,9,9,19,11/05/2022,SP,355030,SAO PAULO,1,,,2022,19,0
F,9,70,45,10/11/2022,SP,355030,SAO PAULO,1,,,2022,45,0
F,1,5,38,23/09/2022,SP,355030,SAO PAULO,1,3,,2022,38,1
M,9,14,38,24/09/2022,SP,355030,SAO PAULO,9,,,2022,38,0
M,4,77,01,02/01/2022,SP,355030,SAO PAULO,1,2,,2022,1,1
M,1,76,33,20/08/2022,SP,355030,SAO PAULO,1,3,,2022,33,1
F,1,75,01,06/01/2022,SP,355030,SAO PAULO,1,,,2022,1,0
F,1,86,26,30/06/2022,SP,355030,SAO PAULO,1,3,,2022,26,1
M,1,7,42,16/10/2022,SP,355030,SAO PAULO,,,,2022,42,0
F,1,96,01,04/01/2022,SP,355030,SAO PAULO,1,3,,2022,1,1
M,1,22,01,02/01/2022,SP,355030,SAO PAULO,1,3,,2022,1,1
M,4,8,40,08/10/2022,SP,355030,SAO PAULO,1,2,,2022,40,1
M,4,56,01,03/01/2022,SP,355030,SAO PAULO,1,2,,2022,1,1
M,1,5,48,01/12/2022,SP,355030,SAO PAULO,1,,,2022,48,0
F,1,4,42,18/10/2022,SP,355030,SAO PAULO,1,2,,2022,42,1
F,4,2,38,24/09/2022,SP,355030,SAO PAULO,1,4,,2022,38,1
M,1,3,38,20/09/2022,SP,355030,SAO PAULO,1,1,,2022,38,1
M,1,91,40,06/10/2022,SP,355030,SAO PAULO,1,2,,2022,40,1
F,4,82,01,07/01/2022,SP,355030,SAO PAULO,1,2,,2022,1,1
M,1,83,38,22/09/2022,SP,355030,SAO PAULO,1,4,,2022,38,1
F,1,56,44,05/11/2022,SP,355030,SAO PAULO,1,1,,2022,44,1
F,9,85,01,02/01/2022,SP,355030,SAO PAULO,1,2,,2022,1,1
F,9,69,01,04/01/2022,SP,355030,SAO PAULO,1,2,,2022,1,1
M,9,78,37,16/09/2022,SP,355030,SAO PAULO,1,3,,2022,37,1
M,9,7,36,05/09/2022,SP,355030,SAO PAULO,,4,,2022,36,1
F,4,12,40,02/10/2022,SP,355030,SAO PAULO,1,3,,2022,40,1
F,9,71,40,03/10/2022,SP,355030,SAO PAULO,1,1,,2022,40,1
M,1,5,41,10/10/2022,SP,355030,SAO PAULO,1,,,2022,41,0
F,1,4,42,17/10/2022,SP,355030,SAO PAULO,,3,,2022,42,1
M,9,3,40,06/10/2022,SP,355030,SAO PAULO,1,3,,2022,40,1
M,1,3,40,07/10/2022,SP,355030,SAO PAULO,1,,,2022,40,0
M,9,2,44,03/11/2022,SP,355030,SAO PAULO,9,3,,2022,44,1
M,1,1,37,11/09/2022,SP,355030,SAO PAULO,1,,,2022,37,0
M,9,55,01,03/01/2022,SP,355030,SAO PAULO,1,,,2022,1,0
F,1,79,43,26/10/2022,SP,355030,SAO PAULO,,2,,2022,43,1
F,1,67,44,04/11/2022,SP,355030,SAO PAULO,1,2,,2022,44,1
F,4,27,01,02/01/2022,SP,355030,SAO PAULO,1,2,,2022,1,1
F,4,74,37,12/09/2022,SP,355030,SAO PAULO,1,3,,2022,37,1
F,1,6,26,26/06/2022,SP,355030,SAO PAULO,1,3,,2022,26,1
M,9,8,36,08/09/2022,SP,355030,SAO PAULO,1,3,,2022,36,1
M,1,2,40,06/10/2022,SP,355030,SAO PAULO,1,,,2022,40,0
M,9,7,42,21/10/2022,SP,355030,SAO PAULO,,3,,2022,42,1
F,1,1,43,23/10/2022,SP,355030,SAO PAULO,1,,,2022,43,0
F,9,7,25,20/06/2022,SP,355030,SAO PAULO,,,,2022,25,0
F,1,75,41,11/10/2022,SP,355030,SAO PAULO,1,3,,2022,41,1
M,1,79,01,03/01/2022,SP,355030,SAO PAULO,,,,2022,1,0
F,1,56,39,01/10/2022,SP,355030,SAO PAULO,1,,,2022,39,0
F,1,36,01,07/01/2022,SP,355030,SAO PAULO,9,1,,2022,1,1
F,1,10,40,02/10/2022,SP,355030,SAO PAULO,1,1,,2022,40,1
M,4,7,48,30/11/2022,SP,355030,SAO PAULO,1,1,,2022,48,1
F,1,4,12,23/03/2022,SP,355030,SAO PAULO,1,,,2022,12,0
M,1,7,37,13/09/2022,SP,355030,SAO PAULO,1,3,,2022,37,1
F,9,3,38,21/09/2022,SP,355030,SAO PAULO,1,3,,2022,38,1
M,9,1,36,10/09/2022,SP,355030,SAO PAULO,1,3,,2022,36,1
M,4,79,01,05/01/2022,SP,355030,SAO PAULO,,2,,2022,1,1
M,1,9,19,12/05/2022,SP,355030,SAO PAULO,,,,2022,19,0
M,9,1,39,26/09/2022,SP,355030,SAO PAULO,1,4,,2022,39,1
M,9,87,04,27/01/2022,SP,355030,SAO PAULO,,,,2022,4,0
M,1,95,01,08/01/2022,SP,355030,SAO PAULO,1,2,,2022,1,1
M,3,57,41,10/10/2022,SP,355030,SAO PAULO,1,,,2022,41,0
M,1,69,01,03/01/2022,SP,355030,SAO PAULO,1,2,,2022,1,1
F,1,60,39,26/09/2022,SP,355030,SAO PAULO,1,,,2022,39,0
M,4,53,21,22/05/2022,SP,355030,SAO PAULO,1,,,2022,21,0
F,1,84,39,25/09/2022,SP,355030,SAO PAULO,1,3,,2022,39,1
F,1,26,40,04/10/2022,SP,355030,SAO PAULO,1,3,,2022,40,1
M,1,7,41,12/10/2022,SP,355030,SAO PAULO,1,,,2022,41,0
M,1,4,41,12/10/2022,SP,355030,SAO PAULO,1,,,2022,41,0
M,9,2,41,13/10/2022,SP,355030,SAO PAULO,1,2,,2022,41,1
M,4,6,02,09/01/2022,SP,355030,SAO PAULO,1,2,,2022,2,1
F,1,1,46,15/11/2022,SP,355030,SAO PAULO,1,,,2022,46,0
M,4,1,20,14/05/2023,SP,355030,SAO PAULO,1,4,,2023,20,1
M,1,43,18,06/05/2023,SP,355030,SAO PAULO,1,3,,2023,18,1
M,1,73,23,08/06/2023,SP,355030,SAO PAULO,1,3,,2023,23,1
F,9,11,27,06/07/2023,SP,355030,SAO PAULO,1,,,2023,27,0
F,1,56,21,23/05/2023,SP,355030,SAO PAULO,1,3,,2023,21,1
M,4,34,35,30/08/2023,SP,355030,SAO PAULO,1,,,2023,35,0
M,1,40,21,26/05/2023,SP,355030,SAO PAULO,1,4,,2023,21,1
F,1,66,18,05/05/2023,SP,355030,SAO PAULO,1,,,2023,18,0
M,9,45,27,04/07/2023,SP,355030,SAO PAULO,1,,,2023,27,0
F,4,53,21,25/05/2023,SP,355030,SAO PAULO,1,1,,2023,21,1
F,1,5,18,05/05/2023,SP,355030,SAO PAULO,1,3,,2023,18,1
F,1,5,21,21/05/2023,SP,355030,SAO PAULO,1,,,2023,21,0
F,1,5,18,05/05/2023,SP,355030,SAO PAULO,1,4,,2023,18,1
F,1,4,38,18/09/2023,SP,355030,SAO PAULO,1,,,2023,38,0
F,9,2,21,27/05/2023,SP,355030,SAO PAULO,1,1,,2023,21,1
F,1,18,45,05/11/2023,SP,355030,SAO PAULO,1,,,2023,45,0
F,9,1,17,24/04/2023,SP,355030,SAO PAULO,1,,,2023,17,0
F,4,1,28,15/07/2023,SP,355030,SAO PAULO,1,5,,2023,28,1
M,4,1,23,09/06/2023,SP,355030,SAO PAULO,1,3,,2023,23,1
M,1,9,20,19/05/2023,SP,355030,SAO PAULO,1,1,,2023,20,1
M,1,8,40,06/10/2023,SP,355030,SAO PAULO,1,,,2023,40,0
M,4,62,20,16/05/2023,SP,355030,SAO PAULO,1,1,,2023,20,1
M,4,82,22,29/05/2023,SP,355030,SAO PAULO,1,1,,2023,22,1
M,4,8,16,17/04/2023,SP,355030,SAO PAULO,1,3,,2023,16,1
F,2,63,40,07/10/2023,SP,355030,SAO PAULO,1,,,2023,40,0
M,1,86,14,08/04/2023,SP,355030,SAO PAULO,9,5,,2023,14,1
M,1,60,13,27/03/2023,SP,355030,SAO PAULO,1,1,,2023,13,1
M,9,91,18,02/05/2023,SP,355030,SAO PAULO,,5,,2023,18,1
M,1,50,17,27/04/2023,SP,355030,SAO PAULO,1,1,,2023,17,1
F,1,55,21,25/05/2023,SP,355030,SAO PAULO,1,1,,2023,21,1
F,1,92,27,05/07/2023,SP,355030,SAO PAULO,1,6,NAO SUBTIPADO,2023,27,1
F,1,93,20,16/05/2023,SP,355030,SAO PAULO,1,4,,2023,20,1
M,1,9,19,10/05/2023,SP,355030,SAO PAULO,1,1,,2023,19,1
F,1,77,16,20/04/2023,SP,355030,SAO PAULO,1,,,2023,16,0
M,1,30,32,06/08/2023,SP,355030,SAO PAULO,1,,,2023,32,0
M,1,6,23,07/06/2023,SP,355030,SAO PAULO,1,,,2023,23,0
M,1,4,25,20/06/2023,SP,355030,SAO PAULO,1,,,2023,25,0
F,9,68,17,26/04/2023,SP,355030,SAO PAULO,1,6,,2023,17,1
M,2,66,20,17/05/2023,SP,355030,SAO PAULO,1,4,,2023,20,1
F,4,8,27,06/07/2023,SP,355030,SAO PAULO,1,3,,2023,27,1
M,1,10,23,10/06/2023,SP,355030,SAO PAULO,1,4,,2023,23,1
M,1,3,20,18/05/2023,SP,355030,SAO PAULO,1,6,,2023,20,1
M,1,62,25,24/06/2023,SP,355030,SAO PAULO,1,4,,2023,25,1
F,3,80,15,15/04/2023,SP,355030,SAO PAULO,1,,,2023,15,0
F,9,77,23,06/06/2023,SP,355030,SAO PAULO,9,5,,2023,23,1
M,1,59,16,17/04/2023,SP,355030,SAO PAULO,1,,,2023,16,0
M,1,6,21,21/05/2023,SP,355030,SAO PAULO,1,3,,2023,21,1
M,4,67,21,24/05/2023,SP,355030,SAO PAULO,1,1,,2023,21,1
F,1,72,20,17/05/2023,SP,355030,SAO PAULO,1,5,,2023,20,1
F,9,23,15,13/04/2023,SP,355030,SAO PAULO,,5,,2023,15,1
F,4,28,22,01/06/2023,SP,355030,SAO PAULO,1,1,,2023,22,1
F,1,15,20,19/05/2023,SP,355030,SAO PAULO,1,,,2023,20,0
F,9,74,20,14/05/2023,SP,355030,SAO PAULO,,5,,2023,20,1
M,1,5,21,21/05/2023,SP,355030,SAO PAULO,1,,,2023,21,0
F,1,2,27,06/07/2023,SP,355030,SAO PAULO,1,,,2023,27,0
M,1,2,23,04/06/2023,SP,355030,SAO PAULO,,3,,2023,23,1
F,9,1,49,03/12/2023,SP,355030,SAO PAULO,1,,,2023,49,0
M,4,7,15,10/04/2023,SP,355030,SAO PAULO,1,1,,2023,15,1
M,4,11,42,15/10/2023,SP,355030,SAO PAULO,1,,,2023,42,0
F,1,91,14,02/04/2023,SP,355030,SAO PAULO,1,4,,2023,14,1
F,9,84,35,27/08/2023,SP,355030,SAO PAULO,1,5,,2023,35,1
F,1,70,21,23/05/2023,SP,355030,SAO PAULO,1,5,,2023,21,1
M,2,47,21,26/05/2023,SP,355030,SAO PAULO,1,6,,2023,21,1
M,1,50,21,26/05/2023,SP,355030,SAO PAULO,1,1,,2023,21,1
F,1,88,48,28/11/2023,SP,355030,SAO PAULO,1,,,2023,48,0
F,4,7,17,27/04/2023,SP,355030,SAO PAULO,1,1,,2023,17,1
F,4,6,22,02/06/2023,SP,355030,SAO PAULO,1,1,,2023,22,1
F,9,6,21,27/05/2023,SP,355030,SAO PAULO,1,5,,2023,21,1
F,9,6,17,26/04/2023,SP,355030,SAO PAULO,,1,,2023,17,1
F,1,5,15,11/04/2023,SP,355030,SAO PAULO,1,,,2023,15,0
F,9,13,09,01/03/2023,SP,355030,SAO PAULO,1,1,,2023,9,1
M,1,16,23,07/06/2023,SP,355030,SAO PAULO,1,,,2023,23,0
F,9,4,19,10/05/2023,SP,355030,SAO PAULO,1,,,2023,19,0
F,9,3,20,20/05/2023,SP,355030,SAO PAULO,1,4,,2023,20,1
F,1,3,27,06/07/2023,SP,355030,SAO PAULO,1,3,,2023,27,1
M,9,7,14,06/04/2023,SP,355030,SAO PAULO,1,,,2023,14,0
F,1,71,21,24/05/2023,SP,355030,SAO PAULO,,3,,2023,21,1
M,1,9,19,10/05/2023,SP,355030,SAO PAULO,1,1,,2023,19,1
M,4,13,19,10/05/2023,SP,355030,SAO PAULO,,1,,2023,19,1
M,1,0,21,24/05/2023,SP,355030,SAO PAULO,1,4,,2023,21,1
M,9,80,20,19/05/2023,SP,355030,SAO PAULO,1,1,,2023,20,1
M,4,56,22,30/05/2023,SP,355030,SAO PAULO,1,1,,2023,22,1
M,1,54,20,19/05/2023,SP,355030,SAO PAULO,1,3,,2023,20,1
F,9,93,11,15/03/2023,SP,355030,SAO PAULO,1,1,,2023,11,1
M,1,57,20,20/05/2023,SP,355030,SAO PAULO,1,3,,2023,20,1
F,4,41,17,25/04/2023,SP,355030,SAO PAULO,1,1,,2023,17,1
F,9,80,21,24/05/2023,SP,355030,SAO PAULO,1,3,,2023,21,1
F,9,24,12,22/03/2023,SP,355030,SAO PAULO,1,4,,2023,12,1
M,1,6,21,25/05/2023,SP,355030,SAO PAULO,1,,,2023,21,0
F,1,3,15,10/04/2023,SP,355030,SAO PAULO,1,4,,2023,15,1
F,9,2,20,15/05/2023,SP,355030,SAO PAULO,,1,,2023,20,1
M,1,1,22,02/06/2023,SP,355030,SAO PAULO,1,,,2023,22,0
M,1,1,22,02/06/2023,SP,355030,SAO PAULO,1,,,2023,22,0
F,4,1,11,15/03/2023,SP,355030,SAO PAULO,1,,,2023,11,0
F,4,1,17,28/04/2023,SP,355030,SAO PAULO,1,,,2023,17,0
F,9,5,21,23/05/2023,SP,355030,SAO PAULO,1,1,,2023,21,1
M,4,2,21,21/05/2023,SP,355030,SAO PAULO,,5,,2023,21,1
M,9,1,37,12/09/2023,SP,355030,SAO PAULO,1,,,2023,37,0
M,1,12,22,30/05/2023,SP,355030,SAO PAULO,1,1,,2023,22,1
F,1,5,24,14/06/2023,SP,355030,SAO PAULO,1,1,,2023,24,1
M,1,74,18,02/05/2023,SP,355030,SAO PAULO,9,1,,2023,18,1
M,3,79,18,04/05/2023,SP,355030,SAO PAULO,1,1,,2023,18,1
F,1,35,11,14/03/2023,SP,355030,SAO PAULO,,3,,2023,11,1
F,2,88,31,04/08/2023,SP,355030,SAO PAULO,,3,,2023,31,1
F,9,65,50,14/12/2023,SP,355030,SAO PAULO,1,1,,2023,50,1
M,4,34,23,09/06/2023,SP,355030,SAO PAULO,1,4,,2023,23,1
M,1,24,29,16/07/2023,SP,355030,SAO PAULO,1,1,,2023,29,1
M,9,7,46,18/11/2023,SP,355030,SAO PAULO,1,,,2023,46,0
M,1,6,25,24/06/2023,SP,355030,SAO PAULO,9,5,,2023,25,1
M,2,3,15,09/04/2023,SP,355030,SAO PAULO,1,1,,2023,15,1
F,4,1,14,03/04/2023,SP,355030,SAO PAULO,1,1,,2023,14,1
F,9,1,15,11/04/2023,SP,355030,SAO PAULO,1,,,2023,15,0
M,9,9,16,20/04/2023,SP,355030,SAO PAULO,,5,,2023,16,1
M,9,10,35,29/08/2023,SP,355030,SAO PAULO,1,,,2023,35,0
F,4,6,20,16/05/2023,SP,355030,SAO PAULO,1,6,,2023,20,1
F,9,4,18,05/05/2023,SP,355030,SAO PAULO,1,,,2023,18,0
M,9,5,30,25/07/2023,SP,355030,SAO PAULO,,1,,2023,30,1
F,1,71,24,11/06/2023,SP,355030,SAO PAULO,,3,,2023,24,1
F,1,68,11,16/03/2023,SP,355030,SAO PAULO,9,5,,2023,11,1
F,1,11,20,15/05/2023,SP,355030,SAO PAULO,1,5,,2023,20,1
M,1,31,18,03/05/2023,SP,355030,SAO PAULO,,,,2023,18,0
M,9,70,16,22/04/2023,SP,355030,SAO PAULO,1,2,,2023,16,1
M,1,85,23,06/06/2023,SP,355030,SAO PAULO,,3,,2023,23,1
M,2,53,38,22/09/2023,SP,355030,SAO PAULO,1,,,2023,38,0
F,9,47,12,23/03/2023,SP,355030,SAO PAULO,1,,,2023,12,0
F,1,36,23,07/06/2023,SP,355030,SAO PAULO,1,1,,2023,23,1
F,4,33,23,10/06/2023,SP,355030,SAO PAULO,1,4,,2023,23,1
F,1,40,52,30/12/2023,SP,355030,SAO PAULO,1,3,,2023,52,1
F,1,27,25,23/06/2023,SP,355030,SAO PAULO,1,3,,2023,25,1
F,4,9,05,01/02/2023,SP,355030,SAO PAULO,1,,,2023,5,0
F,1,15,21,26/05/2023,SP,355030,SAO PAULO,1,1,,2023,21,1
M,9,14,24,16/06/2023,SP,355030,SAO PAULO,1,3,,2023,24,1
F,1,9,23,07/06/2023,SP,355030,SAO PAULO,1,5,,2023,23,1
M,4,5,21,23/05/2023,SP,355030,SAO PAULO,1,1,,2023,21,1
M,1,6,18,30/04/2023,SP,355030,SAO PAULO,1,,,2023,18,0
M,9,2,16,17/04/2023,SP,355030,SAO PAULO,1,1,,2023,16,1
F,4,4,22,30/05/2023,SP,355030,SAO PAULO,1,4,,2023,22,1
M,1,5,33,14/08/2023,SP,355030,SAO PAULO,1,4,,2023,33,1
M,9,2,23,07/06/2023,SP,355030,SAO PAULO,1,5,,2023,23,1
M,1,73,35,01/09/2023,SP,355030,SAO PAULO,1,,,2023,35,0
F,4,65,21,24/05/2023,SP,355030,SAO PAULO,1,5,,2023,21,1
F,4,1,15,14/04/2023,SP,355030,SAO PAULO,1,1,,2023,15,1
F,9,75,18,01/05/2023,SP,355030,SAO PAULO,1,,,2023,18,0
F,1,39,28,11/07/2023,SP,355030,SAO PAULO,1,6,A H1-2009,2023,28,1
F,1,82,25,23/06/2023,SP,355030,SAO PAULO,1,5,,2023,25,1
M,1,1,20,19/05/2023,SP,355030,SAO PAULO,1,1,,2023,20,1
F,1,86,22,02/06/2023,SP,355030,SAO PAULO,1,1,,2023,22,1
F,9,87,17,29/04/2023,SP,355030,SAO PAULO,1,1,,2023,17,1
M,1,46,18,30/04/2023,SP,355030,SAO PAULO,1,3,,2023,18,1
M,2,48,32,08/08/2023,SP,355030,SAO PAULO,1,,,2023,32,0
M,1,38,20,18/05/2023,SP,355030,SAO PAULO,1,4,,2023,20,1
M,9,37,20,18/05/2023,SP,355030,SAO PAULO,1,1,,2023,20,1
F,4,33,23,06/06/2023,SP,355030,SAO PAULO,,3,,2023,23,1
M,9,17,25,24/06/2023,SP,355030,SAO PAULO,1,3,,2023,25,1
M,1,8,15,14/04/2023,SP,355030,SAO PAULO,1,,,2023,15,0
M,1,7,20,20/05/2023,SP,355030,SAO PAULO,9,3,,2023,20,1
M,1,6,24,16/06/2023,SP,355030,SAO PAULO,1,,,2023,24,0
M,9,11,14,07/04/2023,SP,355030,SAO PAULO,,,,2023,14,0
M,4,12,20,17/05/2023,SP,355030,SAO PAULO,1,6,H1N1 CEPA 2009,2023,20,1
M,4,5,18,02/05/2023,SP,355030,SAO PAULO,1,,,2023,18,0
F,1,5,35,27/08/2023,SP,355030,SAO PAULO,1,,,2023,35,0
M,1,3,23,04/06/2023,SP,355030,SAO PAULO,1,5,,2023,23,1
M,1,6,49,07/12/2023,SP,355030,SAO PAULO,1,,,2023,49,0
M,9,67,29,20/07/2023,SP,355030,SAO PAULO,1,,,2023,29,0
M,1,8,17,25/04/2023,SP,355030,SAO PAULO,1,6,,2023,17,1
F,1,3,21,21/05/2023,SP,355030,SAO PAULO,1,1,,2023,21,1
M,1,14,24,16/06/2023,SP,355030,SAO PAULO,1,4,,2023,24,1
M,4,59,45,09/11/2023,SP,355030,SAO PAULO,1,3,,2023,45,1
F,9,67,14,03/04/2023,SP,355030,SAO PAULO,1,1,,2023,14,1
F,1,69,21,22/05/2023,SP,355030,SAO PAULO,1,3,,2023,21,1
M,9,8,21,25/05/2023,SP,355030,SAO PAULO,1,1,,2023,21,1
M,9,71,22,28/05/2023,SP,355030,SAO PAULO,9,,,2023,22,0
F,1,43,16,22/04/2023,SP,355030,SAO PAULO,9,5,,2023,16,1
M,1,94,28,09/07/2023,SP,355030,SAO PAULO,1,1,,2023,28,1
F,4,33,19,10/05/2023,SP,355030,SAO PAULO,1,4,,2023,19,1
F,1,86,22,28/05/2023,SP,355030,SAO PAULO,,4,,2023,22,1
M,1,94,26,01/07/2023,SP,355030,SAO PAULO,1,4,,2023,26,1
M,9,8,13,28/03/2023,SP,355030,SAO PAULO,1,3,,2023,13,1
F,1,2,21,23/05/2023,SP,355030,SAO PAULO,1,1,,2023,21,1
F,4,11,22,03/06/2023,SP,355030,SAO PAULO,1,,,2023,22,0
F,9,1,19,10/05/2023,SP,355030,SAO PAULO,1,1,,2023,19,1
M,1,1,24,13/06/2023,SP,355030,SAO PAULO,1,5,,2023,24,1
M,1,1,23,09/06/2023,SP,355030,SAO PAULO,1,1,,2023,23,1
M,4,8,18,05/05/2023,SP,355030,SAO PAULO,1,5,,2023,18,1
M,2,4,20,18/05/2023,SP,355030,SAO PAULO,1,1,,2023,20,1
F,1,3,26,26/06/2023,SP,355030,SAO PAULO,1,,,2023,26,0
F,1,2,44,01/11/2023,SP,355030,SAO PAULO,1,3,,2023,44,1
M,1,70,15,15/04/2023,SP,355030,SAO PAULO,9,5,,2023,15,1
F,1,92,26,25/06/2023,SP,355030,SAO PAULO,1,5,,2023,26,1
M,1,45,24,17/06/2023,SP,355030,SAO PAULO,1,3,,2023,24,1
M,3,76,25,22/06/2023,SP,355030,SAO PAULO,1,3,,2023,25,1
F,1,81,31,30/07/2023,SP,355030,SAO PAULO,1,,,2023,31,0
F,2,64,22,29/05/2023,SP,355030,SAO PAULO,1,3,,2023,22,1
F,1,41,25,21/06/2023,SP,355030,SAO PAULO,,3,,2023,25,1
F,9,43,18,06/05/2023,SP,355030,SAO PAULO,1,5,,2023,18,1
F,9,39,19,11/05/2023,SP,355030,SAO PAULO,1,1,,2023,19,1
F,1,71,23,09/06/2023,SP,355030,SAO PAULO,1,,,2023,23,0
M,1,29,13,01/04/2023,SP,355030,SAO PAULO,1,4,,2023,13,1
F,1,24,33,14/08/2023,SP,355030,SAO PAULO,1,4,,2023,33,1
F,1,7,14,07/04/2023,SP,355030,SAO PAULO,1,,,2023,14,0
F,4,8,19,07/05/2023,SP,355030,SAO PAULO,1,1,,2023,19,1
M,2,5,18,03/05/2023,SP,355030,SAO PAULO,1,,,2023,18,0
M,1,4,19,12/05/2023,SP,355030,SAO PAULO,1,1,,2023,19,1
F,1,7,17,23/04/2023,SP,355030,SAO PAULO,1,,,2023,17,0
M,4,3,03,18/01/2023,SP,355030,SAO PAULO,1,6,NAO ESPECIFICADO,2023,3,1
M,4,1,25,19/06/2023,SP,355030,SAO PAULO,1,1,,2023,25,1
F,1,80,52,25/12/2023,SP,355030,SAO PAULO,1,1,,2023,52,1
M,1,3,37,13/09/2023,SP,355030,SAO PAULO,1,,,2023,37,0
F,1,76,13,27/03/2023,SP,355030,SAO PAULO,1,3,,2023,13,1
F,1,76,17,29/04/2023,SP,355030,SAO PAULO,1,6,,2023,17,1
F,1,73,36,04/09/2023,SP,355030,SAO PAULO,1,1,,2023,36,1
F,1,83,23,05/06/2023,SP,355030,SAO PAULO,,3,,2023,23,1
M,1,2,22,30/05/2023,SP,355030,SAO PAULO,1,,,2023,22,0
M,1,81,21,25/05/2023,SP,355030,SAO PAULO,1,,,2023,21,0
M,1,77,23,10/06/2023,SP,355030,SAO PAULO,1,,,2023,23,0
M,1,49,22,02/06/2023,SP,355030,SAO PAULO,1,,,2023,22,0
F,1,93,23,09/06/2023,SP,355030,SAO PAULO,1,1,,2023,23,1
F,9,86,19,08/05/2023,SP,355030,SAO PAULO,,,,2023,19,0
F,1,73,22,03/06/2023,SP,355030,SAO PAULO,9,,,2023,22,0
M,4,63,20,18/05/2023,SP,355030,SAO PAULO,1,1,,2023,20,1
M,1,62,04,26/01/2023,SP,355030,SAO PAULO,1,3,,2023,4,1
M,4,41,17,25/04/2023,SP,355030,SAO PAULO,1,,,2023,17,0
M,4,58,26,29/06/2023,SP,355030,SAO PAULO,1,,,2023,26,0
M,1,19,15,11/04/2023,SP,355030,SAO PAULO,9,5,,2023,15,1
M,1,83,15,12/04/2023,SP,355030,SAO PAULO,1,1,,2023,15,1
F,1,5,22,30/05/2023,SP,355030,SAO PAULO,1,1,,2023,22,1
M,3,9,21,27/05/2023,SP,355030,SAO PAULO,1,5,,2023,21,1
F,9,8,25,23/06/2023,SP,355030,SAO PAULO,1,,,2023,25,0
M,1,5,17,24/04/2023,SP,355030,SAO PAULO,1,,,2023,17,0
F,3,4,23,07/06/2023,SP,355030,SAO PAULO,1,5,,2023,23,1
M,1,5,37,16/09/2023,SP,355030,SAO PAULO,1,,,2023,37,0
M,4,78,21,21/05/2023,SP,355030,SAO PAULO,1,,,2023,21,0
M,2,79,16,16/04/2023,SP,355030,SAO PAULO,1,1,,2023,16,1
M,4,4,21,21/05/2023,SP,355030,SAO PAULO,1,6,,2023,21,1
M,1,83,18,01/05/2023,SP,355030,SAO PAULO,1,,,2023,18,0
M,1,56,24,14/06/2023,SP,355030,SAO PAULO,1,5,,2023,24,1
M,1,81,18,05/05/2023,SP,355030,SAO PAULO,1,,,2023,18,0
M,9,80,19,09/05/2023,SP,355030,SAO PAULO,1,,,2023,19,0
M,1,45,48,28/11/2023,SP,355030,SAO PAULO,1,3,,2023,48,1
F,1,75,22,01/06/2023,SP,355030,SAO PAULO,1,4,,2023,22,1
M,1,36,16,16/04/2023,SP,355030,SAO PAULO,9,5,,2023,16,1
F,1,27,21,22/05/2023,SP,355030,SAO PAULO,1,3,,2023,21,1
M,1,9,21,21/05/2023,SP,355030,SAO PAULO,1,,,2023,21,0
M,1,81,17,24/04/2023,SP,355030,SAO PAULO,9,5,,2023,17,1
F,1,7,16,20/04/2023,SP,355030,SAO PAULO,,5,,2023,16,1
M,2,6,23,05/06/2023,SP,355030,SAO PAULO,1,6,NAO INFORMADO,2023,23,1
F,1,2,19,11/05/2023,SP,355030,SAO PAULO,1,,,2023,19,0
M,4,1,17,27/04/2023,SP,355030,SAO PAULO,1,3,,2023,17,1
M,4,3,22,01/06/2023,SP,355030,SAO PAULO,1,1,,2023,22,1
F,1,87,24,15/06/2023,SP,355030,SAO PAULO,,3,,2023,24,1
F,9,8,14,05/04/2023,SP,355030,SAO PAULO,1,5,,2023,14,1
F,4,6,20,20/05/2023,SP,355030,SAO PAULO,1,5,,2023,20,1
M,4,8,22,30/05/2023,SP,355030,SAO PAULO,1,1,,2023,22,1
F,1,94,02,09/01/2023,SP,355030,SAO PAULO,1,,,2023,2,0
F,1,53,26,28/06/2023,SP,355030,SAO PAULO,1,3,,2023,26,1
M,1,83,13,30/03/2023,SP,355030,SAO PAULO,1,3,,2023,13,1
M,9,8,22,29/05/2023,SP,355030,SAO PAULO,1,1,,2023,22,1
F,1,85,20,15/05/2023,SP,355030,SAO PAULO,1,4,,2023,20,1
M,1,3,17,23/04/2023,SP,355030,SAO PAULO,1,3,,2023,17,1
F,9,36,24,11/06/2023,SP,355030,SAO PAULO,1,,,2023,24,0
F,2,69,23,10/06/2023,SP,355030,SAO PAULO,1,5,,2023,23,1
F,1,29,51,18/12/2023,SP,355030,SAO PAULO,1,,,2023,51,0
M,1,13,23,06/06/2023,SP,355030,SAO PAULO,1,,,2023,23,0
F,4,9,10,10/03/2023,SP,355030,SAO PAULO,1,5,,2023,10,1
F,9,6,20,20/05/2023,SP,355030,SAO PAULO,1,,,2023,20,0
M,9,9,42,17/10/2023,SP,355030,SAO PAULO,1,,,2023,42,0
M,4,4,25,21/06/2023,SP,355030,SAO PAULO,1,4,,2023,25,1
F,1,1,16,19/04/2023,SP,355030,SAO PAULO,1,,,2023,16,0
M,4,1,34,23/08/2023,SP,355030,SAO PAULO,1,1,,2023,34,1
F,9,0,22,03/06/2023,SP,355030,SAO PAULO,1,1,,2023,22,1
F,4,6,19,13/05/2023,SP,355030,SAO PAULO,1,1,,2023,19,1
F,4,89,16,22/04/2023,SP,355030,SAO PAULO,1,,,2023,16,0
F,1,73,25,21/06/2023,SP,355030,SAO PAULO,1,1,,2023,25,1
M,1,6,23,10/06/2023,SP,355030,SAO PAULO,1,5,,2023,23,1
M,9,83,41,12/10/2023,SP,355030,SAO PAULO,9,1,,2023,41,1
M,1,80,43,24/10/2023,SP,355030,SAO PAULO,1,,,2023,43,0
F,1,53,33,13/08/2023,SP,355030,SAO PAULO,1,3,,2023,33,1
M,1,47,27,02/07/2023,SP,355030,SAO PAULO,1,,,2023,27,0
F,1,68,23,07/06/2023,SP,355030,SAO PAULO,1,1,,2023,23,1
M,1,39,19,12/05/2023,SP,355030,SAO PAULO,1,5,,2023,19,1
M,4,37,24,12/06/2023,SP,355030,SAO PAULO,1,,,2023,24,0
F,1,35,18,02/05/2023,SP,355030,SAO PAULO,1,3,,2023,18,1
M,4,32,21,27/05/2023,SP,355030,SAO PAULO,1,,,2023,21,0
F,1,10,22,01/06/2023,SP,355030,SAO PAULO,1,,,2023,22,0
M,1,14,09,01/03/2023,SP,355030,SAO PAULO,1,1,,2023,9,1
F,4,14,24,17/06/2023,SP,355030,SAO PAULO,1,,,2023,24,0
M,1,5,25,20/06/2023,SP,355030,SAO PAULO,,3,,2023,25,1
M,1,5,22,02/06/2023,SP,355030,SAO PAULO,1,1,,2023,22,1
M,1,4,23,10/06/2023,SP,355030,SAO PAULO,1,,,2023,23,0
M,9,3,42,20/10/2023,SP,355030,SAO PAULO,1,5,,2023,42,1
F,4,3,23,08/06/2023,SP,355030,SAO PAULO,1,5,,2023,23,1
M,1,1,15,12/04/2023,SP,355030,SAO PAULO,1,,,2023,15,0
M,4,1,22,28/05/2023,SP,355030,SAO PAULO,1,1,,2023,22,1
M,4,7,16,22/04/2023,SP,355030,SAO PAULO,1,1,,2023,16,1
F,4,70,18,03/05/2023,SP,355030,SAO PAULO,1,,,2023,18,0
M,1,10,13,29/03/2023,SP,355030,SAO PAULO,1,4,,2023,13,1
F,1,84,13,30/03/2023,SP,355030,SAO PAULO,1,3,,2023,13,1
F,1,8,19,08/05/2023,SP,355030,SAO PAULO,1,5,,2023,19,1
M,1,7,30,23/07/2023,SP,355030,SAO PAULO,1,,,2023,30,0
M,1,7,50,15/12/2023,SP,355030,SAO PAULO,1,3,,2023,50,1
F,1,74,25,20/06/2023,SP,355030,SAO PAULO,1,4,,2023,25,1
M,9,84,18,06/05/2023,SP,355030,SAO PAULO,1,,,2023,18,0
F,1,81,23,08/06/2023,SP,355030,SAO PAULO,,,,2023,23,0
M,1,46,18,30/04/2023,SP,355030,SAO PAULO,1,5,,2023,18,1
M,4,79,29,18/07/2023,SP,355030,SAO PAULO,1,,,2023,29,0
F,3,18,20,17/05/2023,SP,355030,SAO PAULO,1,,,2023,20,0
M,1,10,14,08/04/2023,SP,355030,SAO PAULO,1,1,,2023,14,1
M,1,3,08,21/02/2023,SP,355030,SAO PAULO,1,1,,2023,8,1
F,1,3,22,31/05/2023,SP,355030,SAO PAULO,1,4,,2023,22,1
F,4,2,22,02/06/2023,SP,355030,SAO PAULO,1,,,2023,22,0
M,1,2,21,23/05/2023,SP,355030,SAO PAULO,,1,,2023,21,1
M,9,6,23,09/06/2023,SP,355030,SAO PAULO,1,,,2023,23,0
M,9,1,17,24/04/2023,SP,355030,SAO PAULO,,1,,2023,17,1
F,4,5,24,12/06/2023,SP,355030,SAO PAULO,1,4,,2023,24,1
M,1,1,22,30/05/2023,SP,355030,SAO PAULO,1,3,,2023,22,1
F,1,88,27,08/07/2023,SP,355030,SAO PAULO,1,4,,2023,27,1
M,1,14,21,21/05/2023,SP,355030,SAO PAULO,1,5,,2023,21,1
M,4,11,31,04/08/2023,SP,355030,SAO PAULO,,1,,2023,31,1
M,1,1,35,29/08/2023,SP,355030,SAO PAULO,1,3,,2023,35,1
F,1,5,18,04/05/2023,SP,355030,SAO PAULO,1,5,,2023,18,1
F,4,7,19,07/05/2023,SP,355030,SAO PAULO,1,5,,2023,19,1
M,1,77,50,13/12/2023,SP,355030,SAO PAULO,1,2,,2023,50,1
M,9,65,19,07/05/2023,SP,355030,SAO PAULO,1,1,,2023,19,1
M,1,48,32,06/08/2023,SP,355030,SAO PAULO,1,1,,2023,32,1
M,9,74,21,23/05/2023,SP,355030,SAO PAULO,1,5,,2023,21,1
M,1,16,15,11/04/2023,SP,355030,SAO PAULO,1,3,,2023,15,1
F,1,31,25,21/06/2023,SP,355030,SAO PAULO,1,1,,2023,25,1
M,1,72,19,12/05/2023,SP,355030,SAO PAULO,1,1,,2023,19,1
F,1,8,12,23/03/2023,SP,355030,SAO PAULO,1,,,2023,12,0
M,2,24,19,07/05/2023,SP,355030,SAO PAULO,1,,,2023,19,0
F,9,12,26,25/06/2023,SP,355030,SAO PAULO,1,1,,2023,26,1
F,1,2,20,15/05/2023,SP,355030,SAO PAULO,1,,,2023,20,0
M,1,8,16,16/04/2023,SP,355030,SAO PAULO,1,,,2023,16,0
F,1,1,18,03/05/2023,SP,355030,SAO PAULO,1,1,,2023,18,1
F,9,2,24,11/06/2023,SP,355030,SAO PAULO,1,,,2023,24,0
M,4,5,15,15/04/2023,SP,355030,SAO PAULO,1,3,,2023,15,1
F,4,61,21,26/05/2023,SP,355030,SAO PAULO,1,5,,2023,21,1
F,1,81,26,01/07/2023,SP,355030,SAO PAULO,1,6,NAO SUBTIPADO,2023,26,1
M,1,67,26,29/06/2023,SP,355030,SAO PAULO,,1,,2023,26,1
F,9,76,12,20/03/2023,SP,355030,SAO PAULO,1,3,,2023,12,1
M,9,8,24,11/06/2023,SP,355030,SAO PAULO,1,1,,2023,24,1
M,4,7,25,18/06/2023,SP,355030,SAO PAULO,1,,,2023,25,0
M,4,48,21,22/05/2023,SP,355030,SAO PAULO,1,4,,2023,21,1
M,9,43,16,18/04/2023,SP,355030,SAO PAULO,1,1,,2023,16,1
F,9,87,20,14/05/2023,SP,355030,SAO PAULO,1,,,2023,20,0
M,1,20,25,21/06/2023,SP,355030,SAO PAULO,9,3,,2023,25,1
M,1,5,13,31/03/2023,SP,355030,SAO PAULO,1,1,,2023,13,1
F,4,8,15,15/04/2023,SP,355030,SAO PAULO,1,3,,2023,15,1
F,9,55,19,12/05/2023,SP,355030,SAO PAULO,1,1,,2023,19,1
F,1,14,17,29/04/2023,SP,355030,SAO PAULO,2,1,,2023,17,1
M,1,2,22,01/06/2023,SP,355030,SAO PAULO,1,3,,2023,22,1
M,1,2,22,30/05/2023,SP,355030,SAO PAULO,1,1,,2023,22,1
M,1,6,21,22/05/2023,SP,355030,SAO PAULO,1,,,2023,21,0
F,1,78,25,19/06/2023,SP,355030,SAO PAULO,1,1,,2023,25,1
M,4,11,19,08/05/2023,SP,355030,SAO PAULO,1,3,,2023,19,1
F,9,93,18,06/05/2023,SP,355030,SAO PAULO,1,1,,2023,18,1
F,4,82,22,31/05/2023,SP,355030,SAO PAULO,1,1,,2023,22,1
F,1,33,14,02/04/2023,SP,355030,SAO PAULO,1,3,,2023,14,1
M,1,16,20,17/05/2023,SP,355030,SAO PAULO,9,3,,2023,20,1
M,1,13,20,17/05/2023,SP,355030,SAO PAULO,1,,,2023,20,0
M,9,5,20,15/05/2023,SP,355030,SAO PAULO,1,1,,2023,20,1
F,9,10,24,16/06/2023,SP,355030,SAO PAULO,1,1,,2023,24,1
M,1,8,17,23/04/2023,SP,355030,SAO PAULO,1,,,2023,17,0
M,4,3,20,16/05/2023,SP,355030,SAO PAULO,1,1,,2023,20,1
F,4,1,22,02/06/2023,SP,355030,SAO PAULO,1,1,,2023,22,1
F,1,0,19,13/05/2023,SP,355030,SAO PAULO,1,5,,2023,19,1
M,1,11,31,31/07/2023,SP,355030,SAO PAULO,1,,,2023,31,0
M,9,10,25,18/06/2023,SP,355030,SAO PAULO,1,,,2023,25,0
M,1,69,28,09/07/2023,SP,355030,SAO PAULO,1,4,,2023,28,1
F,1,1,25,24/06/2023,SP,355030,SAO PAULO,1,4,,2023,25,1
F,4,5,27,04/07/2023,SP,355030,SAO PAULO,1,1,,2023,27,1
M,9,86,49,08/12/2023,SP,355030,SAO PAULO,1,1,,2023,49,1
F,1,81,17,26/04/2023,SP,355030,SAO PAULO,1,,,2023,17,0
F,9,80,20,16/05/2023,SP,355030,SAO PAULO,1,3,,2023,20,1
M,1,63,22,03/06/2023,SP,355030,SAO PAULO,9,5,,2023,22,1
F,1,81,20,19/05/2023,SP,355030,SAO PAULO,1,6,,2023,20,1
M,1,78,16,20/04/2023,SP,355030,SAO PAULO,1,1,,2023,16,1
F,1,80,19,13/05/2023,SP,355030,SAO PAULO,1,1,,2023,19,1
F,9,49,05,31/01/2023,SP,355030,SAO PAULO,1,3,,2023,5,1
M,1,38,31,05/08/2023,SP,355030,SAO PAULO,1,,,2023,31,0
M,1,38,14,05/04/2023,SP,355030,SAO PAULO,1,,,2023,14,0
F,9,36,32,08/08/2023,SP,355030,SAO PAULO,1,,,2023,32,0
M,9,15,05,02/02/2023,SP,355030,SAO PAULO,1,4,,2023,5,1
F,1,7,19,13/05/2023,SP,355030,SAO PAULO,1,1,,2023,19,1
F,9,6,21,21/05/2023,SP,355030,SAO PAULO,1,1,,2023,21,1
F,1,12,21,27/05/2023,SP,355030,SAO PAULO,1,4,,2023,21,1
M,1,9,15,09/04/2023,SP,355030,SAO PAULO,1,3,,2023,15,1
M,4,7,22,28/05/2023,SP,355030,SAO PAULO,,3,,2023,22,1
M,4,1,03,15/01/2023,SP,355030,SAO PAULO,1,,,2023,3,0
M,4,70,02,11/01/2023,SP,355030,SAO PAULO,1,4,,2023,2,1
M,1,4,32,11/08/2023,SP,355030,SAO PAULO,1,1,,2023,32,1
M,4,6,20,15/05/2023,SP,355030,SAO PAULO,1,5,,2023,20,1
M,1,1,18,04/05/2023,SP,355030,SAO PAULO,1,1,,2023,18,1
F,1,42,15,14/04/2023,SP,355030,SAO PAULO,1,1,,2023,15,1
M,4,72,22,01/06/2023,SP,355030,SAO PAULO,1,1,,2023,22,1
M,1,16,20,15/05/2023,SP,355030,SAO PAULO,1,,,2023,20,0
M,1,49,02,11/01/2023,SP,355030,SAO PAULO,1,6,NAO INFORMADO,2023,2,1
M,9,77,19,12/05/2023,SP,355030,SAO PAULO,1,1,,2023,19,1
M,1,60,28,12/07/2023,SP,355030,SAO PAULO,1,,,2023,28,0
M,4,44,19,10/05/2023,SP,355030,SAO PAULO,1,1,,2023,19,1
F,9,41,24,16/06/2023,SP,355030,SAO PAULO,1,5,,2023,24,1
F,9,86,29,21/07/2023,SP,355030,SAO PAULO,1,,,2023,29,0
M,1,22,22,30/05/2023,SP,355030,SAO PAULO,1,3,,2023,22,1
F,9,19,20,16/05/2023,SP,355030,SAO PAULO,1,,,2023,20,0
M,1,6,17,29/04/2023,SP,355030,SAO PAULO,1,,,2023,17,0
F,1,4,03,15/01/2023,SP,355030,SAO PAULO,1,1,,2023,3,1
F,9,2,17,23/04/2023,SP,355030,SAO PAULO,1,3,,2023,17,1
M,1,1,15,15/04/2023,SP,355030,SAO PAULO,1,3,,2023,15,1
M,1,8,20,14/05/2023,SP,355030,SAO PAULO,1,,,2023,20,0
M,4,5,24,17/06/2023,SP,355030,SAO PAULO,1,,,2023,24,0
M,2,2,22,31/05/2023,SP,355030,SAO PAULO,1,3,,2023,22,1
M,4,8,15,14/04/2023,SP,355030,SAO PAULO,1,5,,2023,15,1
M,1,13,22,01/06/2023,SP,355030,SAO PAULO,1,5,,2023,22,1
F,4,7,20,18/05/2023,SP,355030,SAO PAULO,1,3,,2023,20,1
M,1,4,21,22/05/2023,SP,355030,SAO PAULO,1,,,2023,21,0
M,1,6,21,21/05/2023,SP,355030,SAO PAULO,1,,,2023,21,0
F,4,6,16,21/04/2023,SP,355030,SAO PAULO,1,1,,2023,16,1
F,2,1,16,16/04/2023,SP,355030,SAO PAULO,1,3,,2023,16,1
M,3,90,23,08/06/2023,SP,355030,SAO PAULO,1,,,2023,23,0
M,4,54,18,04/05/2023,SP,355030,SAO PAULO,1,3,,2023,18,1
F,4,47,07,18/02/2023,SP,355030,SAO PAULO,1,,,2023,7,0
M,1,48,05,29/01/2023,SP,355030,SAO PAULO,9,3,,2023,5,1
M,1,42,15,14/04/2023,SP,355030,SAO PAULO,9,5,,2023,15,1
F,1,69,19,10/05/2023,SP,355030,SAO PAULO,,3,,2023,19,1
M,1,9,19,08/05/2023,SP,355030,SAO PAULO,1,3,,2023,19,1
F,1,5,25,21/06/2023,SP,355030,SAO PAULO,1,5,,2023,25,1
M,9,10,15,15/04/2023,SP,355030,SAO PAULO,1,1,,2023,15,1
F,1,10,23,09/06/2023,SP,355030,SAO PAULO,1,1,,2023,23,1
M,4,1,22,30/05/2023,SP,355030,SAO PAULO,1,1,,2023,22,1
M,4,3,47,19/11/2023,SP,355030,SAO PAULO,1,3,,2023,47,1
M,1,5,37,13/09/2023,SP,355030,SAO PAULO,1,3,,2023,37,1
M,9,78,31,02/08/2023,SP,355030,SAO PAULO,1,,,2023,31,0
F,1,88,20,16/05/2023,SP,355030,SAO PAULO,1,3,,2023,20,1
F,1,40,21,23/05/2023,SP,355030,SAO PAULO,1,3,,2023,21,1
M,1,50,17,29/04/2023,SP,355030,SAO PAULO,,,,2023,17,0
F,4,8,20,18/05/2023,SP,355030,SAO PAULO,1,5,,2023,20,1
F,4,64,24,12/06/2023,SP,355030,SAO PAULO,1,6,NAO ESPECIFICADO,2023,24,1
F,1,69,20,16/05/2023,SP,355030,SAO PAULO,1,1,,2023,20,1
F,4,66,16,18/04/2023,SP,355030,SAO PAULO,1,1,,2023,16,1
M,4,40,08,19/02/2023,SP,355030,SAO PAULO,1,,,2023,8,0
M,9,36,11,12/03/2023,SP,355030,SAO PAULO,1,4,,2023,11,1
F,1,95,50,13/12/2023,SP,355030,SAO PAULO,1,,,2023,50,0
F,9,85,19,07/05/2023,SP,355030,SAO PAULO,1,1,,2023,19,1
M,1,11,28,15/07/2023,SP,355030,SAO PAULO,1,3,,2023,28,1
M,1,6,24,15/06/2023,SP,355030,SAO PAULO,,3,,2023,24,1
F,4,17,49,08/12/2023,SP,355030,SAO PAULO,1,,,2023,49,0
F,4,5,26,25/06/2023,SP,355030,SAO PAULO,1,4,,2023,26,1
M,1,16,23,06/06/2023,SP,355030,SAO PAULO,,1,,2023,23,1
M,1,5,22,30/05/2023,SP,355030,SAO PAULO,1,,,2023,22,0
M,1,9,17,26/04/2023,SP,355030,SAO PAULO,1,,,2023,17,0
F,9,3,22,29/05/2023,SP,355030,SAO PAULO,1,,,2023,22,0
M,4,3,21,24/05/2023,SP,355030,SAO PAULO,1,6,,2023,21,1
M,1,2,22,30/05/2023,SP,355030,SAO PAULO,1,4,,2023,22,1
M,1,2,21,24/05/2023,SP,355030,SAO PAULO,1,,,2023,21,0
M,1,3,46,18/11/2023,SP,355030,SAO PAULO,1,,,2023,46,0
F,9,74,27,02/07/2023,SP,355030,SAO PAULO,1,4,,2023,27,1
F,9,72,20,20/05/2023,SP,355030,SAO PAULO,1,3,,2023,20,1
M,9,1,23,10/06/2023,SP,355030,SAO PAULO,1,1,,2023,23,1
F,1,7,18,01/05/2023,SP,355030,SAO PAULO,1,1,,2023,18,1
F,9,68,23,05/06/2023,SP,355030,SAO PAULO,1,1,,2023,23,1
F,1,70,16,16/04/2023,SP,355030,SAO PAULO,1,1,,2023,16,1
M,1,91,15,12/04/2023,SP,355030,SAO PAULO,1,4,,2023,15,1
F,4,40,24,14/06/2023,SP,355030,SAO PAULO,,3,,2023,24,1
F,9,52,22,01/06/2023,SP,355030,SAO PAULO,1,1,,2023,22,1
F,4,49,18,05/05/2023,SP,355030,SAO PAULO,1,3,,2023,18,1
F,1,77,02,11/01/2023,SP,355030,SAO PAULO,1,3,,2023,2,1
F,4,7,18,02/05/2023,SP,355030,SAO PAULO,1,4,,2023,18,1
F,1,80,22,31/05/2023,SP,355030,SAO PAULO,1,,,2023,22,0
F,2,46,27,05/07/2023,SP,355030,SAO PAULO,1,,,2023,27,0
F,4,43,17,25/04/2023,SP,355030,SAO PAULO,1,3,,2023,17,1
F,4,45,26,26/06/2023,SP,355030,SAO PAULO,1,5,,2023,26,1
F,1,30,24,15/06/2023,SP,355030,SAO PAULO,1,,,2023,24,0
F,1,16,05,04/02/2023,SP,355030,SAO PAULO,1,1,,2023,5,1
M,1,84,23,06/06/2023,SP,355030,SAO PAULO,1,5,,2023,23,1
M,1,9,21,22/05/2023,SP,355030,SAO PAULO,1,,,2023,21,0
M,1,9,23,06/06/2023,SP,355030,SAO PAULO,1,,,2023,23,0
F,1,3,22,28/05/2023,SP,355030,SAO PAULO,1,5,,2023,22,1
M,4,2,36,08/09/2023,SP,355030,SAO PAULO,1,3,,2023,36,1
M,9,9,45,05/11/2023,SP,355030,SAO PAULO,1,,,2023,45,0
M,4,2,22,31/05/2023,SP,355030,SAO PAULO,1,1,,2023,22,1
M,9,4,46,13/11/2023,SP,355030,SAO PAULO,1,,,2023,46,0
M,1,75,24,17/06/2023,SP,355030,SAO PAULO,,3,,2023,24,1
M,1,68,28,09/07/2023,SP,355030,SAO PAULO,1,4,,2023,28,1
F,1,93,20,19/05/2023,SP,355030,SAO PAULO,1,1,,2023,20,1
M,4,11,31,04/08/2023,SP,355030,SAO PAULO,,1,,2023,31,1
M,9,71,17,28/04/2023,SP,355030,SAO PAULO,1,,,2023,17,0
M,1,86,08,19/02/2023,SP,355030,SAO PAULO,1,3,,2023,8,1
F,1,81,17,29/04/2023,SP,355030,SAO PAULO,1,3,,2023,17,1
F,1,40,21,21/05/2023,SP,355030,SAO PAULO,1,5,,2023,21,1
M,4,65,23,09/06/2023,SP,355030,SAO PAULO,1,,,2023,23,0
M,1,71,34,23/08/2023,SP,355030,SAO PAULO,1,,,2023,34,0
M,9,23,12,24/03/2023,SP,355030,SAO PAULO,,1,,2023,12,1
F,1,51,31,01/08/2023,SP,355030,SAO PAULO,1,,,2023,31,0
F,1,49,05,30/01/2023,SP,355030,SAO PAULO,1,3,,2023,5,1
F,1,36,16,19/04/2023,SP,355030,SAO PAULO,1,1,,2023,16,1
F,3,83,23,07/06/2023,SP,355030,SAO PAULO,1,,,2023,23,0
F,4,19,23,08/06/2023,SP,355030,SAO PAULO,1,3,,2023,23,1
F,1,31,21,22/05/2023,SP,355030,SAO PAULO,1,5,,2023,21,1
M,4,12,20,20/05/2023,SP,355030,SAO PAULO,1,5,,2023,20,1
M,4,7,18,02/05/2023,SP,355030,SAO PAULO,1,1,,2023,18,1
F,1,6,16,21/04/2023,SP,355030,SAO PAULO,1,3,,2023,16,1
M,1,4,19,10/05/2023,SP,355030,SAO PAULO,1,1,,2023,19,1
F,4,10,48,01/12/2023,SP,355030,SAO PAULO,1,4,,2023,48,1
M,1,1,44,30/10/2023,SP,355030,SAO PAULO,1,3,,2023,44,1
F,2,9,23,05/06/2023,SP,355030,SAO PAULO,1,1,,2023,23,1
M,1,6,21,22/05/2023,SP,355030,SAO PAULO,1,3,,2023,21,1
M,4,66,22,01/06/2023,SP,355030,SAO PAULO,1,1,,2023,22,1
F,9,81,16,22/04/2023,SP,355030,SAO PAULO,,5,,2023,16,1
F,4,45,24,17/06/2023,SP,355030,SAO PAULO,1,,,2023,24,0
F,1,43,17,28/04/2023,SP,355030,SAO PAULO,1,5,,2023,17,1
M,1,1,50,16/12/2023,SP,355030,SAO PAULO,1,,,2023,50,0
F,4,4,29,21/07/2023,SP,355030,SAO PAULO,1,,,2023,29,0
M,1,57,18,05/05/2023,SP,355030,SAO PAULO,1,,,2023,18,0
M,1,55,18,04/05/2023,SP,355030,SAO PAULO,1,3,,2023,18,1
M,1,53,44,02/11/2023,SP,355030,SAO PAULO,1,,,2023,44,0
M,1,14,23,08/06/2023,SP,355030,SAO PAULO,1,1,,2023,23,1
M,1,32,23,05/06/2023,SP,355030,SAO PAULO,1,,,2023,23,0
F,4,18,13,29/03/2023,SP,355030,SAO PAULO,1,4,,2023,13,1
M,9,6,22,29/05/2023,SP,355030,SAO PAULO,1,3,,2023,22,1
M,1,5,17,27/04/2023,SP,355030,SAO PAULO,1,,,2023,17,0
M,1,5,27,04/07/2023,SP,355030,SAO PAULO,1,1,,2023,27,1
M,9,4,42,21/10/2023,SP,355030,SAO PAULO,1,,,2023,42,0
F,1,3,39,29/09/2023,SP,355030,SAO PAULO,1,,,2023,39,0
F,9,3,20,18/05/2023,SP,355030,SAO PAULO,1,1,,2023,20,1
M,1,1,21,24/05/2023,SP,355030,SAO PAULO,1,1,,2023,21,1
M,9,48,24,17/06/2023,SP,355030,SAO PAULO,1,1,,2023,24,1
M,4,68,23,08/06/2023,SP,355030,SAO PAULO,1,1,,2023,23,1
M,1,13,36,04/09/2024,SP,355030,SAO PAULO,,3,,2024,36,1
F,9,14,16,19/04/2024,SP,355030,SAO PAULO,1,3,,2024,16,1
M,2,78,38,16/09/2024,SP,355030,SAO PAULO,1,,,2024,38,0
F,9,7,34,18/08/2024,SP,355030,SAO PAULO,,,,2024,34,0
F,4,10,23,04/06/2024,SP,355030,SAO PAULO,1,2,,2024,23,1
F,9,78,17,24/04/2024,SP,355030,SAO PAULO,,,,2024,17,0
F,1,6,10,06/03/2024,SP,355030,SAO PAULO,1,6,INFLUENZA A H1N1 CEPA 2009,2024,10,1
M,1,4,15,11/04/2024,SP,355030,SAO PAULO,1,1,,2024,15,1
F,4,61,10,09/03/2024,SP,355030,SAO PAULO,,,,2024,10,0
M,1,67,41,07/10/2024,SP,355030,SAO PAULO,1,,,2024,41,0
M,3,81,19,08/05/2024,SP,355030,SAO PAULO,1,3,,2024,19,1
M,1,78,08,22/02/2024,SP,355030,SAO PAULO,1,3,,2024,8,1
M,1,60,34,21/08/2024,SP,355030,SAO PAULO,1,,,2024,34,0
F,4,62,27,30/06/2024,SP,355030,SAO PAULO,1,,,2024,27,0
M,1,57,04,25/01/2024,SP,355030,SAO PAULO,1,3,,2024,4,1
F,1,57,17,25/04/2024,SP,355030,SAO PAULO,1,,,2024,17,0
F,2,57,48,24/11/2024,SP,355030,SAO PAULO,1,,,2024,48,0
F,4,57,40,05/10/2024,SP,355030,SAO PAULO,1,,,2024,40,0
M,9,79,29,14/07/2024,SP,355030,SAO PAULO,1,2,,2024,29,1
F,9,81,27,06/07/2024,SP,355030,SAO PAULO,1,5,,2024,27,1
F,1,82,34,24/08/2024,SP,355030,SAO PAULO,1,3,,2024,34,1
F,9,81,34,19/08/2024,SP,355030,SAO PAULO,,,,2024,34,0
F,1,77,51,18/12/2024,SP,355030,SAO PAULO,1,3,,2024,51,1
F,9,48,14,02/04/2024,SP,355030,SAO PAULO,1,,,2024,14,0
F,9,91,21,19/05/2024,SP,355030,SAO PAULO,1,3,,2024,21,1
F,1,45,17,22/04/2024,SP,355030,SAO PAULO,1,,,2024,17,0
F,1,48,16,16/04/2024,SP,355030,SAO PAULO,1,1,,2024,16,1
M,1,44,16,19/04/2024,SP,355030,SAO PAULO,1,,,2024,16,0
M,9,45,26,23/06/2024,SP,355030,SAO PAULO,1,2,,2024,26,1
F,4,47,28,11/07/2024,SP,355030,SAO PAULO,,3,,2024,28,1
M,1,42,25,20/06/2024,SP,355030,SAO PAULO,1,2,,2024,25,1
M,1,74,23,04/06/2024,SP,355030,SAO PAULO,1,1,,2024,23,1
F,1,15,14,03/04/2024,SP,355030,SAO PAULO,1,3,,2024,14,1
F,9,20,23,06/06/2024,SP,355030,SAO PAULO,,2,,2024,23,1
F,9,76,01,04/01/2024,SP,355030,SAO PAULO,1,3,,2024,1,1
M,1,87,16,19/04/2024,SP,355030,SAO PAULO,1,,,2024,16,0
M,2,9,25,17/06/2024,SP,355030,SAO PAULO,1,3,,2024,25,1
F,4,16,15,13/04/2024,SP,355030,SAO PAULO,,,,2024,15,0
F,1,11,16,15/04/2024,SP,355030,SAO PAULO,1,,,2024,16,0
M,1,4,15,09/04/2024,SP,355030,SAO PAULO,1,3,,2024,15,1
M,1,4,26,28/06/2024,SP,355030,SAO PAULO,1,1,,2024,26,1
F,2,2,16,17/04/2024,SP,355030,SAO PAULO,1,,,2024,16,0
F,4,2,42,15/10/2024,SP,355030,SAO PAULO,1,,,2024,42,0
M,1,10,24,14/06/2024,SP,355030,SAO PAULO,1,1,,2024,24,1
F,9,73,15,11/04/2024,SP,355030,SAO PAULO,1,,,2024,15,0
M,4,71,50,11/12/2024,SP,355030,SAO PAULO,1,,,2024,50,0
M,3,67,36,05/09/2024,SP,355030,SAO PAULO,1,1,,2024,36,1
F,9,65,18,04/05/2024,SP,355030,SAO PAULO,1,3,,2024,18,1
F,1,88,26,28/06/2024,SP,355030,SAO PAULO,1,4,,2024,26,1
F,1,68,11,15/03/2024,SP,355030,SAO PAULO,,3,,2024,11,1
M,1,41,38,21/09/2024,SP,355030,SAO PAULO,1,,,2024,38,0
F,1,67,10,05/03/2024,SP,355030,SAO PAULO,1,,,2024,10,0
M,1,69,16,20/04/2024,SP,355030,SAO PAULO,1,,,2024,16,0
M,1,93,29,16/07/2024,SP,355030,SAO PAULO,1,,,2024,29,0
M,1,81,10,08/03/2024,SP,355030,SAO PAULO,1,1,,2024,10,1
F,9,4,47,18/11/2024,SP,355030,SAO PAULO,,3,,2024,47,1
M,9,92,10,07/03/2024,SP,355030,SAO PAULO,1,4,,2024,10,1
F,2,71,13,28/03/2024,SP,355030,SAO PAULO,1,,,2024,13,0
F,1,90,19,07/05/2024,SP,355030,SAO PAULO,1,,,2024,19,0
M,4,91,21,19/05/2024,SP,355030,SAO PAULO,1,3,,2024,21,1
M,1,80,23,06/06/2024,SP,355030,SAO PAULO,1,2,,2024,23,1
F,1,77,07,11/02/2024,SP,355030,SAO PAULO,,,,2024,7,0
F,1,45,28,11/07/2024,SP,355030,SAO PAULO,1,,,2024,28,0
M,4,100,27,01/07/2024,SP,355030,SAO PAULO,1,,,2024,27,0
F,1,38,09,02/03/2024,SP,355030,SAO PAULO,1,4,,2024,9,1
F,4,37,19,11/05/2024,SP,355030,SAO PAULO,1,,,2024,19,0
F,9,23,26,29/06/2024,SP,355030,SAO PAULO,9,5,,2024,26,1
F,1,34,51,17/12/2024,SP,355030,SAO PAULO,1,,,2024,51,0
F,3,32,24,11/06/2024,SP,355030,SAO PAULO,1,,,2024,24,0
F,1,24,15,13/04/2024,SP,355030,SAO PAULO,1,,,2024,15,0
F,9,32,38,15/09/2024,SP,355030,SAO PAULO,1,,,2024,38,0
F,2,30,30,21/07/2024,SP,355030,SAO PAULO,1,,,2024,30,0
M,9,92,17,23/04/2024,SP,355030,SAO PAULO,1,,,2024,17,0
F,4,24,23,02/06/2024,SP,355030,SAO PAULO,1,3,,2024,23,1
F,1,27,04,23/01/2024,SP,355030,SAO PAULO,1,3,,2024,4,1
F,1,28,38,16/09/2024,SP,355030,SAO PAULO,9,3,,2024,38,1
F,4,8,42,19/10/2024,SP,355030,SAO PAULO,1,,,2024,42,0
M,9,6,22,26/05/2024,SP,355030,SAO PAULO,1,,,2024,22,0
M,1,8,18,02/05/2024,SP,355030,SAO PAULO,1,,,2024,18,0
F,9,5,33,14/08/2024,SP,355030,SAO PAULO,,3,,2024,33,1
M,4,5,11,16/03/2024,SP,355030,SAO PAULO,1,3,,2024,11,1
F,4,21,11,16/03/2024,SP,355030,SAO PAULO,1,2,,2024,11,1
F,9,3,17,26/04/2024,SP,355030,SAO PAULO,1,,,2024,17,0
M,1,3,20,15/05/2024,SP,355030,SAO PAULO,1,2,,2024,20,1
F,1,3,23,05/06/2024,SP,355030,SAO PAULO,1,3,,2024,23,1
M,4,1,15,13/04/2024,SP,355030,SAO PAULO,1,,,2024,15,0
M,1,1,35,31/08/2024,SP,355030,SAO PAULO,1,4,,2024,35,1
F,1,1,13,29/03/2024,SP,355030,SAO PAULO,1,2,,2024,13,1
M,4,10,42,17/10/2024,SP,355030,SAO PAULO,1,,,2024,42,0
M,1,1,11,16/03/2024,SP,355030,SAO PAULO,1,,,2024,11,0
M,9,1,16,19/04/2024,SP,355030,SAO PAULO,,3,,2024,16,1
F,9,11,14,06/04/2024,SP,355030,SAO PAULO,1,,,2024,14,0
F,4,11,15,13/04/2024,SP,355030,SAO PAULO,9,2,,2024,15,1
M,9,73,09,28/02/2024,SP,355030,SAO PAULO,1,4,,2024,9,1
F,1,79,28,11/07/2024,SP,355030,SAO PAULO,1,,,2024,28,0
F,9,73,12,20/03/2024,SP,355030,SAO PAULO,1,,,2024,12,0
F,9,75,41,10/10/2024,SP,355030,SAO PAULO,1,,,2024,41,0
M,9,69,18,02/05/2024,SP,355030,SAO PAULO,1,3,,2024,18,1
F,9,71,15,08/04/2024,SP,355030,SAO PAULO,,,,2024,15,0
F,4,6,12,20/03/2024,SP,355030,SAO PAULO,1,3,,2024,12,1
M,1,8,19,08/05/2024,SP,355030,SAO PAULO,,3,,2024,19,1
M,4,11,15,12/04/2024,SP,355030,SAO PAULO,1,3,,2024,15,1
M,9,28,16,19/04/2024,SP,355030,SAO PAULO,,,,2024,16,0
F,1,64,16,16/04/2024,SP,355030,SAO PAULO,1,,,2024,16,0
F,9,78,17,23/04/2024,SP,355030,SAO PAULO,1,3,,2024,17,1
F,1,87,42,14/10/2024,SP,355030,SAO PAULO,1,2,,2024,42,1
F,9,61,22,30/05/2024,SP,355030,SAO PAULO,,,,2024,22,0
M,1,62,18,29/04/2024,SP,355030,SAO PAULO,1,,,2024,18,0
F,9,88,16,16/04/2024,SP,355030,SAO PAULO,1,1,,2024,16,1
M,1,87,39,26/09/2024,SP,355030,SAO PAULO,1,1,,2024,39,1
M,1,68,22,01/06/2024,SP,355030,SAO PAULO,1,3,,2024,22,1
M,9,83,11,15/03/2024,SP,355030,SAO PAULO,1,3,,2024,11,1
F,1,91,24,13/06/2024,SP,355030,SAO PAULO,1,,,2024,24,0
F,9,87,13,26/03/2024,SP,355030,SAO PAULO,1,1,,2024,13,1
F,4,51,16,20/04/2024,SP,355030,SAO PAULO,1,3,,2024,16,1
F,9,66,21,24/05/2024,SP,355030,SAO PAULO,1,1,,2024,21,1
F,4,44,45,04/11/2024,SP,355030,SAO PAULO,1,3,,2024,45,1
F,9,68,50,10/12/2024,SP,355030,SAO PAULO,1,3,,2024,50,1
M,1,19,49,04/12/2024,SP,355030,SAO PAULO,1,,,2024,49,0
F,1,50,50,13/12/2024,SP,355030,SAO PAULO,1,1,,2024,50,1
F,4,57,28,08/07/2024,SP,355030,SAO PAULO,1,3,,2024,28,1
M,1,85,21,20/05/2024,SP,355030,SAO PAULO,1,,,2024,21,0
M,9,47,38,20/09/2024,SP,355030,SAO PAULO,1,,,2024,38,0
F,9,63,15,09/04/2024,SP,355030,SAO PAULO,1,,,2024,15,0
F,9,70,19,11/05/2024,SP,355030,SAO PAULO,1,3,,2024,19,1
F,9,84,28,09/07/2024,SP,355030,SAO PAULO,1,3,,2024,28,1
F,1,73,21,21/05/2024,SP,355030,SAO PAULO,1,2,,2024,21,1
M,4,40,16,17/04/2024,SP,355030,SAO PAULO,1,1,,2024,16,1
M,1,37,50,08/12/2024,SP,355030,SAO PAULO,,,,2024,50,0
F,1,84,16,15/04/2024,SP,355030,SAO PAULO,1,,,2024,16,0
M,9,34,18,01/05/2024,SP,355030,SAO PAULO,1,3,,2024,18,1
F,2,32,17,26/04/2024,SP,355030,SAO PAULO,1,,,2024,17,0
M,4,31,14,03/04/2024,SP,355030,SAO PAULO,1,3,,2024,14,1
F,2,26,22,01/06/2024,SP,355030,SAO PAULO,1,2,,2024,22,1
F,1,29,18,30/04/2024,SP,355030,SAO PAULO,1,3,,2024,18,1
M,9,15,43,22/10/2024,SP,355030,SAO PAULO,1,,,2024,43,0
F,1,11,05,30/01/2024,SP,355030,SAO PAULO,1,3,,2024,5,1
F,1,27,27,06/07/2024,SP,355030,SAO PAULO,1,,,2024,27,0
M,9,23,30,26/07/2024,SP,355030,SAO PAULO,,3,,2024,30,1
M,9,77,14,03/04/2024,SP,355030,SAO PAULO,,3,,2024,14,1
F,1,23,15,08/04/2024,SP,355030,SAO PAULO,1,3,,2024,15,1
M,1,20,20,18/05/2024,SP,355030,SAO PAULO,1,1,,2024,20,1
F,1,7,10,03/03/2024,SP,355030,SAO PAULO,1,3,,2024,10,1
M,1,8,37,12/09/2024,SP,355030,SAO PAULO,1,2,,2024,37,1
M,1,13,33,17/08/2024,SP,355030,SAO PAULO,1,,,2024,33,0
M,4,6,17,25/04/2024,SP,355030,SAO PAULO,1,,,2024,17,0
M,1,6,12,23/03/2024,SP,355030,SAO PAULO,1,6,INFLUENZA A H1N1 (CEPA 2009),2024,12,1
F,2,15,09,29/02/2024,SP,355030,SAO PAULO,1,3,,2024,9,1
M,1,14,21,24/05/2024,SP,355030,SAO PAULO,1,4,,2024,21,1
F,1,5,27,01/07/2024,SP,355030,SAO PAULO,1,2,,2024,27,1
F,4,4,18,01/05/2024,SP,355030,SAO PAULO,,3,,2024,18,1
M,1,10,40,30/09/2024,SP,355030,SAO PAULO,1,,,2024,40,0
F,1,3,18,03/05/2024,SP,355030,SAO PAULO,1,2,,2024,18,1
F,1,9,20,17/05/2024,SP,355030,SAO PAULO,1,1,,2024,20,1
M,4,1,22,26/05/2024,SP,355030,SAO PAULO,1,,,2024,22,0
M,4,1,10,05/03/2024,SP,355030,SAO PAULO,1,1,,2024,10,1
F,4,1,40,30/09/2024,SP,355030,SAO PAULO,1,5,,2024,40,1
M,4,1,10,09/03/2024,SP,355030,SAO PAULO,1,,,2024,10,0
M,1,1,15,12/04/2024,SP,355030,SAO PAULO,1,2,,2024,15,1
F,4,11,17,21/04/2024,SP,355030,SAO PAULO,1,,,2024,17,0
M,1,76,15,10/04/2024,SP,355030,SAO PAULO,1,3,,2024,15,1
F,1,71,30,22/07/2024,SP,355030,SAO PAULO,1,4,,2024,30,1
M,4,26,28,12/07/2024,SP,355030,SAO PAULO,,3,,2024,28,1
F,2,32,12,23/03/2024,SP,355030,SAO PAULO,1,1,,2024,12,1
M,1,9,29,17/07/2024,SP,355030,SAO PAULO,1,3,,2024,29,1
F,4,51,31,31/07/2024,SP,355030,SAO PAULO,1,,,2024,31,0
M,1,99,22,26/05/2024,SP,355030,SAO PAULO,1,,,2024,22,0
F,4,65,38,19/09/2024,SP,355030,SAO PAULO,1,1,,2024,38,1
F,4,2,16,19/04/2024,SP,355030,SAO PAULO,1,2,,2024,16,1
F,1,89,17,23/04/2024,SP,355030,SAO PAULO,,3,,2024,17,1
F,1,95,10,08/03/2024,SP,355030,SAO PAULO,1,3,,2024,10,1
M,1,55,48,26/11/2024,SP,355030,SAO PAULO,1,3,,2024,48,1
F,1,64,27,06/07/2024,SP,355030,SAO PAULO,,5,,2024,27,1
F,9,91,13,28/03/2024,SP,355030,SAO PAULO,1,,,2024,13,0
F,9,90,20,12/05/2024,SP,355030,SAO PAULO,,,,2024,20,0
F,1,1,15,13/04/2024,SP,355030,SAO PAULO,1,,,2024,15,0
M,9,51,17,23/04/2024,SP,355030,SAO PAULO,1,,,2024,17,0
M,1,1,45,07/11/2024,SP,355030,SAO PAULO,1,1,,2024,45,1
M,1,76,14,02/04/2024,SP,355030,SAO PAULO,1,3,,2024,14,1
M,4,4,20,16/05/2024,SP,355030,SAO PAULO,1,2,,2024,20,1
M,1,78,14,05/04/2024,SP,355030,SAO PAULO,,5,,2024,14,1
F,1,57,11,11/03/2024,SP,355030,SAO PAULO,1,,,2024,11,0
F,9,89,09,27/02/2024,SP,355030,SAO PAULO,1,,,2024,9,0
F,1,46,49,01/12/2024,SP,355030,SAO PAULO,1,,,2024,49,0
F,1,37,15,10/04/2024,SP,355030,SAO PAULO,1,,,2024,15,0
F,4,36,17,22/04/2024,SP,355030,SAO PAULO,1,3,,2024,17,1
F,9,28,22,31/05/2024,SP,355030,SAO PAULO,1,4,,2024,22,1
F,4,29,28,08/07/2024,SP,355030,SAO PAULO,1,2,,2024,28,1
M,2,23,32,07/08/2024,SP,355030,SAO PAULO,1,,,2024,32,0
M,1,9,15,12/04/2024,SP,355030,SAO PAULO,1,,,2024,15,0
F,4,7,10,04/03/2024,SP,355030,SAO PAULO,1,4,,2024,10,1
F,1,7,17,24/04/2024,SP,355030,SAO PAULO,1,2,,2024,17,1
F,1,7,38,19/09/2024,SP,355030,SAO PAULO,1,,,2024,38,0
M,1,7,16,20/04/2024,SP,355030,SAO PAULO,1,,,2024,16,0
M,1,6,17,22/04/2024,SP,355030,SAO PAULO,1,,,2024,17,0
M,4,64,16,19/04/2024,SP,355030,SAO PAULO,1,1,,2024,16,1
M,4,14,08,19/02/2024,SP,355030,SAO PAULO,1,3,,2024,8,1
M,3,22,42,18/10/2024,SP,355030,SAO PAULO,1,,,2024,42,0
F,4,4,08,22/02/2024,SP,355030,SAO PAULO,1,,,2024,8,0
M,4,3,43,25/10/2024,SP,355030,SAO PAULO,1,3,,2024,43,1
F,9,2,15,12/04/2024,SP,355030,SAO PAULO,1,,,2024,15,0
M,1,2,04,25/01/2024,SP,355030,SAO PAULO,3,2,,2024,4,1
F,1,2,43,24/10/2024,SP,355030,SAO PAULO,1,,,2024,43,0
F,1,1,18,01/05/2024,SP,355030,SAO PAULO,1,3,,2024,18,1
F,4,1,14,01/04/2024,SP,355030,SAO PAULO,1,1,,2024,14,1
F,2,1,43,26/10/2024,SP,355030,SAO PAULO,1,,,2024,43,0
F,1,11,19,08/05/2024,SP,355030,SAO PAULO,1,2,,2024,19,1
M,1,79,11,13/03/2024,SP,355030,SAO PAULO,1,,,2024,11,0
M,1,68,37,12/09/2024,SP,355030,SAO PAULO,,,,2024,37,0
M,9,78,25,21/06/2024,SP,355030,SAO PAULO,1,5,,2024,25,1
M,1,67,34,21/08/2024,SP,355030,SAO PAULO,1,,,2024,34,0
F,1,67,14,05/04/2024,SP,355030,SAO PAULO,1,3,,2024,14,1
F,9,80,35,26/08/2024,SP,355030,SAO PAULO,1,1,,2024,35,1
F,1,82,17,26/04/2024,SP,355030,SAO PAULO,1,,,2024,17,0
M,4,14,21,25/05/2024,SP,355030,SAO PAULO,1,6,NAO INFORMADO,2024,21,1
M,9,80,13,24/03/2024,SP,355030,SAO PAULO,,,,2024,13,0
M,4,6,22,01/06/2024,SP,355030,SAO PAULO,1,,,2024,22,0
M,9,10,42,17/10/2024,SP,355030,SAO PAULO,,,,2024,42,0
M,4,2,23,06/06/2024,SP,355030,SAO PAULO,,,,2024,23,0
M,1,7,24,14/06/2024,SP,355030,SAO PAULO,1,3,,2024,24,1
M,4,5,18,30/04/2024,SP,355030,SAO PAULO,1,3,,2024,18,1
F,9,63,14,06/04/2024,SP,355030,SAO PAULO,,,,2024,14,0
M,1,64,12,21/03/2024,SP,355030,SAO PAULO,1,3,,2024,12,1
M,1,95,37,13/09/2024,SP,355030,SAO PAULO,1,,,2024,37,0
F,9,90,31,28/07/2024,SP,355030,SAO PAULO,,5,,2024,31,1
F,9,68,52,26/12/2024,SP,355030,SAO PAULO,,,,2024,52,0
M,2,71,45,03/11/2024,SP,355030,SAO PAULO,1,,,2024,45,0
M,1,3,49,07/12/2024,SP,355030,SAO PAULO,1,5,,2024,49,1
M,4,58,15,10/04/2024,SP,355030,SAO PAULO,1,3,,2024,15,1
M,1,55,10,09/03/2024,SP,355030,SAO PAULO,1,1,,2024,10,1
M,1,29,07,15/02/2024,SP,355030,SAO PAULO,1,1,,2024,7,1
F,1,80,34,20/08/2024,SP,355030,SAO PAULO,1,3,,2024,34,1
M,1,84,03,18/01/2024,SP,355030,SAO PAULO,1,,,2024,3,0
M,3,55,04,22/01/2024,SP,355030,SAO PAULO,1,1,,2024,4,1
M,9,79,31,30/07/2024,SP,355030,SAO PAULO,1,3,,2024,31,1
M,1,51,08,23/02/2024,SP,355030,SAO PAULO,1,,,2024,8,0
F,1,67,10,07/03/2024,SP,355030,SAO PAULO,1,1,,2024,10,1
M,1,49,38,19/09/2024,SP,355030,SAO PAULO,1,,,2024,38,0
F,9,83,17,27/04/2024,SP,355030,SAO PAULO,1,,,2024,17,0
M,9,87,12,19/03/2024,SP,355030,SAO PAULO,1,3,,2024,12,1
F,9,88,17,27/04/2024,SP,355030,SAO PAULO,1,1,,2024,17,1
M,4,40,29,15/07/2024,SP,355030,SAO PAULO,1,,,2024,29,0
F,4,42,35,25/08/2024,SP,355030,SAO PAULO,1,3,,2024,35,1
F,9,89,32,06/08/2024,SP,355030,SAO PAULO,,,,2024,32,0
F,9,45,18,02/05/2024,SP,355030,SAO PAULO,1,3,,2024,18,1
F,1,44,25,22/06/2024,SP,355030,SAO PAULO,1,4,,2024,25,1
F,1,60,18,28/04/2024,SP,355030,SAO PAULO,,3,,2024,18,1
M,1,42,11,12/03/2024,SP,355030,SAO PAULO,1,2,,2024,11,1
F,1,99,19,06/05/2024,SP,355030,SAO PAULO,1,,,2024,19,0
F,1,83,07,17/02/2024,SP,355030,SAO PAULO,1,,,2024,7,0
M,1,30,16,14/04/2024,SP,355030,SAO PAULO,1,3,,2024,16,1
F,4,32,14,01/04/2024,SP,355030,SAO PAULO,1,3,,2024,14,1
F,1,85,18,02/05/2024,SP,355030,SAO PAULO,1,1,,2024,18,1
M,1,73,13,30/03/2024,SP,355030,SAO PAULO,1,2,,2024,13,1
M,4,20,17,21/04/2024,SP,355030,SAO PAULO,1,3,,2024,17,1
F,1,27,10,09/03/2024,SP,355030,SAO PAULO,1,2,,2024,10,1
F,1,74,46,11/11/2024,SP,355030,SAO PAULO,1,4,,2024,46,1
M,1,10,17,24/04/2024,SP,355030,SAO PAULO,1,3,,2024,17,1
M,1,9,21,21/05/2024,SP,355030,SAO PAULO,1,3,,2024,21,1
F,1,7,13,25/03/2024,SP,355030,SAO PAULO,,2,,2024,13,1
F,1,8,16,20/04/2024,SP,355030,SAO PAULO,1,,,2024,16,0
M,1,6,15,08/04/2024,SP,355030,SAO PAULO,1,3,,2024,15,1
M,1,5,14,05/04/2024,SP,355030,SAO PAULO,1,6,INFLUENZA A H1N1 CEPA 2009,2024,14,1
F,1,4,16,19/04/2024,SP,355030,SAO PAULO,1,,,2024,16,0
F,1,1,15,07/04/2024,SP,355030,SAO PAULO,1,2,,2024,15,1
M,1,1,08,23/02/2024,SP,355030,SAO PAULO,1,3,,2024,8,1
F,1,84,17,23/04/2024,SP,355030,SAO PAULO,1,,,2024,17,0
M,1,75,19,11/05/2024,SP,355030,SAO PAULO,1,,,2024,19,0
F,9,68,08,21/02/2024,SP,355030,SAO PAULO,1,4,,2024,8,1
M,4,74,13,27/03/2024,SP,355030,SAO PAULO,1,,,2024,13,0
M,9,1,23,02/06/2024,SP,355030,SAO PAULO,,,,2024,23,0
F,9,91,12,17/03/2024,SP,355030,SAO PAULO,1,,,2024,12,0
M,2,47,16,15/04/2024,SP,355030,SAO PAULO,1,,,2024,16,0
M,1,8,22,26/05/2024,SP,355030,SAO PAULO,,3,,2024,22,1
F,9,58,19,07/05/2024,SP,355030,SAO PAULO,,,,2024,19,0
M,4,8,25,19/06/2024,SP,355030,SAO PAULO,1,,,2024,25,0
M,9,90,20,12/05/2024,SP,355030,SAO PAULO,,4,,2024,20,1
F,1,62,29,19/07/2024,SP,355030,SAO PAULO,1,4,,2024,29,1
M,9,69,03,19/01/2024,SP,355030,SAO PAULO,1,1,,2024,3,1
M,1,67,29,19/07/2024,SP,355030,SAO PAULO,1,1,,2024,29,1
M,1,5,29,17/07/2024,SP,355030,SAO PAULO,1,3,,2024,29,1
M,1,6,48,24/11/2024,SP,355030,SAO PAULO,1,3,,2024,48,1
F,1,79,39,25/09/2024,SP,355030,SAO PAULO,1,1,,2024,39,1
F,4,1,51,18/12/2024,SP,355030,SAO PAULO,1,5,,2024,51,1
F,1,80,39,26/09/2024,SP,355030,SAO PAULO,1,,,2024,39,0
M,1,60,26,25/06/2024,SP,355030,SAO PAULO,1,,,2024,26,0
F,1,58,48,27/11/2024,SP,355030,SAO PAULO,1,5,,2024,48,1
F,1,58,50,09/12/2024,SP,355030,SAO PAULO,1,3,,2024,50,1
M,1,87,15,13/04/2024,SP,355030,SAO PAULO,1,,,2024,15,0
F,9,78,16,14/04/2024,SP,355030,SAO PAULO,2,,,2024,16,0
F,4,89,18,04/05/2024,SP,355030,SAO PAULO,1,,,2024,18,0
M,1,48,29,18/07/2024,SP,355030,SAO PAULO,1,,,2024,29,0
M,9,42,29,18/07/2024,SP,355030,SAO PAULO,1,3,,2024,29,1
M,1,72,08,20/02/2024,SP,355030,SAO PAULO,1,3,,2024,8,1
F,1,81,25,17/06/2024,SP,355030,SAO PAULO,1,3,,2024,25,1
F,1,80,43,23/10/2024,SP,355030,SAO PAULO,1,,,2024,43,0
F,1,91,29,18/07/2024,SP,355030,SAO PAULO,1,3,,2024,29,1
M,9,59,51,19/12/2024,SP,355030,SAO PAULO,1,,,2024,51,0
F,9,70,15,11/04/2024,SP,355030,SAO PAULO,9,3,,2024,15,1
F,1,39,43,24/10/2024,SP,355030,SAO PAULO,,3,,2024,43,1
F,1,38,40,29/09/2024,SP,355030,SAO PAULO,1,,,2024,40,0
F,9,89,14,02/04/2024,SP,355030,SAO PAULO,1,,,2024,14,0
F,1,30,40,04/10/2024,SP,355030,SAO PAULO,1,3,,2024,40,1
F,1,34,17,22/04/2024,SP,355030,SAO PAULO,1,,,2024,17,0
M,1,83,17,25/04/2024,SP,355030,SAO PAULO,1,3,,2024,17,1
M,4,10,51,15/12/2024,SP,355030,SAO PAULO,1,,,2024,51,0
F,4,20,07,16/02/2024,SP,355030,SAO PAULO,1,3,,2024,7,1
F,1,7,17,21/04/2024,SP,355030,SAO PAULO,1,3,,2024,17,1
F,9,74,16,20/04/2024,SP,355030,SAO PAULO,1,,,2024,16,0
M,1,6,10,03/03/2024,SP,355030,SAO PAULO,1,1,,2024,10,1
F,1,5,09,01/03/2024,SP,355030,SAO PAULO,1,1,,2024,9,1
M,1,5,21,24/05/2024,SP,355030,SAO PAULO,1,1,,2024,21,1
M,1,3,14,02/04/2024,SP,355030,SAO PAULO,1,2,,2024,14,1
M,1,76,15,10/04/2024,SP,355030,SAO PAULO,1,,,2024,15,0
M,1,2,08,19/02/2024,SP,355030,SAO PAULO,1,1,,2024,8,1
M,4,2,05,03/02/2024,SP,355030,SAO PAULO,1,3,,2024,5,1
M,1,1,19,05/05/2024,SP,355030,SAO PAULO,1,3,,2024,19,1
F,4,1,14,01/04/2024,SP,355030,SAO PAULO,1,,,2024,14,0
M,1,1,18,28/04/2024,SP,355030,SAO PAULO,1,6,INFLUENZA A H1N1 CEPA 2009,2024,18,1
M,9,1,20,18/05/2024,SP,355030,SAO PAULO,,3,,2024,20,1
F,1,9,06,10/02/2024,SP,355030,SAO PAULO,1,3,,2024,6,1
M,4,11,15,09/04/2024,SP,355030,SAO PAULO,1,,,2024,15,0
M,4,1,42,13/10/2024,SP,355030,SAO PAULO,1,1,,2024,42,1
M,1,1,49,03/12/2024,SP,355030,SAO PAULO,1,4,,2024,49,1
M,1,7,10,07/03/2024,SP,355030,SAO PAULO,1,1,,2024,10,1
F,1,75,51,16/12/2024,SP,355030,SAO PAULO,1,3,,2024,51,1
M,1,70,39,24/09/2024,SP,355030,SAO PAULO,1,2,,2024,39,1
M,1,67,11,10/03/2024,SP,355030,SAO PAULO,1,3,,2024,11,1
M,1,83,09,28/02/2024,SP,355030,SAO PAULO,1,1,,2024,9,1
M,1,11,16,14/04/2024,SP,355030,SAO PAULO,1,3,,2024,16,1
F,9,90,26,29/06/2024,SP,355030,SAO PAULO,1,3,,2024,26,1
F,2,9,28,08/07/2024,SP,355030,SAO PAULO,1,2,,2024,28,1
F,1,38,13,29/03/2024,SP,355030,SAO PAULO,1,3,,2024,13,1
M,4,4,28,09/07/2024,SP,355030,SAO PAULO,1,3,,2024,28,1
M,9,6,39,27/09/2024,SP,355030,SAO PAULO,,3,,2024,39,1
M,1,77,05,29/01/2024,SP,355030,SAO PAULO,1,3,,2024,5,1
M,4,63,30,23/07/2024,SP,355030,SAO PAULO,1,,,2024,30,0
M,9,81,31,01/08/2024,SP,355030,SAO PAULO,1,1,,2024,31,1
F,4,5,16,20/04/2024,SP,355030,SAO PAULO,1,3,,2024,16,1
F,1,59,39,22/09/2024,SP,355030,SAO PAULO,1,5,,2024,39,1
F,4,4,13,27/03/2024,SP,355030,SAO PAULO,1,3,,2024,13,1
M,9,79,22,01/06/2024,SP,355030,SAO PAULO,1,,,2024,22,0
F,1,75,07,12/02/2024,SP,355030,SAO PAULO,,1,,2024,7,1
M,1,69,14,01/04/2024,SP,355030,SAO PAULO,1,,,2024,14,0
F,9,33,13,27/03/2024,SP,355030,SAO PAULO,1,1,,2024,13,1
M,4,47,48,30/11/2024,SP,355030,SAO PAULO,1,,,2024,48,0
F,2,39,16,17/04/2024,SP,355030,SAO PAULO,1,,,2024,16,0
M,1,77,18,28/04/2024,SP,355030,SAO PAULO,1,,,2024,18,0
F,1,35,12,20/03/2024,SP,355030,SAO PAULO,1,3,,2024,12,1
F,1,78,10,05/03/2024,SP,355030,SAO PAULO,1,3,,2024,10,1
M,1,21,18,03/05/2024,SP,355030,SAO PAULO,1,3,,2024,18,1
F,1,33,14,04/04/2024,SP,355030,SAO PAULO,1,,,2024,14,0
F,9,24,08,18/02/2024,SP,355030,SAO PAULO,1,2,,2024,8,1
F,1,86,44,27/10/2024,SP,355030,SAO PAULO,1,,,2024,44,0
F,1,6,10,04/03/2024,SP,355030,SAO PAULO,1,,,2024,10,0
F,4,6,18,29/04/2024,SP,355030,SAO PAULO,1,2,,2024,18,1
F,1,13,39,26/09/2024,SP,355030,SAO PAULO,1,1,,2024,39,1
F,9,6,27,05/07/2024,SP,355030,SAO PAULO,1,,,2024,27,0
F,1,5,16,17/04/2024,SP,355030,SAO PAULO,1,,,2024,16,0
M,1,7,09,02/03/2024,SP,355030,SAO PAULO,1,6,INFLUENZA A H1N1 CEPA 2009,2024,9,1
M,9,5,14,03/04/2024,SP,355030,SAO PAULO,1,,,2024,14,0
M,9,11,11,16/03/2024,SP,355030,SAO PAULO,1,3,,2024,11,1
M,1,4,10,07/03/2024,SP,355030,SAO PAULO,1,6,INFLUENZA A H1N1 CEPA 2009,2024,10,1
M,1,3,18,03/05/2024,SP,355030,SAO PAULO,1,2,,2024,18,1
F,1,71,27,02/07/2024,SP,355030,SAO PAULO,1,1,,2024,27,1
F,1,3,30,21/07/2024,SP,355030,SAO PAULO,1,6,INFLUENZA A H1N1 CEPA 2009,2024,30,1
F,4,2,27,02/07/2024,SP,355030,SAO PAULO,1,,,2024,27,0
F,1,1,14,02/04/2024,SP,355030,SAO PAULO,1,3,,2024,14,1
M,1,78,23,05/06/2024,SP,355030,SAO PAULO,1,3,,2024,23,1
M,9,73,30,27/07/2024,SP,355030,SAO PAULO,,3,,2024,30,1
M,9,68,14,02/04/2024,SP,355030,SAO PAULO,1,1,,2024,14,1
F,4,63,13,29/03/2024,SP,355030,SAO PAULO,1,,,2024,13,0
M,3,69,07,15/02/2024,SP,355030,SAO PAULO,2,,,2024,7,0
F,1,97,50,10/12/2024,SP,355030,SAO PAULO,1,,,2024,50,0
F,1,12,17,21/04/2024,SP,355030,SAO PAULO,1,,,2024,17,0
M,4,44,09,25/02/2024,SP,355030,SAO PAULO,1,,,2024,9,0
M,9,6,22,30/05/2024,SP,355030,SAO PAULO,,,,2024,22,0
M,1,7,19,07/05/2024,SP,355030,SAO PAULO,1,3,,2024,19,1
M,4,83,06,04/02/2024,SP,355030,SAO PAULO,1,,,2024,6,0
F,9,96,25,22/06/2024,SP,355030,SAO PAULO,,,,2024,25,0
M,1,2,18,28/04/2024,SP,355030,SAO PAULO,1,,,2024,18,0
M,4,3,21,24/05/2024,SP,355030,SAO PAULO,1,,,2024,21,0
M,1,2,15,13/04/2024,SP,355030,SAO PAULO,1,2,,2024,15,1
M,4,2,27,30/06/2024,SP,355030,SAO PAULO,1,4,,2024,27,1
F,9,87,16,20/04/2024,SP,355030,SAO PAULO,,4,,2024,16,1
F,1,27,26,29/06/2024,SP,355030,SAO PAULO,1,2,,2024,26,1
F,4,39,25,21/06/2024,SP,355030,SAO PAULO,9,3,,2024,25,1
F,9,58,13,25/03/2024,SP,355030,SAO PAULO,1,,,2024,13,0
M,1,68,39,25/09/2024,SP,355030,SAO PAULO,1,,,2024,39,0
F,9,95,26,27/06/2024,SP,355030,SAO PAULO,9,,,2024,26,0
F,9,37,20,16/05/2024,SP,355030,SAO PAULO,1,4,,2024,20,1
M,9,89,29,18/07/2024,SP,355030,SAO PAULO,,,,2024,29,0
F,9,61,27,03/07/2024,SP,355030,SAO PAULO,1,3,,2024,27,1
F,1,77,27,06/07/2024,SP,355030,SAO PAULO,1,,,2024,27,0
F,1,67,36,04/09/2024,SP,355030,SAO PAULO,1,3,,2024,36,1
M,9,42,18,29/04/2024,SP,355030,SAO PAULO,1,1,,2024,18,1
F,1,58,25,16/06/2024,SP,355030,SAO PAULO,1,,,2024,25,0
M,1,75,20,17/05/2024,SP,355030,SAO PAULO,1,,,2024,20,0
F,1,85,12,23/03/2024,SP,355030,SAO PAULO,1,3,,2024,12,1
M,1,45,16,18/04/2024,SP,355030,SAO PAULO,1,,,2024,16,0
M,1,45,18,29/04/2024,SP,355030,SAO PAULO,1,1,,2024,18,1
M,4,46,16,19/04/2024,SP,355030,SAO PAULO,1,,,2024,16,0
F,1,86,14,31/03/2024,SP,355030,SAO PAULO,1,2,,2024,14,1
F,9,40,16,19/04/2024,SP,355030,SAO PAULO,1,1,,2024,16,1
M,4,33,22,28/05/2024,SP,355030,SAO PAULO,1,,,2024,22,0
M,1,25,14,02/04/2024,SP,355030,SAO PAULO,1,,,2024,14,0
M,1,35,16,18/04/2024,SP,355030,SAO PAULO,1,2,,2024,16,1
F,4,28,47,23/11/2024,SP,355030,SAO PAULO,1,3,,2024,47,1
M,1,22,17,21/04/2024,SP,355030,SAO PAULO,1,3,,2024,17,1
M,4,73,18,04/05/2024,SP,355030,SAO PAULO,1,,,2024,18,0
M,4,7,41,11/10/2024,SP,355030,SAO PAULO,1,,,2024,41,0
M,9,74,39,27/09/2024,SP,355030,SAO PAULO,1,2,,2024,39,1
F,3,53,14,04/04/2024,SP,355030,SAO PAULO,1,,,2024,14,0
M,1,5,20,16/05/2024,SP,355030,SAO PAULO,,3,,2024,20,1
M,1,4,11,15/03/2024,SP,355030,SAO PAULO,1,,,2024,11,0
F,9,8,21,25/05/2024,SP,355030,SAO PAULO,1,,,2024,21,0
F,4,4,07,11/02/2024,SP,355030,SAO PAULO,1,3,,2024,7,1
M,1,3,17,23/04/2024,SP,355030,SAO PAULO,1,3,,2024,17,1
M,1,3,17,24/04/2024,SP,355030,SAO PAULO,,3,,2024,17,1
F,4,3,18,30/04/2024,SP,355030,SAO PAULO,1,4,,2024,18,1
F,1,3,39,25/09/2024,SP,355030,SAO PAULO,1,2,,2024,39,1
F,1,2,15,09/04/2024,SP,355030,SAO PAULO,1,3,,2024,15,1
F,1,2,19,10/05/2024,SP,355030,SAO PAULO,1,3,,2024,19,1
M,1,1,13,27/03/2024,SP,355030,SAO PAULO,1,,,2024,13,0
M,1,1,14,01/04/2024,SP,355030,SAO PAULO,1,,,2024,14,0
M,1,1,15,10/04/2024,SP,355030,SAO PAULO,,1,,2024,15,1
M,9,1,12,22/03/2024,SP,355030,SAO PAULO,1,,,2024,12,0
F,1,11,22,01/06/2024,SP,355030,SAO PAULO,1,6,INFLUENZA A H1N1 CEPA 2009,2024,22,1
M,1,76,10,05/03/2024,SP,355030,SAO PAULO,1,3,,2024,10,1
M,1,67,33,12/08/2024,SP,355030,SAO PAULO,1,3,,2024,33,1
M,4,66,13,28/03/2024,SP,355030,SAO PAULO,1,3,,2024,13,1
F,1,69,12,17/03/2024,SP,355030,SAO PAULO,1,5,,2024,12,1
F,9,13,16,16/04/2024,SP,355030,SAO PAULO,1,,,2024,16,0
F,9,80,24,10/06/2024,SP,355030,SAO PAULO,,,,2024,24,0
F,1,9,15,10/04/2024,SP,355030,SAO PAULO,1,1,,2024,15,1
M,1,11,19,07/05/2024,SP,355030,SAO PAULO,1,1,,2024,19,1
M,3,51,32,08/08/2024,SP,355030,SAO PAULO,1,3,,2024,32,1
M,1,6,23,07/06/2024,SP,355030,SAO PAULO,1,3,,2024,23,1
M,1,64,16,14/04/2024,SP,355030,SAO PAULO,1,3,,2024,16,1
F,1,96,14,04/04/2024,SP,355030,SAO PAULO,,5,,2024,14,1
F,1,54,25,21/06/2024,SP,355030,SAO PAULO,1,2,,2024,25,1
M,9,1,52,27/12/2024,SP,355030,SAO PAULO,1,1,,2024,52,1
F,1,86,10,09/03/2024,SP,355030,SAO PAULO,1,3,,2024,10,1
M,1,58,08,24/02/2024,SP,355030,SAO PAULO,1,1,,2024,8,1
F,4,61,28,10/07/2024,SP,355030,SAO PAULO,1,,,2024,28,0
F,9,91,16,15/04/2024,SP,355030,SAO PAULO,1,,,2024,16,0
F,1,55,22,01/06/2024,SP,355030,SAO PAULO,1,4,,2024,22,1
M,1,23,46,15/11/2024,SP,355030,SAO PAULO,1,2,,2024,46,1
M,9,4,39,27/09/2024,SP,355030,SAO PAULO,1,,,2024,39,0
F,1,89,23,08/06/2024,SP,355030,SAO PAULO,1,,,2024,23,0
F,9,84,30,26/07/2024,SP,355030,SAO PAULO,1,,,2024,30,0
F,9,86,44,28/10/2024,SP,355030,SAO PAULO,,,,2024,44,0
F,1,48,08,20/02/2024,SP,355030,SAO PAULO,1,,,2024,8,0
M,9,77,14,01/04/2024,SP,355030,SAO PAULO,1,,,2024,14,0
F,1,87,15,07/04/2024,SP,355030,SAO PAULO,1,,,2024,15,0
M,4,45,50,12/12/2024,SP,355030,SAO PAULO,1,1,,2024,50,1
M,4,12,18,04/05/2024,SP,355030,SAO PAULO,1,6,INFLUENZA A H1N1 CEPA 2009,2024,18,1
F,1,87,27,01/07/2024,SP,355030,SAO PAULO,1,3,,2024,27,1
M,1,77,36,07/09/2024,SP,355030,SAO PAULO,1,1,,2024,36,1
F,4,68,15,10/04/2024,SP,355030,SAO PAULO,1,3,,2024,15,1
M,1,82,35,30/08/2024,SP,355030,SAO PAULO,1,3,,2024,35,1
M,1,78,24,14/06/2024,SP,355030,SAO PAULO,,5,,2024,24,1
F,4,44,44,27/10/2024,SP,355030,SAO PAULO,1,,,2024,44,0
M,2,42,50,12/12/2024,SP,355030,SAO PAULO,1,,,2024,50,0
F,1,37,15,07/04/2024,SP,355030,SAO PAULO,1,,,2024,15,0
M,9,37,02,13/01/2024,SP,355030,SAO PAULO,1,3,,2024,2,1
M,2,34,15,09/04/2024,SP,355030,SAO PAULO,1,3,,2024,15,1
M,9,77,19,09/05/2024,SP,355030,SAO PAULO,,,,2024,19,0
F,3,75,11,14/03/2024,SP,355030,SAO PAULO,1,,,2024,11,0
M,9,25,37,10/09/2024,SP,355030,SAO PAULO,1,,,2024,37,0
M,1,18,14,02/04/2024,SP,355030,SAO PAULO,1,,,2024,14,0
F,1,15,38,19/09/2024,SP,355030,SAO PAULO,1,1,,2024,38,1
F,1,22,06,09/02/2024,SP,355030,SAO PAULO,1,,,2024,6,0
M,4,11,16,16/04/2024,SP,355030,SAO PAULO,1,,,2024,16,0
F,1,5,07,15/02/2024,SP,355030,SAO PAULO,1,,,2024,7,0
F,1,4,15,07/04/2024,SP,355030,SAO PAULO,1,1,,2024,15,1
M,1,4,16,19/04/2024,SP,355030,SAO PAULO,1,,,2024,16,0
M,1,3,29,19/07/2024,SP,355030,SAO PAULO,1,3,,2024,29,1
F,1,3,22,27/05/2024,SP,355030,SAO PAULO,,3,,2024,22,1
M,1,74,08,21/02/2024,SP,355030,SAO PAULO,1,2,,2024,8,1
M,4,2,20,15/05/2024,SP,355030,SAO PAULO,,,,2024,20,0
M,1,2,26,23/06/2024,SP,355030,SAO PAULO,1,3,,2024,26,1
F,1,1,41,10/10/2024,SP,355030,SAO PAULO,1,,,2024,41,0
F,1,1,43,25/10/2024,SP,355030,SAO PAULO,1,,,2024,43,0
F,4,1,42,15/10/2024,SP,355030,SAO PAULO,1,,,2024,42,0
F,9,74,10,04/03/2024,SP,355030,SAO PAULO,1,4,,2024,10,1
M,1,3,17,25/04/2024,SP,355030,SAO PAULO,,3,,2024,17,1
M,9,11,09,27/02/2024,SP,355030,SAO PAULO,1,,,2024,9,0
F,4,15,15,08/04/2024,SP,355030,SAO PAULO,1,3,,2024,15,1
M,9,7,45,09/11/2024,SP,355030,SAO PAULO,,,,2024,45,0
F,1,4,28,12/07/2024,SP,355030,SAO PAULO,1,4,,2024,28,1
F,4,10,28,13/07/2024,SP,355030,SAO PAULO,1,,,2024,28,0
M,1,7,19,06/05/2024,SP,355030,SAO PAULO,1,,,2024,19,0
M,1,4,11,16/03/2024,SP,355030,SAO PAULO,1,3,,2024,11,1
M,4,3,12,17/03/2024,SP,355030,SAO PAULO,1,,,2024,12,0
M,9,85,25,18/06/2024,SP,355030,SAO PAULO,1,2,,2024,25,1
M,4,1,19,07/05/2024,SP,355030,SAO PAULO,1,3,,2024,19,1
M,2,30,07,14/02/2024,SP,355030,SAO PAULO,1,3,,2024,7,1
M,9,90,15,08/04/2024,SP,355030,SAO PAULO,,4,,2024,15,1
M,9,54,06,04/02/2024,SP,355030,SAO PAULO,,1,,2024,6,1
F,9,57,24,13/06/2024,SP,355030,SAO PAULO,,,,2024,24,0
F,9,77,22,29/05/2024,SP,355030,SAO PAULO,1,,,2024,22,0
F,1,73,15,13/04/2024,SP,355030,SAO PAULO,,1,,2024,15,1
F,9,77,14,02/04/2024,SP,355030,SAO PAULO,1,3,,2024,14,1
M,3,70,18,01/05/2024,SP,355030,SAO PAULO,1,,,2024,18,0
F,1,80,13,29/03/2024,SP,355030,SAO PAULO,1,5,,2024,13,1
M,4,13,17,25/04/2024,SP,355030,SAO PAULO,1,3,,2024,17,1
M,4,8,16,16/04/2024,SP,355030,SAO PAULO,1,,,2024,16,0
F,9,50,11,14/03/2024,SP,355030,SAO PAULO,1,2,,2024,11,1
F,4,49,11,15/03/2024,SP,355030,SAO PAULO,1,,,2024,11,0
F,9,45,14,02/04/2024,SP,355030,SAO PAULO,1,,,2024,14,0
M,9,85,32,09/08/2024,SP,355030,SAO PAULO,9,1,,2024,32,1
F,4,36,15,11/04/2024,SP,355030,SAO PAULO,,4,,2024,15,1
M,4,38,35,25/08/2024,SP,355030,SAO PAULO,1,,,2024,35,0
F,1,37,15,13/04/2024,SP,355030,SAO PAULO,1,,,2024,15,0
F,1,34,10,07/03/2024,SP,355030,SAO PAULO,1,3,,2024,10,1
F,9,33,08,18/02/2024,SP,355030,SAO PAULO,1,3,,2024,8,1
F,1,31,21,23/05/2024,SP,355030,SAO PAULO,1,,,2024,21,0
M,4,77,28,11/07/2024,SP,355030,SAO PAULO,1,,,2024,28,0
F,4,30,21,21/05/2024,SP,355030,SAO PAULO,1,,,2024,21,0
F,9,26,22,28/05/2024,SP,355030,SAO PAULO,1,,,2024,22,0
M,1,23,31,02/08/2024,SP,355030,SAO PAULO,1,,,2024,31,0
F,9,25,12,23/03/2024,SP,355030,SAO PAULO,1,1,,2024,12,1
F,4,74,42,17/10/2024,SP,355030,SAO PAULO,1,1,,2024,42,1
M,1,9,09,25/02/2024,SP,355030,SAO PAULO,1,3,,2024,9,1
F,1,6,23,08/06/2024,SP,355030,SAO PAULO,1,1,,2024,23,1
M,1,6,08,19/02/2024,SP,355030,SAO PAULO,1,3,,2024,8,1
F,1,19,09,01/03/2024,SP,355030,SAO PAULO,1,,,2024,9,0
F,4,5,21,19/05/2024,SP,355030,SAO PAULO,1,6,INFLUENZA A SAZONAL / H3,2024,21,1
M,1,5,10,09/03/2024,SP,355030,SAO PAULO,1,,,2024,10,0
F,4,5,27,30/06/2024,SP,355030,SAO PAULO,1,3,,2024,27,1
F,1,4,17,25/04/2024,SP,355030,SAO PAULO,1,3,,2024,17,1
M,1,4,48,24/11/2024,SP,355030,SAO PAULO,1,3,,2024,48,1
F,9,2,19,09/05/2024,SP,355030,SAO PAULO,1,,,2024,19,0
M,1,2,38,17/09/2024,SP,355030,SAO PAULO,1,1,,2024,38,1
M,9,2,20,14/05/2024,SP,355030,SAO PAULO,1,6,INFLUENZA A H1N1 CEPA 2009,2024,20,1
M,4,2,13,30/03/2024,SP,355030,SAO PAULO,1,,,2024,13,0
M,1,2,24,11/06/2024,SP,355030,SAO PAULO,1,1,,2024,24,1
M,1,1,06,08/02/2024,SP,355030,SAO PAULO,1,1,,2024,6,1
M,9,1,16,19/04/2024,SP,355030,SAO PAULO,1,3,,2024,16,1
F,4,1,18,03/05/2024,SP,355030,SAO PAULO,,3,,2024,18,1
F,1,1,19,07/05/2024,SP,355030,SAO PAULO,1,3,,2024,19,1
F,4,1,21,19/05/2024,SP,355030,SAO PAULO,9,,,2024,21,0
M,1,1,18,03/05/2024,SP,355030,SAO PAULO,1,4,,2024,18,1
M,1,11,10,06/03/2024,SP,355030,SAO PAULO,1,3,,2024,10,1
M,1,68,26,25/06/2024,SP,355030,SAO PAULO,1,2,,2024,26,1
M,9,73,51,16/12/2024,SP,355030,SAO PAULO,1,3,,2024,51,1
M,9,68,11,14/03/2024,SP,355030,SAO PAULO,1,3,,2024,11,1
F,4,80,30,24/07/2024,SP,355030,SAO PAULO,1,3,,2024,30,1
F,9,68,24,10/06/2024,SP,355030,SAO PAULO,1,,,2024,24,0
F,9,67,16,14/04/2024,SP,355030,SAO PAULO,1,3,,2024,16,1
M,1,72,49,01/12/2024,SP,355030,SAO PAULO,1,3,,2024,49,1
M,1,60,15,11/04/2024,SP,355030,SAO PAULO,1,,,2024,15,0
F,1,6,23,03/06/2024,SP,355030,SAO PAULO,1,1,,2024,23,1
M,4,3,18,29/04/2024,SP,355030,SAO PAULO,1,5,,2024,18,1
M,1,95,07,12/02/2024,SP,355030,SAO PAULO,1,3,,2024,7,1
F,2,73,15,13/04/2024,SP,355030,SAO PAULO,1,1,,2024,15,1
F,9,87,14,01/04/2024,SP,355030,SAO PAULO,1,1,,2024,14,1
M,1,4,47,19/11/2024,SP,355030,SAO PAULO,1,1,,2024,47,1
F,4,30,09,27/02/2024,SP,355030,SAO PAULO,1,,,2024,9,0
M,9,83,51,15/12/2024,SP,355030,SAO PAULO,,3,,2024,51,1
M,9,80,05,03/02/2024,SP,355030,SAO PAULO,1,4,,2024,5,1
M,1,87,34,22/08/2024,SP,355030,SAO PAULO,,,,2024,34,0
F,4,56,19,07/05/2024,SP,355030,SAO PAULO,1,2,,2024,19,1
M,1,55,04,22/01/2024,SP,355030,SAO PAULO,1,,,2024,4,0
F,1,72,30,22/07/2024,SP,355030,SAO PAULO,,,,2024,30,0
F,1,51,06,10/02/2024,SP,355030,SAO PAULO,1,3,,2024,6,1
F,9,85,09,02/03/2024,SP,355030,SAO PAULO,1,1,,2024,9,1
F,2,55,34,24/08/2024,SP,355030,SAO PAULO,1,,,2024,34,0
F,1,84,18,28/04/2024,SP,355030,SAO PAULO,1,,,2024,18,0
M,9,67,21,24/05/2024,SP,355030,SAO PAULO,1,3,,2024,21,1
F,1,8,20,18/05/2024,SP,355030,SAO PAULO,1,,,2024,20,0
M,1,51,32,09/08/2024,SP,355030,SAO PAULO,1,,,2024,32,0
M,4,62,17,21/04/2024,SP,355030,SAO PAULO,1,,,2024,17,0
M,9,45,13,30/03/2024,SP,355030,SAO PAULO,1,3,,2024,13,1
M,4,47,21,20/05/2024,SP,355030,SAO PAULO,1,,,2024,21,0
F,1,39,28,11/07/2024,SP,355030,SAO PAULO,1,,,2024,28,0
F,4,89,13,27/03/2024,SP,355030,SAO PAULO,1,,,2024,13,0
M,1,62,11,13/03/2024,SP,355030,SAO PAULO,1,,,2024,11,0
M,1,13,08,24/02/2024,SP,355030,SAO PAULO,1,,,2024,8,0
F,1,12,20,15/05/2024,SP,355030,SAO PAULO,1,3,,2024,20,1
F,1,10,14,31/03/2024,SP,355030,SAO PAULO,1,,,2024,14,0
F,9,7,24,12/06/2024,SP,355030,SAO PAULO,,3,,2024,24,1
F,1,7,36,05/09/2024,SP,355030,SAO PAULO,1,3,,2024,36,1
F,4,6,19,05/05/2024,SP,355030,SAO PAULO,1,3,,2024,19,1
M,1,6,44,28/10/2024,SP,355030,SAO PAULO,1,,,2024,44,0
M,1,13,06,10/02/2024,SP,355030,SAO PAULO,1,,,2024,6,0
M,1,10,51,15/12/2024,SP,355030,SAO PAULO,1,1,,2024,51,1
M,1,5,41,08/10/2024,SP,355030,SAO PAULO,,,,2024,41,0
F,1,5,27,01/07/2024,SP,355030,SAO PAULO,1,1,,2024,27,1
M,1,4,15,07/04/2024,SP,355030,SAO PAULO,1,3,,2024,15,1
F,3,4,32,05/08/2024,SP,355030,SAO PAULO,1,5,,2024,32,1
M,9,3,28,09/07/2024,SP,355030,SAO PAULO,1,2,,2024,28,1
M,1,63,20,14/05/2024,SP,355030,SAO PAULO,1,3,,2024,20,1
M,1,3,16,18/04/2024,SP,355030,SAO PAULO,1,3,,2024,16,1
F,9,2,18,29/04/2024,SP,355030,SAO PAULO,1,3,,2024,18,1
M,1,1,09,02/03/2024,SP,355030,SAO PAULO,1,2,,2024,9,1
F,9,67,34,24/08/2024,SP,355030,SAO PAULO,,1,,2024,34,1
M,1,1,17,22/04/2024,SP,355030,SAO PAULO,,3,,2024,17,1
M,1,7,07,14/02/2024,SP,355030,SAO PAULO,1,1,,2024,7,1
F,1,73,13,28/03/2024,SP,355030,SAO PAULO,1,,,2024,13,0
F,9,69,26,29/06/2024,SP,355030,SAO PAULO,,,,2024,26,0
M,4,54,47,20/11/2024,SP,355030,SAO PAULO,1,,,2024,47,0
F,9,44,26,26/06/2024,SP,355030,SAO PAULO,1,3,,2024,26,1
F,1,63,43,25/10/2024,SP,355030,SAO PAULO,1,,,2024,43,0
M,9,70,23,05/06/2024,SP,355030,SAO PAULO,1,3,,2024,23,1
F,9,67,11,12/03/2024,SP,355030,SAO PAULO,1,4,,2024,11,1
F,1,54,33,16/08/2024,SP,355030,SAO PAULO,,,,2024,33,0
F,1,67,27,30/06/2024,SP,355030,SAO PAULO,1,,,2024,27,0
F,1,7,11,11/03/2024,SP,355030,SAO PAULO,1,,,2024,11,0
M,1,5,28,08/07/2024,SP,355030,SAO PAULO,1,4,,2024,28,1
F,9,10,19,10/05/2024,SP,355030,SAO PAULO,,,,2024,19,0
M,4,45,09,29/02/2024,SP,355030,SAO PAULO,1,,,2024,9,0
M,1,6,23,07/06/2024,SP,355030,SAO PAULO,1,1,,2024,23,1
M,4,7,15,09/04/2024,SP,355030,SAO PAULO,,4,,2024,15,1
M,9,1,41,12/10/2024,SP,355030,SAO PAULO,,,,2024,41,0
F,1,8,22,31/05/2024,SP,355030,SAO PAULO,1,3,,2024,22,1
M,1,8,24,14/06/2024,SP,355030,SAO PAULO,1,3,,2024,24,1
F,1,10,28,10/07/2024,SP,355030,SAO PAULO,1,1,,2024,28,1
M,1,80,34,18/08/2024,SP,355030,SAO PAULO,,5,,2024,34,1
M,9,86,23,08/06/2024,SP,355030,SAO PAULO,,,,2024,23,0
F,1,64,46,12/11/2024,SP,355030,SAO PAULO,1,,,2024,46,0
M,1,91,25,20/06/2024,SP,355030,SAO PAULO,1,3,,2024,25,1
M,1,2,37,14/09/2024,SP,355030,SAO PAULO,,4,,2024,37,1
M,9,84,15,07/04/2024,SP,355030,SAO PAULO,1,3,,2024,15,1
F,1,26,11,14/03/2024,SP,355030,SAO PAULO,1,2,,2024,11,1
M,1,63,16,17/04/2024,SP,355030,SAO PAULO,1,,,2024,16,0
M,9,64,16,17/04/2024,SP,355030,SAO PAULO,1,3,,2024,16,1
M,1,78,35,30/08/2024,SP,355030,SAO PAULO,1,,,2024,35,0
F,3,80,17,24/04/2024,SP,355030,SAO PAULO,1,1,,2024,17,1
M,9,102,13,29/03/2024,SP,355030,SAO PAULO,1,1,,2024,13,1
F,1,72,50,14/12/2024,SP,355030,SAO PAULO,1,,,2024,50,0
F,1,84,09,25/02/2024,SP,355030,SAO PAULO,1,,,2024,9,0
F,1,59,27,01/07/2024,SP,355030,SAO PAULO,1,,,2024,27,0
F,4,75,08,22/02/2024,SP,355030,SAO PAULO,1,,,2024,8,0
F,4,67,28,11/07/2024,SP,355030,SAO PAULO,1,2,,2024,28,1
F,1,62,16,14/04/2024,SP,355030,SAO PAULO,1,,,2024,16,0
M,4,14,23,03/06/2024,SP,355030,SAO PAULO,,3,,2024,23,1
F,1,8,17,27/04/2024,SP,355030,SAO PAULO,1,4,,2024,17,1
M,1,78,48,27/11/2024,SP,355030,SAO PAULO,1,2,,2024,48,1
M,1,82,07,13/02/2024,SP,355030,SAO PAULO,1,4,,2024,7,1
M,1,32,15,07/04/2024,SP,355030,SAO PAULO,1,3,,2024,15,1
F,2,34,48,29/11/2024,SP,355030,SAO PAULO,1,,,2024,48,0
F,1,26,15,12/04/2024,SP,355030,SAO PAULO,1,,,2024,15,0
F,1,21,18,04/05/2024,SP,355030,SAO PAULO,1,1,,2024,18,1
F,1,16,33,14/08/2024,SP,355030,SAO PAULO,1,,,2024,33,0
M,4,6,05,03/02/2024,SP,355030,SAO PAULO,1,,,2024,5,0
M,1,6,26,23/06/2024,SP,355030,SAO PAULO,1,1,,2024,26,1
M,1,4,12,21/03/2024,SP,355030,SAO PAULO,1,3,,2024,12,1
M,1,12,40,05/10/2024,SP,355030,SAO PAULO,1,3,,2024,40,1
M,1,2,14,01/04/2024,SP,355030,SAO PAULO,1,3,,2024,14,1
F,9,1,21,25/05/2024,SP,355030,SAO PAULO,1,,,2024,21,0
M,4,1,17,26/04/2024,SP,355030,SAO PAULO,1,3,,2024,17,1
M,1,11,21,24/05/2024,SP,355030,SAO PAULO,1,1,,2024,21,1
F,1,70,16,16/04/2024,SP,355030,SAO PAULO,1,,,2024,16,0
F,1,84,50,10/12/2024,SP,355030,SAO PAULO,1,3,,2024,50,1
M,9,68,09,27/02/2024,SP,355030,SAO PAULO,1,3,,2024,9,1
M,9,51,13,26/03/2024,SP,355030,SAO PAULO,1,,,2024,13,0
M,9,67,14,31/03/2024,SP,355030,SAO PAULO,1,,,2024,14,0
M,1,15,36,05/09/2024,SP,355030,SAO PAULO,,3,,2024,36,1
M,1,4,19,07/05/2024,SP,355030,SAO PAULO,,3,,2024,19,1
M,9,39,16,16/04/2024,SP,355030,SAO PAULO,,,,2024,16,0
F,9,37,15,12/04/2024,SP,355030,SAO PAULO,,,,2024,15,0
M,4,6,30,25/07/2024,SP,355030,SAO PAULO,1,,,2024,30,0
F,1,80,17,26/04/2024,SP,355030,SAO PAULO,1,3,,2024,17,1
F,9,90,21,25/05/2024,SP,355030,SAO PAULO,,,,2024,21,0
F,9,95,15,13/04/2024,SP,355030,SAO PAULO,1,,,2024,15,0
F,1,59,08,21/02/2024,SP,355030,SAO PAULO,1,2,,2024,8,1
F,1,79,35,26/08/2024,SP,355030,SAO PAULO,1,,,2024,35,0
F,1,64,19,07/05/2024,SP,355030,SAO PAULO,1,1,,2024,19,1
M,1,89,17,27/04/2024,SP,355030,SAO PAULO,1,4,,2024,17,1
M,1,86,16,19/04/2024,SP,355030,SAO PAULO,1,,,2024,16,0
M,1,83,52,22/12/2024,SP,355030,SAO PAULO,1,3,,2024,52,1
M,1,51,15,10/04/2024,SP,355030,SAO PAULO,1,3,,2024,15,1
F,1,77,15,09/04/2024,SP,355030,SAO PAULO,1,,,2024,15,0
F,9,78,52,28/12/2024,SP,355030,SAO PAULO,,3,,2024,52,1
M,1,10,19,11/05/2024,SP,355030,SAO PAULO,1,1,,2024,19,1
M,1,47,43,23/10/2024,SP,355030,SAO PAULO,1,1,,2024,43,1
M,1,47,44,27/10/2024,SP,355030,SAO PAULO,1,1,,2024,44,1
M,4,46,16,19/04/2024,SP,355030,SAO PAULO,1,3,,2024,16,1
F,1,44,43,20/10/2024,SP,355030,SAO PAULO,1,3,,2024,43,1
M,9,37,15,08/04/2024,SP,355030,SAO PAULO,1,,,2024,15,0
M,1,37,26,28/06/2024,SP,355030,SAO PAULO,1,4,,2024,26,1
F,9,35,50,12/12/2024,SP,355030,SAO PAULO,,3,,2024,50,1
F,9,32,42,18/10/2024,SP,355030,SAO PAULO,1,,,2024,42,0
F,3,36,40,29/09/2024,SP,355030,SAO PAULO,1,,,2024,40,0
F,1,28,22,28/05/2024,SP,355030,SAO PAULO,1,,,2024,22,0
M,1,28,49,03/12/2024,SP,355030,SAO PAULO,1,3,,2024,49,1
M,4,10,11,10/03/2024,SP,355030,SAO PAULO,1,,,2024,11,0
M,9,8,44,28/10/2024,SP,355030,SAO PAULO,1,3,,2024,44,1
M,9,5,08,21/02/2024,SP,355030,SAO PAULO,1,6,INFLUENZA A H1N1 CEPA 2009,2024,8,1
M,1,5,25,22/06/2024,SP,355030,SAO PAULO,1,1,,2024,25,1
M,4,4,31,02/08/2024,SP,355030,SAO PAULO,,,,2024,31,0
F,4,4,50,14/12/2024,SP,355030,SAO PAULO,1,3,,2024,50,1
M,9,2,43,22/10/2024,SP,355030,SAO PAULO,1,,,2024,43,0
F,1,9,23,05/06/2024,SP,355030,SAO PAULO,1,2,,2024,23,1
M,4,7,18,28/04/2024,SP,355030,SAO PAULO,,3,,2024,18,1
F,1,77,16,17/04/2024,SP,355030,SAO PAULO,,5,,2024,16,1
F,1,87,14,03/04/2024,SP,355030,SAO PAULO,1,3,,2024,14,1
M,1,11,33,15/08/2024,SP,355030,SAO PAULO,,,,2024,33,0
M,9,69,18,04/05/2024,SP,355030,SAO PAULO,,,,2024,18,0
M,9,2,25,22/06/2024,SP,355030,SAO PAULO,,,,2024,25,0
M,9,51,18,01/05/2024,SP,355030,SAO PAULO,,,,2024,18,0
M,4,8,20,14/05/2024,SP,355030,SAO PAULO,,3,,2024,20,1
F,9,26,17,24/04/2024,SP,355030,SAO PAULO,1,,,2024,17,0
F,1,90,27,30/06/2024,SP,355030,SAO PAULO,1,,,2024,27,0
F,4,41,41,07/10/2024,SP,355030,SAO PAULO,1,,,2024,41,0
M,4,7,43,20/10/2024,SP,355030,SAO PAULO,1,,,2024,43,0
F,1,3,25,22/06/2024,SP,355030,SAO PAULO,1,1,,2024,25,1
M,4,49,50,09/12/2024,SP,355030,SAO PAULO,1,2,,2024,50,1
F,1,60,16,16/04/2024,SP,355030,SAO PAULO,1,,,2024,16,0
M,4,60,19,08/05/2024,SP,355030,SAO PAULO,1,3,,2024,19,1
F,2,70,23,06/06/2024,SP,355030,SAO PAULO,1,,,2024,23,0
F,1,81,29,18/07/2024,SP,355030,SAO PAULO,1,2,,2024,29,1
M,9,87,26,25/06/2024,SP,355030,SAO PAULO,1,3,,2024,26,1
F,9,79,26,23/06/2024,SP,355030,SAO PAULO,1,2,,2024,26,1
F,1,52,28,07/07/2024,SP,355030,SAO PAULO,1,,,2024,28,0
F,4,79,14,01/04/2024,SP,355030,SAO PAULO,1,2,,2024,14,1
F,9,49,39,22/09/2024,SP,355030,SAO PAULO,1,,,2024,39,0
M,4,76,42,18/10/2024,SP,355030,SAO PAULO,1,3,,2024,42,1
F,1,70,40,05/10/2024,SP,355030,SAO PAULO,1,,,2024,40,0
F,1,36,18,02/05/2024,SP,355030,SAO PAULO,9,3,,2024,18,1
F,1,67,06,09/02/2024,SP,355030,SAO PAULO,1,1,,2024,6,1
F,9,44,43,21/10/2024,SP,355030,SAO PAULO,9,5,,2024,43,1
F,1,84,14,06/04/2024,SP,355030,SAO PAULO,1,1,,2024,14,1
F,4,70,40,30/09/2024,SP,355030,SAO PAULO,1,3,,2024,40,1
F,1,37,33,15/08/2024,SP,355030,SAO PAULO,1,,,2024,33,0
M,1,75,24,12/06/2024,SP,355030,SAO PAULO,1,,,2024,24,0
F,9,34,24,14/06/2024,SP,355030,SAO PAULO,1,2,,2024,24,1
F,4,28,15,13/04/2024,SP,355030,SAO PAULO,1,,,2024,15,0
F,2,21,25,17/06/2024,SP,355030,SAO PAULO,1,,,2024,25,0
F,1,89,50,08/12/2024,SP,355030,SAO PAULO,1,3,,2024,50,1
M,4,20,48,25/11/2024,SP,355030,SAO PAULO,1,3,,2024,48,1
M,1,83,09,29/02/2024,SP,355030,SAO PAULO,1,,,2024,9,0
F,1,8,12,18/03/2024,SP,355030,SAO PAULO,1,6,INFLUENZA A H1N1 CEPA 2009,2024,12,1
M,4,7,20,17/05/2024,SP,355030,SAO PAULO,1,3,,2024,20,1
F,1,20,43,21/10/2024,SP,355030,SAO PAULO,1,2,,2024,43,1
F,1,7,18,04/05/2024,SP,355030,SAO PAULO,1,2,,2024,18,1
F,1,13,23,02/06/2024,SP,355030,SAO PAULO,1,3,,2024,23,1
M,1,5,27,01/07/2024,SP,355030,SAO PAULO,1,3,,2024,27,1
F,9,7,42,18/10/2024,SP,355030,SAO PAULO,1,2,,2024,42,1
F,9,71,15,13/04/2024,SP,355030,SAO PAULO,1,,,2024,15,0
F,1,4,13,28/03/2024,SP,355030,SAO PAULO,1,3,,2024,13,1
F,1,4,13,25/03/2024,SP,355030,SAO PAULO,1,6,INFLUENZA A H1N1 CEPA 2009,2024,13,1
M,1,8,22,31/05/2024,SP,355030,SAO PAULO,1,1,,2024,22,1
F,1,2,15,07/04/2024,SP,355030,SAO PAULO,1,6,INFLUENZA A H1N1 CEPA 2009,2024,15,1
M,4,2,13,26/03/2024,SP,355030,SAO PAULO,1,,,2024,13,0
M,1,2,33,15/08/2024,SP,355030,SAO PAULO,1,,,2024,33,0
F,1,1,08,24/02/2024,SP,355030,SAO PAULO,1,,,2024,8,0
M,1,2,14,01/04/2024,SP,355030,SAO PAULO,1,,,2024,14,0
M,1,9,20,17/05/2024,SP,355030,SAO PAULO,,3,,2024,20,1
F,1,81,17,27/04/2024,SP,355030,SAO PAULO,1,,,2024,17,0
M,1,69,13,27/03/2024,SP,355030,SAO PAULO,1,,,2024,13,0
F,1,78,14,31/03/2024,SP,355030,SAO PAULO,1,,,2024,14,0
M,1,67,25,16/06/2024,SP,355030,SAO PAULO,1,2,,2024,25,1
F,4,7,12,21/03/2024,SP,355030,SAO PAULO,1,,,2024,12,0
F,4,1,27,06/07/2024,SP,355030,SAO PAULO,1,,,2024,27,0
M,4,10,08,21/02/2024,SP,355030,SAO PAULO,1,3,,2024,8,1
F,1,5,11,15/03/2024,SP,355030,SAO PAULO,1,1,,2024,11,1
F,2,66,08,20/02/2024,SP,355030,SAO PAULO,1,3,,2024,8,1
M,4,3,10,09/03/2024,SP,355030,SAO PAULO,1,2,,2024,10,1
M,9,96,35,30/08/2024,SP,355030,SAO PAULO,1,3,,2024,35,1
M,3,62,47,23/11/2024,SP,355030,SAO PAULO,1,3,,2024,47,1
M,4,41,15,07/04/2024,SP,355030,SAO PAULO,1,2,,2024,15,1
F,4,41,23,05/06/2024,SP,355030,SAO PAULO,,1,,2024,23,1
F,1,80,14,06/04/2024,SP,355030,SAO PAULO,,5,,2024,14,1
F,9,77,21,19/05/2024,SP,355030,SAO PAULO,1,,,2024,21,0
F,4,11,08,18/02/2024,SP,355030,SAO PAULO,1,3,,2024,8,1
M,9,56,24,10/06/2024,SP,355030,SAO PAULO,1,5,,2024,24,1
M,1,79,26,23/06/2024,SP,355030,SAO PAULO,1,,,2024,26,0
F,1,52,18,30/04/2024,SP,355030,SAO PAULO,1,,,2024,18,0
M,1,88,15,11/04/2024,SP,355030,SAO PAULO,1,3,,2024,15,1
M,1,82,22,28/05/2024,SP,355030,SAO PAULO,1,,,2024,22,0
F,9,95,18,28/04/2024,SP,355030,SAO PAULO,1,,,2024,18,0
F,1,46,21,23/05/2024,SP,355030,SAO PAULO,,3,,2024,21,1
F,1,47,05,30/01/2024,SP,355030,SAO PAULO,1,3,,2024,5,1
M,1,72,16,14/04/2024,SP,355030,SAO PAULO,1,3,,2024,16,1
F,9,45,41,08/10/2024,SP,355030,SAO PAULO,1,,,2024,41,0
M,1,37,16,20/04/2024,SP,355030,SAO PAULO,1,3,,2024,16,1
M,1,13,25,21/06/2024,SP,355030,SAO PAULO,1,4,,2024,25,1
M,4,26,41,10/10/2024,SP,355030,SAO PAULO,1,4,,2024,41,1
F,4,11,15,08/04/2024,SP,355030,SAO PAULO,1,3,,2024,15,1
M,1,4,06,08/02/2024,SP,355030,SAO PAULO,1,3,,2024,6,1
M,1,3,16,18/04/2024,SP,355030,SAO PAULO,1,2,,2024,16,1
M,9,3,12,20/03/2024,SP,355030,SAO PAULO,1,,,2024,12,0
M,9,3,18,29/04/2024,SP,355030,SAO PAULO,1,,,2024,18,0
F,9,3,31,30/07/2024,SP,355030,SAO PAULO,,,,2024,31,0
F,1,3,38,16/09/2024,SP,355030,SAO PAULO,1,,,2024,38,0
F,1,1,14,04/04/2024,SP,355030,SAO PAULO,1,3,,2024,14,1
M,4,1,18,01/05/2024,SP,355030,SAO PAULO,1,4,,2024,18,1
M,4,1,51,15/12/2024,SP,355030,SAO PAULO,1,2,,2024,51,1
M,1,10,10,03/03/2024,SP,355030,SAO PAULO,1,2,,2024,10,1
M,4,73,45,03/11/2024,SP,355030,SAO PAULO,9,5,,2024,45,1
M,1,7,21,22/05/2024,SP,355030,SAO PAULO,,3,,2024,21,1
F,9,11,43,22/10/2024,SP,355030,SAO PAULO,1,,,2024,43,0
M,4,18,30,22/07/2024,SP,355030,SAO PAULO,1,,,2024,30,0
F,4,12,43,20/10/2024,SP,355030,SAO PAULO,1,,,2024,43,0
M,9,86,12,21/03/2024,SP,355030,SAO PAULO,,,,2024,12,0
M,1,85,35,27/08/2024,SP,355030,SAO PAULO,1,,,2024,35,0
F,1,70,20,12/05/2024,SP,355030,SAO PAULO,1,2,,2024,20,1
F,1,70,17,23/04/2024,SP,355030,SAO PAULO,1,,,2024,17,0
M,3,5,25,22/06/2024,SP,355030,SAO PAULO,1,1,,2024,25,1
F,1,75,18,29/04/2024,SP,355030,SAO PAULO,1,3,,2024,18,1
M,4,7,45,04/11/2024,SP,355030,SAO PAULO,1,1,,2024,45,1
M,1,83,06,04/02/2024,SP,355030,SAO PAULO,1,4,,2024,6,1
F,9,60,18,04/05/2024,SP,355030,SAO PAULO,1,1,,2024,18,1
M,4,56,17,24/04/2024,SP,355030,SAO PAULO,1,3,,2024,17,1
M,1,55,38,20/09/2024,SP,355030,SAO PAULO,1,,,2024,38,0
M,1,52,12,20/03/2024,SP,355030,SAO PAULO,1,,,2024,12,0
F,1,56,40,02/10/2024,SP,355030,SAO PAULO,1,,,2024,40,0
F,1,81,31,02/08/2024,SP,355030,SAO PAULO,1,,,2024,31,0
F,1,54,09,27/02/2024,SP,355030,SAO PAULO,1,3,,2024,9,1
M,1,52,10,06/03/2024,SP,355030,SAO PAULO,1,,,2024,10,0
M,9,94,06,08/02/2024,SP,355030,SAO PAULO,,5,,2024,6,1
F,4,66,25,22/06/2024,SP,355030,SAO PAULO,1,3,,2024,25,1
M,1,88,29,14/07/2024,SP,355030,SAO PAULO,1,2,,2024,29,1
M,9,86,25,22/06/2024,SP,355030,SAO PAULO,,,,2024,25,0
M,1,77,44,28/10/2024,SP,355030,SAO PAULO,1,1,,2024,44,1
F,1,86,17,27/04/2024,SP,355030,SAO PAULO,1,3,,2024,17,1
M,1,49,43,20/10/2024,SP,355030,SAO PAULO,1,,,2024,43,0
F,1,51,14,31/03/2024,SP,355030,SAO PAULO,1,3,,2024,14,1
F,1,44,14,04/04/2024,SP,355030,SAO PAULO,,,,2024,14,0
F,1,68,15,11/04/2024,SP,355030,SAO PAULO,1,1,,2024,15,1
M,2,45,04,21/01/2024,SP,355030,SAO PAULO,1,,,2024,4,0
M,4,41,13,29/03/2024,SP,355030,SAO PAULO,1,,,2024,13,0
F,1,87,48,29/11/2024,SP,355030,SAO PAULO,1,,,2024,48,0
M,1,36,24,09/06/2024,SP,355030,SAO PAULO,1,1,,2024,24,1
M,9,16,19,09/05/2024,SP,355030,SAO PAULO,1,,,2024,19,0
M,1,77,49,04/12/2024,SP,355030,SAO PAULO,1,3,,2024,49,1
M,1,11,20,17/05/2024,SP,355030,SAO PAULO,1,1,,2024,20,1
F,1,11,23,05/06/2024,SP,355030,SAO PAULO,1,1,,2024,23,1
M,4,23,27,06/07/2024,SP,355030,SAO PAULO,1,1,,2024,27,1
M,1,28,36,03/09/2024,SP,355030,SAO PAULO,1,,,2024,36,0
F,1,23,07,15/02/2024,SP,355030,SAO PAULO,1,,,2024,7,0
F,4,10,18,03/05/2024,SP,355030,SAO PAULO,1,,,2024,18,0
F,9,8,20,12/05/2024,SP,355030,SAO PAULO,1,,,2024,20,0
M,9,12,17,24/04/2024,SP,355030,SAO PAULO,,3,,2024,17,1
F,9,72,03,20/01/2024,SP,355030,SAO PAULO,1,1,,2024,3,1
F,1,7,49,01/12/2024,SP,355030,SAO PAULO,,,,2024,49,0
M,1,6,41,11/10/2024,SP,355030,SAO PAULO,1,,,2024,41,0
F,2,20,18,29/04/2024,SP,355030,SAO PAULO,1,,,2024,18,0
F,1,5,10,06/03/2024,SP,355030,SAO PAULO,1,3,,2024,10,1
F,4,5,05,29/01/2024,SP,355030,SAO PAULO,2,1,,2024,5,1
M,1,4,07,12/02/2024,SP,355030,SAO PAULO,1,1,,2024,7,1
M,1,3,13,24/03/2024,SP,355030,SAO PAULO,1,,,2024,13,0
F,1,2,05,30/01/2024,SP,355030,SAO PAULO,1,3,,2024,5,1
F,1,2,16,17/04/2024,SP,355030,SAO PAULO,1,6,INFLUENZA A H1N1 CEPA 2009,2024,16,1
M,1,2,13,29/03/2024,SP,355030,SAO PAULO,1,,,2024,13,0
F,4,1,26,27/06/2024,SP,355030,SAO PAULO,1,2,,2024,26,1
M,1,1,10,09/03/2024,SP,355030,SAO PAULO,1,6,INFLUENZA A H1N1 CEPA 2009,2024,10,1
M,9,1,26,23/06/2024,SP,355030,SAO PAULO,1,,,2024,26,0
M,1,0,14,02/04/2024,SP,355030,SAO PAULO,,4,,2024,14,1
M,1,0,22,26/05/2024,SP,355030,SAO PAULO,1,2,,2024,22,1
M,1,9,18,03/05/2024,SP,355030,SAO PAULO,1,6,INFLUENZA A H1N1 CEPA 2009,2024,18,1
M,1,75,12,21/03/2024,SP,355030,SAO PAULO,1,,,2024,12,0
F,9,71,44,30/10/2024,SP,355030,SAO PAULO,1,,,2024,44,0
F,1,75,04,23/01/2024,SP,355030,SAO PAULO,1,4,,2024,4,1
M,1,52,41,08/10/2024,SP,355030,SAO PAULO,1,,,2024,41,0
M,9,10,19,06/05/2024,SP,355030,SAO PAULO,1,,,2024,19,0
M,1,3,16,18/04/2024,SP,355030,SAO PAULO,1,,,2024,16,0
M,9,5,14,02/04/2024,SP,355030,SAO PAULO,1,,,2024,14,0
M,4,4,18,04/05/2024,SP,355030,SAO PAULO,1,,,2024,18,0
M,9,85,15,13/04/2024,SP,355030,SAO PAULO,1,3,,2024,15,1
M,1,84,15,08/04/2024,SP,355030,SAO PAULO,1,3,,2024,15,1
M,9,89,30,24/07/2024,SP,355030,SAO PAULO,1,,,2024,30,0
M,4,82,51,19/12/2024,SP,355030,SAO PAULO,2,1,,2024,51,1
M,1,79,07,16/02/2024,SP,355030,SAO PAULO,,3,,2024,7,1
M,4,3,42,16/10/2024,SP,355030,SAO PAULO,1,,,2024,42,0
F,1,90,26,28/06/2024,SP,355030,SAO PAULO,1,3,,2024,26,1
F,1,65,25,19/06/2024,SP,355030,SAO PAULO,1,2,,2024,25,1
F,1,94,16,20/04/2024,SP,355030,SAO PAULO,1,,,2024,16,0
F,9,95,25,18/06/2024,SP,355030,SAO PAULO,1,2,,2024,25,1
F,9,91,21,22/05/2024,SP,355030,SAO PAULO,1,3,,2024,21,1
F,9,55,20,15/05/2024,SP,355030,SAO PAULO,,,,2024,20,0
M,1,52,14,03/04/2024,SP,355030,SAO PAULO,1,,,2024,14,0
F,9,78,15,09/04/2024,SP,355030,SAO PAULO,1,,,2024,15,0
F,9,68,23,06/06/2024,SP,355030,SAO PAULO,1,4,,2024,23,1
F,1,53,41,12/10/2024,SP,355030,SAO PAULO,1,5,,2024,41,1
M,1,57,15,13/04/2024,SP,355030,SAO PAULO,1,,,2024,15,0
M,4,44,14,05/04/2024,SP,355030,SAO PAULO,1,3,,2024,14,1
M,4,20,14,04/04/2024,SP,355030,SAO PAULO,1,3,,2024,14,1
F,4,66,48,26/11/2024,SP,355030,SAO PAULO,1,1,,2024,48,1
F,1,50,36,02/09/2024,SP,355030,SAO PAULO,1,,,2024,36,0
F,1,75,23,03/06/2024,SP,355030,SAO PAULO,1,4,,2024,23,1
F,1,44,22,01/06/2024,SP,355030,SAO PAULO,1,4,,2024,22,1
F,1,42,21,21/05/2024,SP,355030,SAO PAULO,1,,,2024,21,0
F,9,31,11,13/03/2024,SP,355030,SAO PAULO,,,,2024,11,0
M,3,74,24,14/06/2024,SP,355030,SAO PAULO,1,3,,2024,24,1
F,9,28,25,20/06/2024,SP,355030,SAO PAULO,1,5,,2024,25,1
F,1,30,18,01/05/2024,SP,355030,SAO PAULO,1,,,2024,18,0
F,1,15,11,10/03/2024,SP,355030,SAO PAULO,1,3,,2024,11,1
M,1,10,13,30/03/2024,SP,355030,SAO PAULO,1,,,2024,13,0
F,1,19,39,23/09/2024,SP,355030,SAO PAULO,1,3,,2024,39,1
M,4,9,08,20/02/2024,SP,355030,SAO PAULO,1,,,2024,8,0
F,9,7,08,24/02/2024,SP,355030,SAO PAULO,1,1,,2024,8,1
M,4,7,28,13/07/2024,SP,355030,SAO PAULO,1,1,,2024,28,1
M,2,5,41,11/10/2024,SP,355030,SAO PAULO,1,2,,2024,41,1
M,9,11,10,09/03/2024,SP,355030,SAO PAULO,1,,,2024,10,0
F,4,4,16,14/04/2024,SP,355030,SAO PAULO,1,1,,2024,16,1
F,5,4,11,14/03/2024,SP,355030,SAO PAULO,1,,,2024,11,0
F,1,11,18,02/05/2024,SP,355030,SAO PAULO,1,,,2024,18,0
M,1,60,48,24/11/2024,SP,355030,SAO PAULO,1,,,2024,48,0
F,1,2,12,19/03/2024,SP,355030,SAO PAULO,1,,,2024,12,0
F,4,2,23,06/06/2024,SP,355030,SAO PAULO,1,,,2024,23,0
M,9,1,04,22/01/2024,SP,355030,SAO PAULO,1,5,,2024,4,1
F,4,2,38,19/09/2024,SP,355030,SAO PAULO,1,,,2024,38,0
M,4,1,20,15/05/2024,SP,355030,SAO PAULO,1,,,2024,20,0
M,1,1,28,11/07/2024,SP,355030,SAO PAULO,,2,,2024,28,1
F,4,1,28,13/07/2024,SP,355030,SAO PAULO,,,,2024,28,0
M,1,0,14,01/04/2024,SP,355030,SAO PAULO,1,3,,2024,14,1
F,9,8,11,11/03/2024,SP,355030,SAO PAULO,1,,,2024,11,0
M,9,7,14,02/04/2024,SP,355030,SAO PAULO,1,,,2024,14,0
M,1,68,32,09/08/2024,SP,355030,SAO PAULO,1,3,,2024,32,1
F,9,71,14,06/04/2024,SP,355030,SAO PAULO,1,1,,2024,14,1
F,9,71,23,08/06/2024,SP,355030,SAO PAULO,1,4,,2024,23,1
F,1,42,26,26/06/2024,SP,355030,SAO PAULO,1,1,,2024,26,1
F,9,5,14,06/04/2024,SP,355030,SAO PAULO,,,,2024,14,0
F,9,49,11,10/03/2024,SP,355030,SAO PAULO,,,,2024,11,0
M,4,8,07,14/02/2024,SP,355030,SAO PAULO,1,3,,2024,7,1
F,2,10,15,09/04/2024,SP,355030,SAO PAULO,1,2,,2024,15,1
M,1,7,26,26/06/2024,SP,355030,SAO PAULO,,3,,2024,26,1
F,1,63,02,11/01/2024,SP,355030,SAO PAULO,1,,,2024,2,0
F,1,89,08,20/02/2024,SP,355030,SAO PAULO,1,4,,2024,8,1
F,1,94,15,11/04/2024,SP,355030,SAO PAULO,1,4,,2024,15,1
F,4,64,47,17/11/2024,SP,355030,SAO PAULO,1,1,,2024,47,1
M,1,63,26,25/06/2024,SP,355030,SAO PAULO,1,2,,2024,26,1
M,1,58,21,19/05/2024,SP,355030,SAO PAULO,1,3,,2024,21,1
M,4,9,32,05/08/2024,SP,355030,SAO PAULO,1,2,,2024,32,1
M,9,51,07,13/02/2024,SP,355030,SAO PAULO,1,,,2024,7,0
F,9,72,10,03/03/2024,SP,355030,SAO PAULO,1,4,,2024,10,1
F,1,49,10,09/03/2024,SP,355030,SAO PAULO,1,2,,2024,10,1
M,1,2,25,18/06/2024,SP,355030,SAO PAULO,,3,,2024,25,1
F,1,81,20,15/05/2024,SP,355030,SAO PAULO,1,,,2024,20,0
F,9,51,26,25/06/2024,SP,355030,SAO PAULO,,,,2024,26,0
F,4,73,15,12/04/2024,SP,355030,SAO PAULO,1,1,,2024,15,1
M,9,5,49,03/12/2024,SP,355030,SAO PAULO,9,,,2024,49,0
F,1,43,24,10/06/2024,SP,355030,SAO PAULO,1,1,,2024,24,1
M,1,36,14,31/03/2024,SP,355030,SAO PAULO,1,3,,2024,14,1
M,4,6,39,24/09/2024,SP,355030,SAO PAULO,1,3,,2024,39,1
M,1,48,36,07/09/2024,SP,355030,SAO PAULO,1,3,,2024,36,1
F,1,48,17,22/04/2024,SP,355030,SAO PAULO,1,6,INFLUENZA A SAZONAL / H3,2024,17,1
F,1,94,13,29/03/2024,SP,355030,SAO PAULO,1,,,2024,13,0
F,1,40,38,20/09/2024,SP,355030,SAO PAULO,1,1,,2024,38,1
F,9,72,34,23/08/2024,SP,355030,SAO PAULO,,3,,2024,34,1
F,1,36,14,01/04/2024,SP,355030,SAO PAULO,1,,,2024,14,0
M,1,75,18,03/05/2024,SP,355030,SAO PAULO,1,,,2024,18,0
F,1,34,16,17/04/2024,SP,355030,SAO PAULO,1,2,,2024,16,1
M,4,35,17,21/04/2024,SP,355030,SAO PAULO,1,2,,2024,17,1
M,9,75,17,24/04/2024,SP,355030,SAO PAULO,,4,,2024,17,1
F,4,15,32,06/08/2024,SP,355030,SAO PAULO,1,,,2024,32,0
M,4,24,05,30/01/2024,SP,355030,SAO PAULO,1,3,,2024,5,1
F,4,11,12,17/03/2024,SP,355030,SAO PAULO,1,2,,2024,12,1
M,1,9,37,11/09/2024,SP,355030,SAO PAULO,1,,,2024,37,0
M,1,7,09,26/02/2024,SP,355030,SAO PAULO,1,,,2024,9,0
M,1,9,28,07/07/2024,SP,355030,SAO PAULO,1,2,,2024,28,1
F,9,5,11,13/03/2024,SP,355030,SAO PAULO,1,1,,2024,11,1
F,1,3,14,01/04/2024,SP,355030,SAO PAULO,1,,,2024,14,0
F,1,3,13,29/03/2024,SP,355030,SAO PAULO,1,,,2024,13,0
M,1,2,15,10/04/2024,SP,355030,SAO PAULO,1,,,2024,15,0
F,1,2,16,19/04/2024,SP,355030,SAO PAULO,1,,,2024,16,0
M,1,2,29,15/07/2024,SP,355030,SAO PAULO,1,,,2024,29,0
M,1,1,14,04/04/2024,SP,355030,SAO PAULO,1,3,,2024,14,1
M,2,1,16,15/04/2024,SP,355030,SAO PAULO,1,,,2024,16,0
F,1,7,16,19/04/2024,SP,355030,SAO PAULO,1,3,,2024,16,1
M,9,73,12,17/03/2024,SP,355030,SAO PAULO,1,,,2024,12,0
M,3,77,14,31/03/2024,SP,355030,SAO PAULO,1,3,,2024,14,1
M,1,56,07,17/02/2024,SP,355030,SAO PAULO,1,,,2024,7,0
F,1,66,52,26/12/2024,SP,355030,SAO PAULO,1,2,,2024,52,1
F,9,70,50,11/12/2024,SP,355030,SAO PAULO,,,,2024,50,0
F,9,76,43,24/10/2024,SP,355030,SAO PAULO,,,,2024,43,0
M,9,34,10,09/03/2024,SP,355030,SAO PAULO,,,,2024,10,0
M,9,72,47,18/11/2024,SP,355030,SAO PAULO,,,,2024,47,0
F,9,67,14,01/04/2024,SP,355030,SAO PAULO,,,,2024,14,0
F,9,58,22,31/05/2024,SP,355030,SAO PAULO,,,,2024,22,0
M,4,10,08,23/02/2024,SP,355030,SAO PAULO,1,3,,2024,8,1
F,1,8,20,12/05/2024,SP,355030,SAO PAULO,1,1,,2024,20,1
M,9,65,18,04/05/2024,SP,355030,SAO PAULO,1,3,,2024,18,1
M,1,92,15,13/04/2024,SP,355030,SAO PAULO,,5,,2024,15,1
M,1,63,44,02/11/2024,SP,355030,SAO PAULO,,,,2024,44,0
M,1,7,27,04/07/2024,SP,355030,SAO PAULO,1,,,2024,27,0
F,1,36,13,30/03/2024,SP,355030,SAO PAULO,1,3,,2024,13,1
M,1,79,23,02/06/2024,SP,355030,SAO PAULO,1,3,,2024,23,1
F,1,63,15,10/04/2024,SP,355030,SAO PAULO,1,3,,2024,15,1
F,9,79,23,02/06/2024,SP,355030,SAO PAULO,,,,2024,23,0
M,9,83,09,25/02/2024,SP,355030,SAO PAULO,1,1,,2024,9,1
F,4,62,35,26/08/2024,SP,355030,SAO PAULO,1,,,2024,35,0
M,1,77,08,19/02/2024,SP,355030,SAO PAULO,1,2,,2024,8,1
F,1,57,19,06/05/2024,SP,355030,SAO PAULO,1,3,,2024,19,1
F,4,90,19,08/05/2024,SP,355030,SAO PAULO,1,,,2024,19,0
F,1,55,33,11/08/2024,SP,355030,SAO PAULO,,3,,2024,33,1
M,4,89,11,15/03/2024,SP,355030,SAO PAULO,1,,,2024,11,0
M,1,55,24,11/06/2024,SP,355030,SAO PAULO,,5,,2024,24,1
F,1,54,39,25/09/2024,SP,355030,SAO PAULO,1,5,,2024,39,1
M,4,52,39,25/09/2024,SP,355030,SAO PAULO,,,,2024,39,0
F,9,85,05,03/02/2024,SP,355030,SAO PAULO,1,4,,2024,5,1
M,4,4,17,22/04/2024,SP,355030,SAO PAULO,1,2,,2024,17,1
F,1,87,25,21/06/2024,SP,355030,SAO PAULO,1,3,,2024,25,1
M,4,44,38,17/09/2024,SP,355030,SAO PAULO,1,,,2024,38,0
M,1,42,22,29/05/2024,SP,355030,SAO PAULO,1,,,2024,22,0
M,9,40,29,16/07/2024,SP,355030,SAO PAULO,1,3,,2024,29,1
F,4,8,48,29/11/2024,SP,355030,SAO PAULO,1,3,,2024,48,1
F,1,68,02,07/01/2024,SP,355030,SAO PAULO,1,3,,2024,2,1
M,1,43,25,18/06/2024,SP,355030,SAO PAULO,1,3,,2024,25,1
F,1,88,13,27/03/2024,SP,355030,SAO PAULO,1,1,,2024,13,1
F,1,80,14,31/03/2024,SP,355030,SAO PAULO,9,1,,2024,14,1
M,4,73,16,17/04/2024,SP,355030,SAO PAULO,1,1,,2024,16,1
F,1,32,44,01/11/2024,SP,355030,SAO PAULO,1,1,,2024,44,1
M,1,27,22,30/05/2024,SP,355030,SAO PAULO,1,4,,2024,22,1
M,1,29,27,05/07/2024,SP,355030,SAO PAULO,1,,,2024,27,0
F,1,18,16,15/04/2024,SP,355030,SAO PAULO,1,,,2024,16,0
M,4,9,51,21/12/2024,SP,355030,SAO PAULO,1,,,2024,51,0
F,1,23,40,04/10/2024,SP,355030,SAO PAULO,1,2,,2024,40,1
F,1,7,16,19/04/2024,SP,355030,SAO PAULO,1,3,,2024,16,1
M,1,13,16,15/04/2024,SP,355030,SAO PAULO,1,1,,2024,16,1
F,2,12,18,02/05/2024,SP,355030,SAO PAULO,2,2,,2024,18,1
F,2,8,18,04/05/2024,SP,355030,SAO PAULO,1,2,,2024,18,1
F,9,11,17,21/04/2024,SP,355030,SAO PAULO,,3,,2024,17,1
M,1,4,23,07/06/2024,SP,355030,SAO PAULO,1,1,,2024,23,1
F,1,3,08,20/02/2024,SP,355030,SAO PAULO,1,3,,2024,8,1
M,4,3,13,28/03/2024,SP,355030,SAO PAULO,1,2,,2024,13,1
M,9,3,15,08/04/2024,SP,355030,SAO PAULO,1,,,2024,15,0
M,4,2,16,20/04/2024,SP,355030,SAO PAULO,1,4,,2024,16,1
F,9,2,29,16/07/2024,SP,355030,SAO PAULO,1,3,,2024,29,1
M,1,2,13,29/03/2024,SP,355030,SAO PAULO,1,3,,2024,13,1
F,1,1,08,23/02/2024,SP,355030,SAO PAULO,1,3,,2024,8,1
M,4,10,21,22/05/2024,SP,355030,SAO PAULO,1,3,,2024,21,1
F,1,2,49,02/12/2024,SP,355030,SAO PAULO,1,2,,2024,49,1
M,1,1,19,06/05/2024,SP,355030,SAO PAULO,1,,,2024,19,0
F,1,11,13,27/03/2024,SP,355030,SAO PAULO,,1,,2024,13,1
F,1,1,46,11/11/2024,SP,355030,SAO PAULO,,,,2024,46,0
M,9,1,37,08/09/2024,SP,355030,SAO PAULO,1,,,2024,37,0
M,1,70,22,29/05/2024,SP,355030,SAO PAULO,1,4,,2024,22,1
F,1,78,08,22/02/2024,SP,355030,SAO PAULO,1,,,2024,8,0
F,4,69,34,23/08/2024,SP,355030,SAO PAULO,1,3,,2024,34,1
F,1,8,02,12/01/2024,SP,355030,SAO PAULO,1,1,,2024,2,1
M,1,80,25,21/06/2024,SP,355030,SAO PAULO,1,,,2024,25,0
M,2,2,09,01/03/2024,SP,355030,SAO PAULO,1,3,,2024,9,1
M,9,48,18,30/04/2024,SP,355030,SAO PAULO,,,,2024,18,0
M,1,5,18,29/04/2024,SP,355030,SAO PAULO,1,4,,2024,18,1
F,9,88,34,19/08/2024,SP,355030,SAO PAULO,,,,2024,34,0
F,4,3,21,20/05/2024,SP,355030,SAO PAULO,,3,,2024,21,1
F,1,68,11,10/03/2024,SP,355030,SAO PAULO,,5,,2024,11,1
F,1,68,28,07/07/2024,SP,355030,SAO PAULO,,3,,2024,28,1
F,4,58,17,23/04/2024,SP,355030,SAO PAULO,1,,,2024,17,0
M,3,68,17,23/04/2024,SP,355030,SAO PAULO,1,,,2024,17,0
M,4,1,16,14/04/2024,SP,355030,SAO PAULO,1,,,2024,16,0
M,1,76,21,19/05/2024,SP,355030,SAO PAULO,1,1,,2024,21,1
F,1,83,36,06/09/2024,SP,355030,SAO PAULO,,1,,2024,36,1
M,1,83,09,01/03/2024,SP,355030,SAO PAULO,1,1,,2024,9,1
F,9,92,25,18/06/2024,SP,355030,SAO PAULO,,,,2024,25,0
F,1,77,20,15/05/2024,SP,355030,SAO PAULO,1,,,2024,20,0
F,4,55,11,13/03/2024,SP,355030,SAO PAULO,1,3,,2024,11,1
M,9,58,24,12/06/2024,SP,355030,SAO PAULO,,,,2024,24,0
M,4,70,48,24/11/2024,SP,355030,SAO PAULO,1,1,,2024,48,1
M,1,92,28,09/07/2024,SP,355030,SAO PAULO,1,3,,2024,28,1
F,4,58,27,30/06/2024,SP,355030,SAO PAULO,1,,,2024,27,0
M,4,60,05,31/01/2024,SP,355030,SAO PAULO,1,,,2024,5,0
M,1,55,30,25/07/2024,SP,355030,SAO PAULO,1,,,2024,30,0
M,2,49,39,25/09/2024,SP,355030,SAO PAULO,1,,,2024,39,0
F,1,74,41,12/10/2024,SP,355030,SAO PAULO,1,,,2024,41,0
F,4,48,34,24/08/2024,SP,355030,SAO PAULO,1,,,2024,34,0
M,2,45,17,26/04/2024,SP,355030,SAO PAULO,1,,,2024,17,0
M,1,44,21,20/05/2024,SP,355030,SAO PAULO,1,2,,2024,21,1
F,9,71,13,30/03/2024,SP,355030,SAO PAULO,1,,,2024,13,0
M,1,35,15,07/04/2024,SP,355030,SAO PAULO,1,2,,2024,15,1
M,1,18,16,18/04/2024,SP,355030,SAO PAULO,1,,,2024,16,0
M,4,29,27,06/07/2024,SP,355030,SAO PAULO,1,2,,2024,27,1
M,1,9,52,27/12/2024,SP,355030,SAO PAULO,1,3,,2024,52,1
F,1,7,13,30/03/2024,SP,355030,SAO PAULO,,3,,2024,13,1
M,1,6,06,04/02/2024,SP,355030,SAO PAULO,1,1,,2024,6,1
F,1,12,16,18/04/2024,SP,355030,SAO PAULO,1,2,,2024,16,1
F,1,5,08,23/02/2024,SP,355030,SAO PAULO,1,3,,2024,8,1
M,1,5,28,12/07/2024,SP,355030,SAO PAULO,1,6,INFLUENZA  A H1N1 CEPA 2009,2024,28,1
F,1,10,45,08/11/2024,SP,355030,SAO PAULO,1,3,,2024,45,1
M,1,13,23,04/06/2024,SP,355030,SAO PAULO,1,1,,2024,23,1
F,9,4,17,26/04/2024,SP,355030,SAO PAULO,1,,,2024,17,0
F,1,3,39,22/09/2024,SP,355030,SAO PAULO,1,2,,2024,39,1
F,9,2,23,02/06/2024,SP,355030,SAO PAULO,1,1,,2024,23,1
F,1,1,15,08/04/2024,SP,355030,SAO PAULO,1,1,,2024,15,1
M,1,1,27,04/07/2024,SP,355030,SAO PAULO,1,5,,2024,27,1
F,1,1,25,16/06/2024,SP,355030,SAO PAULO,1,3,,2024,25,1
F,1,1,16,16/04/2024,SP,355030,SAO PAULO,,3,,2024,16,1
F,4,1,18,30/04/2024,SP,355030,SAO PAULO,1,1,,2024,18,1
F,1,71,40,01/10/2024,SP,355030,SAO PAULO,1,5,,2024,40,1
F,1,8,16,18/04/2024,SP,355030,SAO PAULO,1,,,2024,16,0
M,9,86,14,03/04/2024,SP,355030,SAO PAULO,,,,2024,14,0
M,1,12,21,20/05/2024,SP,355030,SAO PAULO,1,2,,2024,21,1
M,9,5,23,02/06/2024,SP,355030,SAO PAULO,,,,2024,23,0
F,9,93,01,02/01/2024,SP,355030,SAO PAULO,1,1,,2024,1,1
F,1,6,14,06/04/2024,SP,355030,SAO PAULO,1,3,,2024,14,1
M,4,4,13,26/03/2024,SP,355030,SAO PAULO,1,3,,2024,13,1
M,1,9,47,20/11/2024,SP,355030,SAO PAULO,1,,,2024,47,0
F,4,88,27,05/07/2024,SP,355030,SAO PAULO,1,,,2024,27,0
F,4,84,08,19/02/2024,SP,355030,SAO PAULO,1,1,,2024,8,1
M,1,84,46,11/11/2024,SP,355030,SAO PAULO,1,1,,2024,46,1
M,1,64,10,09/03/2024,SP,355030,SAO PAULO,1,,,2024,10,0
F,1,75,25,16/06/2024,SP,355030,SAO PAULO,1,3,,2024,25,1
F,4,95,16,19/04/2024,SP,355030,SAO PAULO,1,3,,2024,16,1
F,1,61,20,13/05/2024,SP,355030,SAO PAULO,1,,,2024,20,0
F,1,82,20,18/05/2024,SP,355030,SAO PAULO,1,,,2024,20,0
M,9,52,35,26/08/2024,SP,355030,SAO PAULO,1,2,,2024,35,1
F,9,89,12,17/03/2024,SP,355030,SAO PAULO,1,4,,2024,12,1
M,1,85,15,11/04/2024,SP,355030,SAO PAULO,1,,,2024,15,0
M,1,62,25,22/06/2024,SP,355030,SAO PAULO,1,1,,2024,25,1
M,1,53,09,01/03/2024,SP,355030,SAO PAULO,1,1,,2024,9,1
F,4,70,28,08/07/2024,SP,355030,SAO PAULO,1,,,2024,28,0
F,1,88,28,09/07/2024,SP,355030,SAO PAULO,1,,,2024,28,0
F,9,81,05,31/01/2024,SP,355030,SAO PAULO,1,5,,2024,5,1
M,1,70,17,25/04/2024,SP,355030,SAO PAULO,1,1,,2024,17,1
F,4,46,19,09/05/2024,SP,355030,SAO PAULO,1,,,2024,19,0
F,1,42,24,14/06/2024,SP,355030,SAO PAULO,1,,,2024,24,0
M,9,46,17,21/04/2024,SP,355030,SAO PAULO,1,5,,2024,17,1
M,1,73,07,11/02/2024,SP,355030,SAO PAULO,1,,,2024,7,0
F,1,83,23,03/06/2024,SP,355030,SAO PAULO,1,3,,2024,23,1
F,4,11,21,19/05/2024,SP,355030,SAO PAULO,1,1,,2024,21,1
M,4,9,15,10/04/2024,SP,355030,SAO PAULO,2,,,2024,15,0
M,1,8,09,27/02/2024,SP,355030,SAO PAULO,1,,,2024,9,0
M,4,58,36,01/09/2024,SP,355030,SAO PAULO,1,1,,2024,36,1
F,1,8,36,01/09/2024,SP,355030,SAO PAULO,,,,2024,36,0
M,1,7,08,19/02/2024,SP,355030,SAO PAULO,1,3,,2024,8,1
M,9,10,49,04/12/2024,SP,355030,SAO PAULO,,4,,2024,49,1
M,9,72,17,21/04/2024,SP,355030,SAO PAULO,1,3,,2024,17,1
M,1,6,15,10/04/2024,SP,355030,SAO PAULO,1,3,,2024,15,1
F,1,5,16,15/04/2024,SP,355030,SAO PAULO,1,2,,2024,16,1
M,1,5,42,16/10/2024,SP,355030,SAO PAULO,1,,,2024,42,0
M,1,70,40,02/10/2024,SP,355030,SAO PAULO,1,3,,2024,40,1
F,9,2,03,15/01/2024,SP,355030,SAO PAULO,1,1,,2024,3,1
M,1,3,20,12/05/2024,SP,355030,SAO PAULO,,2,,2024,20,1
F,1,2,26,28/06/2024,SP,355030,SAO PAULO,1,,,2024,26,0
M,1,2,16,20/04/2024,SP,355030,SAO PAULO,1,,,2024,16,0
M,4,1,16,14/04/2024,SP,355030,SAO PAULO,1,,,2024,16,0
M,4,1,17,23/04/2024,SP,355030,SAO PAULO,1,2,,2024,17,1
F,4,1,14,01/04/2024,SP,355030,SAO PAULO,1,,,2024,14,0
M,1,0,15,12/04/2024,SP,355030,SAO PAULO,1,,,2024,15,0
M,9,0,19,07/05/2024,SP,355030,SAO PAULO,1,6,INFLUENZA A H1N1 CEPA 2009,2024,19,1
F,1,11,19,11/05/2024,SP,355030,SAO PAULO,1,2,,2024,19,1
M,4,6,09,27/02/2024,SP,355030,SAO PAULO,1,3,,2024,9,1
M,9,93,11,16/03/2024,SP,355030,SAO PAULO,1,3,,2024,11,1
F,4,91,16,17/04/2024,SP,355030,SAO PAULO,1,,,2024,16,0
F,1,77,29,15/07/2024,SP,355030,SAO PAULO,9,5,,2024,29,1
F,9,81,24,13/06/2024,SP,355030,SAO PAULO,1,1,,2024,24,1
M,1,9,16,17/04/2024,SP,355030,SAO PAULO,1,3,,2024,16,1
M,9,61,44,29/10/2024,SP,355030,SAO PAULO,,,,2024,44,0
M,1,4,08,21/02/2024,SP,355030,SAO PAULO,1,1,,2024,8,1
F,9,1,26,24/06/2024,SP,355030,SAO PAULO,,,,2024,26,0
M,1,66,30,23/07/2024,SP,355030,SAO PAULO,1,1,,2024,30,1
M,9,92,13,30/03/2024,SP,355030,SAO PAULO,1,3,,2024,13,1
F,9,94,52,25/12/2024,SP,355030,SAO PAULO,1,2,,2024,52,1
F,1,61,20,16/05/2024,SP,355030,SAO PAULO,1,,,2024,20,0
M,1,19,36,06/09/2024,SP,355030,SAO PAULO,1,,,2024,36,0
F,4,71,17,26/04/2024,SP,355030,SAO PAULO,1,3,,2024,17,1
M,9,3,41,11/10/2024,SP,355030,SAO PAULO,1,,,2024,41,0
F,9,94,17,24/04/2024,SP,355030,SAO PAULO,1,,,2024,17,0
F,1,81,17,23/04/2024,SP,355030,SAO PAULO,1,,,2024,17,0
F,1,94,18,03/05/2024,SP,355030,SAO PAULO,1,,,2024,18,0
F,4,83,50,12/12/2024,SP,355030,SAO PAULO,1,3,,2024,50,1
M,1,55,09,27/02/2024,SP,355030,SAO PAULO,1,3,,2024,9,1
M,9,76,10,03/03/2024,SP,355030,SAO PAULO,1,4,,2024,10,1
F,9,83,48,30/11/2024,SP,355030,SAO PAULO,1,1,,2024,48,1
M,4,55,13,25/03/2024,SP,355030,SAO PAULO,1,1,,2024,13,1
F,1,92,26,27/06/2024,SP,355030,SAO PAULO,1,6,NAO SUBTIPADO,2024,26,1
F,9,92,12,21/03/2024,SP,355030,SAO PAULO,1,1,,2024,12,1
F,9,93,29,18/07/2024,SP,355030,SAO PAULO,1,3,,2024,29,1
F,9,80,18,29/04/2024,SP,355030,SAO PAULO,1,1,,2024,18,1
F,1,38,15,08/04/2024,SP,355030,SAO PAULO,1,3,,2024,15,1
M,1,59,10,05/03/2024,SP,355030,SAO PAULO,1,1,,2024,10,1
F,9,37,20,15/05/2024,SP,355030,SAO PAULO,,,,2024,20,0
F,4,33,28,07/07/2024,SP,355030,SAO PAULO,1,3,,2024,28,1
M,1,35,10,06/03/2024,SP,355030,SAO PAULO,,3,,2024,10,1
M,1,85,16,20/04/2024,SP,355030,SAO PAULO,1,3,,2024,16,1
F,9,86,17,27/04/2024,SP,355030,SAO PAULO,1,5,,2024,17,1
M,3,16,30,24/07/2024,SP,355030,SAO PAULO,1,,,2024,30,0
M,1,31,30,23/07/2024,SP,355030,SAO PAULO,1,,,2024,30,0
F,4,10,23,07/06/2024,SP,355030,SAO PAULO,1,2,,2024,23,1
M,1,8,19,06/05/2024,SP,355030,SAO PAULO,1,6,INFLUENZA A H1N1 CEPA 2009,2024,19,1
M,4,7,13,29/03/2024,SP,355030,SAO PAULO,1,,,2024,13,0
M,2,82,52,26/12/2024,SP,355030,SAO PAULO,1,,,2024,52,0
M,1,5,14,31/03/2024,SP,355030,SAO PAULO,1,,,2024,14,0
M,9,5,15,07/04/2024,SP,355030,SAO PAULO,1,,,2024,15,0
M,2,9,18,04/05/2024,SP,355030,SAO PAULO,1,,,2024,18,0
M,1,4,18,28/04/2024,SP,355030,SAO PAULO,1,,,2024,18,0
F,1,4,19,06/05/2024,SP,355030,SAO PAULO,1,,,2024,19,0
M,1,2,08,23/02/2024,SP,355030,SAO PAULO,1,3,,2024,8,1
M,1,2,18,28/04/2024,SP,355030,SAO PAULO,1,1,,2024,18,1
M,9,1,17,21/04/2024,SP,355030,SAO PAULO,1,,,2024,17,0
F,1,1,08,22/02/2024,SP,355030,SAO PAULO,1,3,,2024,8,1
F,1,1,22,27/05/2024,SP,355030,SAO PAULO,1,6,INFLUENZA A H1N1 CEPA 2009,2024,22,1
M,1,11,14,04/04/2024,SP,355030,SAO PAULO,1,3,,2024,14,1
F,1,68,38,15/09/2024,SP,355030,SAO PAULO,,,,2024,38,0
M,4,6,45,06/11/2024,SP,355030,SAO PAULO,1,,,2024,45,0
M,1,2,15,11/04/2024,SP,355030,SAO PAULO,1,3,,2024,15,1
F,9,71,40,29/09/2024,SP,355030,SAO PAULO,,,,2024,40,0
M,1,75,16,20/04/2024,SP,355030,SAO PAULO,1,3,,2024,16,1
F,4,76,22,29/05/2024,SP,355030,SAO PAULO,1,1,,2024,22,1
M,9,5,22,30/05/2024,SP,355030,SAO PAULO,1,5,,2024,22,1
M,1,63,18,03/05/2024,SP,355030,SAO PAULO,1,,,2024,18,0
F,1,78,34,20/08/2024,SP,355030,SAO PAULO,1,,,2024,34,0
F,9,68,24,11/06/2024,SP,355030,SAO PAULO,1,2,,2024,24,1
F,1,90,20,14/05/2024,SP,355030,SAO PAULO,1,3,,2024,20,1
M,9,96,16,19/04/2024,SP,355030,SAO PAULO,1,5,,2024,16,1
F,9,73,18,02/05/2024,SP,355030,SAO PAULO,1,3,,2024,18,1
M,1,48,17,22/04/2024,SP,355030,SAO PAULO,1,,,2024,17,0
F,9,80,19,07/05/2024,SP,355030,SAO PAULO,1,3,,2024,19,1
M,1,74,51,21/12/2024,SP,355030,SAO PAULO,1,,,2024,51,0
F,1,78,18,03/05/2024,SP,355030,SAO PAULO,1,,,2024,18,0
F,4,15,12,19/03/2024,SP,355030,SAO PAULO,1,2,,2024,12,1
F,1,89,40,05/10/2024,SP,355030,SAO PAULO,1,2,,2024,40,1
M,9,88,17,25/04/2024,SP,355030,SAO PAULO,1,1,,2024,17,1
M,9,80,25,22/06/2024,SP,355030,SAO PAULO,1,3,,2024,25,1
M,4,42,16,19/04/2024,SP,355030,SAO PAULO,1,,,2024,16,0
F,1,73,21,23/05/2024,SP,355030,SAO PAULO,,,,2024,21,0
F,9,10,41,08/10/2024,SP,355030,SAO PAULO,1,,,2024,41,0
M,1,7,15,09/04/2024,SP,355030,SAO PAULO,1,3,,2024,15,1
M,1,7,40,03/10/2024,SP,355030,SAO PAULO,1,,,2024,40,0
F,4,8,21,22/05/2024,SP,355030,SAO PAULO,1,6,INFLUENZA A H1N1 CEPA 2009,2024,21,1
F,4,81,26,24/06/2024,SP,355030,SAO PAULO,1,2,,2024,26,1
F,4,6,14,06/04/2024,SP,355030,SAO PAULO,1,1,,2024,14,1
F,9,5,09,27/02/2024,SP,355030,SAO PAULO,1,2,,2024,9,1
M,9,70,32,10/08/2024,SP,355030,SAO PAULO,1,3,,2024,32,1
M,1,4,44,30/10/2024,SP,355030,SAO PAULO,1,3,,2024,44,1
F,9,3,10,05/03/2024,SP,355030,SAO PAULO,1,1,,2024,10,1
M,1,3,14,31/03/2024,SP,355030,SAO PAULO,1,3,,2024,14,1
F,9,3,48,29/11/2024,SP,355030,SAO PAULO,,3,,2024,48,1
F,1,2,10,05/03/2024,SP,355030,SAO PAULO,1,,,2024,10,0
M,1,79,17,22/04/2024,SP,355030,SAO PAULO,1,3,,2024,17,1
M,1,2,14,04/04/2024,SP,355030,SAO PAULO,1,3,,2024,14,1
M,1,1,16,14/04/2024,SP,355030,SAO PAULO,1,3,,2024,16,1
M,1,1,24,12/06/2024,SP,355030,SAO PAULO,1,4,,2024,24,1
F,1,1,25,19/06/2024,SP,355030,SAO PAULO,1,3,,2024,25,1
M,9,7,15,11/04/2024,SP,355030,SAO PAULO,1,1,,2024,15,1
M,1,52,19,06/05/2024,SP,355030,SAO PAULO,1,,,2024,19,0
F,1,86,46,16/11/2024,SP,355030,SAO PAULO,1,1,,2024,46,1
F,4,54,38,17/09/2024,SP,355030,SAO PAULO,1,,,2024,38,0
M,1,70,44,30/10/2024,SP,355030,SAO PAULO,9,5,,2024,44,1
F,9,1,38,16/09/2024,SP,355030,SAO PAULO,2,,,2024,38,0
F,9,7,33,13/08/2024,SP,355030,SAO PAULO,,,,2024,33,0
F,4,8,09,27/02/2024,SP,355030,SAO PAULO,1,3,,2024,9,1
F,4,7,16,19/04/2024,SP,355030,SAO PAULO,1,3,,2024,16,1
F,9,92,52,23/12/2024,SP,355030,SAO PAULO,1,3,,2024,52,1
M,4,6,17,21/04/2024,SP,355030,SAO PAULO,1,1,,2024,17,1
M,1,5,18,01/05/2024,SP,355030,SAO PAULO,,3,,2024,18,1
F,9,4,20,12/05/2024,SP,355030,SAO PAULO,1,1,,2024,20,1
F,1,39,23,08/06/2024,SP,355030,SAO PAULO,1,,,2024,23,0
M,1,61,07,15/02/2024,SP,355030,SAO PAULO,1,,,2024,7,0
M,1,62,23,02/06/2024,SP,355030,SAO PAULO,1,3,,2024,23,1
M,4,2,43,24/10/2024,SP,355030,SAO PAULO,1,,,2024,43,0
F,1,84,16,17/04/2024,SP,355030,SAO PAULO,1,,,2024,16,0
F,1,54,19,10/05/2024,SP,355030,SAO PAULO,1,,,2024,19,0
F,1,82,02,09/01/2024,SP,355030,SAO PAULO,,,,2024,2,0
M,4,8,31,29/07/2024,SP,355030,SAO PAULO,1,,,2024,31,0
F,9,89,38,18/09/2024,SP,355030,SAO PAULO,1,,,2024,38,0
F,1,82,19,05/05/2024,SP,355030,SAO PAULO,1,,,2024,19,0
M,9,47,19,07/05/2024,SP,355030,SAO PAULO,1,3,,2024,19,1
F,9,50,46,16/11/2024,SP,355030,SAO PAULO,9,5,,2024,46,1
F,1,55,20,14/05/2024,SP,355030,SAO PAULO,1,,,2024,20,0
M,1,75,27,02/07/2024,SP,355030,SAO PAULO,1,3,,2024,27,1
F,9,38,26,25/06/2024,SP,355030,SAO PAULO,,,,2024,26,0
M,1,17,10,09/03/2024,SP,355030,SAO PAULO,1,3,,2024,10,1
M,4,32,40,03/10/2024,SP,355030,SAO PAULO,1,,,2024,40,0
M,1,15,42,14/10/2024,SP,355030,SAO PAULO,,4,,2024,42,1
M,1,21,12,17/03/2024,SP,355030,SAO PAULO,1,4,,2024,12,1
F,1,82,22,27/05/2024,SP,355030,SAO PAULO,1,,,2024,22,0
M,9,76,17,27/04/2024,SP,355030,SAO PAULO,1,3,,2024,17,1
F,9,94,13,29/03/2024,SP,355030,SAO PAULO,1,4,,2024,13,1
M,9,10,14,06/04/2024,SP,355030,SAO PAULO,1,,,2024,14,0
F,1,6,13,29/03/2024,SP,355030,SAO PAULO,1,6,INFLUENZA A H1N1 CEPA 2009,2024,13,1
M,1,5,11,15/03/2024,SP,355030,SAO PAULO,1,3,,2024,11,1
F,1,5,20,16/05/2024,SP,355030,SAO PAULO,1,1,,2024,20,1
M,4,5,49,06/12/2024,SP,355030,SAO PAULO,9,5,,2024,49,1
M,4,2,13,27/03/2024,SP,355030,SAO PAULO,1,5,,2024,13,1
F,1,1,12,18/03/2024,SP,355030,SAO PAULO,1,4,,2024,12,1
M,1,1,11,11/03/2024,SP,355030,SAO PAULO,1,,,2024,11,0
F,4,1,02,07/01/2024,SP,355030,SAO PAULO,1,,,2024,2,0
M,1,1,41,10/10/2024,SP,355030,SAO PAULO,1,3,,2024,41,1
M,1,6,13,28/03/2024,SP,355030,SAO PAULO,1,,,2024,13,0
M,1,71,23,08/06/2024,SP,355030,SAO PAULO,2,6,SAZONAL H3,2024,23,1
F,4,84,15,10/04/2024,SP,355030,SAO PAULO,1,,,2024,15,0
F,1,42,27,02/07/2024,SP,355030,SAO PAULO,1,1,,2024,27,1
F,9,71,19,11/05/2024,SP,355030,SAO PAULO,,,,2024,19,0
M,1,9,21,19/05/2024,SP,355030,SAO PAULO,,3,,2024,21,1
M,1,88,28,08/07/2024,SP,355030,SAO PAULO,1,,,2024,28,0
M,1,82,14,06/04/2024,SP,355030,SAO PAULO,1,3,,2024,14,1
M,1,6,51,20/12/2024,SP,355030,SAO PAULO,1,,,2024,51,0
F,2,91,17,23/04/2024,SP,355030,SAO PAULO,1,,,2024,17,0
M,9,67,12,19/03/2024,SP,355030,SAO PAULO,1,3,,2024,12,1
M,9,81,19,09/05/2024,SP,355030,SAO PAULO,,1,,2024,19,1
F,9,80,15,07/04/2024,SP,355030,SAO PAULO,1,3,,2024,15,1
F,1,54,21,20/05/2024,SP,355030,SAO PAULO,1,3,,2024,21,1
F,2,77,45,05/11/2024,SP,355030,SAO PAULO,1,,,2024,45,0
F,1,81,34,18/08/2024,SP,355030,SAO PAULO,1,,,2024,34,0
F,2,40,14,03/04/2024,SP,355030,SAO PAULO,1,5,,2024,14,1
M,9,15,30,24/07/2024,SP,355030,SAO PAULO,1,4,,2024,30,1
M,4,4,11,10/03/2024,SP,355030,SAO PAULO,1,3,,2024,11,1
M,1,2,19,05/05/2024,SP,355030,SAO PAULO,1,,,2024,19,0
F,4,2,05,01/02/2024,SP,355030,SAO PAULO,1,3,,2024,5,1
M,9,1,23,02/06/2024,SP,355030,SAO PAULO,1,,,2024,23,0
F,1,71,19,07/05/2024,SP,355030,SAO PAULO,1,3,,2024,19,1
F,9,6,50,09/12/2024,SP,355030,SAO PAULO,1,,,2024,50,0
M,4,14,18,30/04/2024,SP,355030,SAO PAULO,1,1,,2024,18,1
F,1,6,15,11/04/2024,SP,355030,SAO PAULO,1,6,INFLUENZA A H1N1 CEPA 2009,2024,15,1
M,4,5,20,15/05/2024,SP,355030,SAO PAULO,1,2,,2024,20,1
M,1,82,38,19/09/2024,SP,355030,SAO PAULO,1,3,,2024,38,1
F,1,4,42,19/10/2024,SP,355030,SAO PAULO,1,,,2024,42,0
F,4,60,01,05/01/2024,SP,355030,SAO PAULO,9,,,2024,1,0
F,1,65,15,11/04/2024,SP,355030,SAO PAULO,1,6,NAO ESPECIFICADO,2024,15,1
F,1,51,05,31/01/2024,SP,355030,SAO PAULO,1,5,,2024,5,1
F,1,83,34,21/08/2024,SP,355030,SAO PAULO,1,1,,2024,34,1
F,1,77,15,08/04/2024,SP,355030,SAO PAULO,1,,,2024,15,0
F,1,51,44,28/10/2024,SP,355030,SAO PAULO,1,1,,2024,44,1
M,9,68,47,18/11/2024,SP,355030,SAO PAULO,,,,2024,47,0
M,9,80,12,21/03/2024,SP,355030,SAO PAULO,1,,,2024,12,0
F,9,19,18,02/05/2024,SP,355030,SAO PAULO,1,,,2024,18,0
M,4,51,43,21/10/2024,SP,355030,SAO PAULO,1,4,,2024,43,1
F,4,46,12,22/03/2024,SP,355030,SAO PAULO,1,,,2024,12,0
M,4,41,15,08/04/2024,SP,355030,SAO PAULO,1,,,2024,15,0
F,1,41,22,31/05/2024,SP,355030,SAO PAULO,1,1,,2024,22,1
F,1,34,07,12/02/2024,SP,355030,SAO PAULO,1,3,,2024,7,1
F,1,28,16,19/04/2024,SP,355030,SAO PAULO,1,3,,2024,16,1
M,1,18,38,21/09/2024,SP,355030,SAO PAULO,1,3,,2024,38,1
M,9,61,13,26/03/2024,SP,355030,SAO PAULO,1,,,2024,13,0
F,1,30,45,09/11/2024,SP,355030,SAO PAULO,1,,,2024,45,0
M,1,14,15,11/04/2024,SP,355030,SAO PAULO,1,4,,2024,15,1
F,1,79,16,14/04/2024,SP,355030,SAO PAULO,,5,,2024,16,1
M,1,10,48,30/11/2024,SP,355030,SAO PAULO,1,,,2024,48,0
M,9,8,39,22/09/2024,SP,355030,SAO PAULO,1,,,2024,39,0
M,1,9,16,20/04/2024,SP,355030,SAO PAULO,1,,,2024,16,0
F,1,7,39,27/09/2024,SP,355030,SAO PAULO,1,,,2024,39,0
F,1,6,27,01/07/2024,SP,355030,SAO PAULO,1,3,,2024,27,1
M,1,11,09,26/02/2024,SP,355030,SAO PAULO,1,5,,2024,9,1
M,4,5,13,25/03/2024,SP,355030,SAO PAULO,1,,,2024,13,0
F,1,17,16,20/04/2024,SP,355030,SAO PAULO,1,,,2024,16,0
M,1,5,12,17/03/2024,SP,355030,SAO PAULO,1,,,2024,12,0
M,9,74,21,25/05/2024,SP,355030,SAO PAULO,1,,,2024,21,0
F,1,2,08,19/02/2024,SP,355030,SAO PAULO,1,3,,2024,8,1
F,9,2,20,13/05/2024,SP,355030,SAO PAULO,1,,,2024,20,0
M,4,2,21,23/05/2024,SP,355030,SAO PAULO,1,4,,2024,21,1
M,1,1,11,14/03/2024,SP,355030,SAO PAULO,1,2,,2024,11,1
F,9,1,36,03/09/2024,SP,355030,SAO PAULO,,3,,2024,36,1
M,1,11,06,08/02/2024,SP,355030,SAO PAULO,1,3,,2024,6,1
F,1,1,27,02/07/2024,SP,355030,SAO PAULO,1,3,,2024,27,1
M,1,9,16,16/04/2024,SP,355030,SAO PAULO,1,,,2024,16,0
F,4,1,38,18/09/2024,SP,355030,SAO PAULO,1,,,2024,38,0
F,1,71,29,19/07/2024,SP,355030,SAO PAULO,1,,,2024,29,0
M,1,68,31,30/07/2024,SP,355030,SAO PAULO,1,2,,2024,31,1
M,4,75,24,15/06/2024,SP,355030,SAO PAULO,1,4,,2024,24,1
M,1,1,22,29/05/2025,SP,355030,SAO PAULO,,3,,2025,22,1
F,1,19,42,17/10/2025,SP,355030,SAO PAULO,1,,,2025,42,0
F,4,4,35,29/08/2025,SP,355030,SAO PAULO,1,,,2025,35,0
M,1,1,20,13/05/2025,SP,355030,SAO PAULO,1,1,,2025,20,1
M,9,65,21,24/05/2025,SP,355030,SAO PAULO,1,3,,2025,21,1
F,1,67,39,26/09/2025,SP,355030,SAO PAULO,1,3,,2025,39,1
M,1,72,23,02/06/2025,SP,355030,SAO PAULO,1,1,,2025,23,1
F,1,1,19,07/05/2025,SP,355030,SAO PAULO,1,3,,2025,19,1
M,4,65,44,28/10/2025,SP,355030,SAO PAULO,1,3,,2025,44,1
F,1,43,24,09/06/2025,SP,355030,SAO PAULO,1,3,,2025,24,1
M,9,93,52,24/12/2025,SP,355030,SAO PAULO,1,1,,2025,52,1
M,1,10,15,12/04/2025,SP,355030,SAO PAULO,1,,,2025,15,0
F,4,10,16,19/04/2025,SP,355030,SAO PAULO,1,1,,2025,16,1
M,9,78,20,17/05/2025,SP,355030,SAO PAULO,,3,,2025,20,1
F,1,81,47,18/11/2025,SP,355030,SAO PAULO,1,2,,2025,47,1
F,1,9,21,23/05/2025,SP,355030,SAO PAULO,,1,,2025,21,1
F,1,8,15,10/04/2025,SP,355030,SAO PAULO,1,1,,2025,15,1
M,1,1,01,31/12/2025,SP,355030,SAO PAULO,,,,2025,1,0
F,1,7,15,11/04/2025,SP,355030,SAO PAULO,1,1,,2025,15,1
M,1,88,17,25/04/2025,SP,355030,SAO PAULO,1,3,,2025,17,1
M,1,7,18,01/05/2025,SP,355030,SAO PAULO,1,,,2025,18,0
F,4,6,20,16/05/2025,SP,355030,SAO PAULO,1,3,,2025,20,1
M,1,91,43,22/10/2025,SP,355030,SAO PAULO,1,2,,2025,43,1
M,1,58,25,15/06/2025,SP,355030,SAO PAULO,1,1,,2025,25,1
M,4,77,22,30/05/2025,SP,355030,SAO PAULO,1,3,,2025,22,1
M,4,2,24,09/06/2025,SP,355030,SAO PAULO,1,3,,2025,24,1
F,2,67,22,29/05/2025,SP,355030,SAO PAULO,1,1,,2025,22,1
M,4,4,33,16/08/2025,SP,355030,SAO PAULO,,,,2025,33,0
F,1,53,16,15/04/2025,SP,355030,SAO PAULO,1,3,,2025,16,1
F,9,61,16,17/04/2025,SP,355030,SAO PAULO,1,,,2025,16,0
M,1,54,20,11/05/2025,SP,355030,SAO PAULO,,1,,2025,20,1
M,1,5,01,28/12/2025,SP,355030,SAO PAULO,1,,,2025,1,0
F,1,59,42,13/10/2025,SP,355030,SAO PAULO,1,,,2025,42,0
M,4,1,42,14/10/2025,SP,355030,SAO PAULO,1,,,2025,42,0
F,1,80,13,26/03/2025,SP,355030,SAO PAULO,1,,,2025,13,0
F,1,96,18,02/05/2025,SP,355030,SAO PAULO,1,,,2025,18,0
M,4,48,17,23/04/2025,SP,355030,SAO PAULO,1,1,,2025,17,1
F,1,91,11,11/03/2025,SP,355030,SAO PAULO,1,,,2025,11,0
F,1,79,18,28/04/2025,SP,355030,SAO PAULO,1,3,,2025,18,1
F,1,52,24,12/06/2025,SP,355030,SAO PAULO,,3,,2025,24,1
M,9,55,11,14/03/2025,SP,355030,SAO PAULO,,,,2025,11,0
M,1,53,15,08/04/2025,SP,355030,SAO PAULO,1,3,,2025,15,1
M,1,50,39,21/09/2025,SP,355030,SAO PAULO,1,2,,2025,39,1
M,9,49,21,19/05/2025,SP,355030,SAO PAULO,1,1,,2025,21,1
F,4,92,18,01/05/2025,SP,355030,SAO PAULO,1,,,2025,18,0
M,1,48,25,20/06/2025,SP,355030,SAO PAULO,1,3,,2025,25,1
F,1,31,20,14/05/2025,SP,355030,SAO PAULO,1,,,2025,20,0
F,1,79,41,09/10/2025,SP,355030,SAO PAULO,1,4,,2025,41,1
M,4,11,37,08/09/2025,SP,355030,SAO PAULO,1,,,2025,37,0
M,1,50,15,10/04/2025,SP,355030,SAO PAULO,1,5,,2025,15,1
F,4,49,38,20/09/2025,SP,355030,SAO PAULO,1,,,2025,38,0
M,1,47,33,14/08/2025,SP,355030,SAO PAULO,1,3,,2025,33,1
M,1,50,47,21/11/2025,SP,355030,SAO PAULO,,3,,2025,47,1
M,1,49,42,12/10/2025,SP,355030,SAO PAULO,1,3,,2025,42,1
F,1,75,46,14/11/2025,SP,355030,SAO PAULO,,3,,2025,46,1
F,4,45,19,08/05/2025,SP,355030,SAO PAULO,1,3,,2025,19,1
F,9,88,21,18/05/2025,SP,355030,SAO PAULO,1,1,,2025,21,1
M,1,41,26,27/06/2025,SP,355030,SAO PAULO,1,,,2025,26,0
M,2,49,47,16/11/2025,SP,355030,SAO PAULO,1,2,,2025,47,1
F,4,39,22,31/05/2025,SP,355030,SAO PAULO,1,,,2025,22,0
F,1,61,23,04/06/2025,SP,355030,SAO PAULO,1,,,2025,23,0
F,4,40,46,10/11/2025,SP,355030,SAO PAULO,1,6,A SAZONAL H3,2025,46,1
M,2,35,22,31/05/2025,SP,355030,SAO PAULO,1,,,2025,22,0
M,1,38,19,05/05/2025,SP,355030,SAO PAULO,1,,,2025,19,0
M,1,75,19,09/05/2025,SP,355030,SAO PAULO,,1,,2025,19,1
F,4,35,46,13/11/2025,SP,355030,SAO PAULO,1,3,,2025,46,1
M,1,38,50,09/12/2025,SP,355030,SAO PAULO,1,3,,2025,50,1
F,1,84,45,04/11/2025,SP,355030,SAO PAULO,1,3,,2025,45,1
M,1,14,39,21/09/2025,SP,355030,SAO PAULO,1,,,2025,39,0
F,9,30,13,25/03/2025,SP,355030,SAO PAULO,1,3,,2025,13,1
M,1,13,16,18/04/2025,SP,355030,SAO PAULO,1,3,,2025,16,1
M,4,8,46,12/11/2025,SP,355030,SAO PAULO,1,2,,2025,46,1
F,4,12,38,14/09/2025,SP,355030,SAO PAULO,1,1,,2025,38,1
F,1,21,46,14/11/2025,SP,355030,SAO PAULO,1,,,2025,46,0
M,9,7,18,27/04/2025,SP,355030,SAO PAULO,1,,,2025,18,0
M,1,7,15,10/04/2025,SP,355030,SAO PAULO,1,3,,2025,15,1
F,4,17,50,13/12/2025,SP,355030,SAO PAULO,1,3,,2025,50,1
F,9,11,23,02/06/2025,SP,355030,SAO PAULO,1,,,2025,23,0
F,1,6,21,23/05/2025,SP,355030,SAO PAULO,1,3,,2025,21,1
F,1,6,46,14/11/2025,SP,355030,SAO PAULO,1,2,,2025,46,1
F,4,4,42,15/10/2025,SP,355030,SAO PAULO,1,2,,2025,42,1
F,4,3,25,16/06/2025,SP,355030,SAO PAULO,1,1,,2025,25,1
M,1,13,36,31/08/2025,SP,355030,SAO PAULO,1,3,,2025,36,1
F,4,2,34,18/08/2025,SP,355030,SAO PAULO,1,2,,2025,34,1
M,4,2,20,14/05/2025,SP,355030,SAO PAULO,1,,,2025,20,0
M,4,1,15,12/04/2025,SP,355030,SAO PAULO,1,,,2025,15,0
F,4,2,44,01/11/2025,SP,355030,SAO PAULO,1,3,,2025,44,1
M,4,2,40,29/09/2025,SP,355030,SAO PAULO,1,,,2025,40,0
M,1,73,43,25/10/2025,SP,355030,SAO PAULO,1,3,,2025,43,1
M,1,75,23,01/06/2025,SP,355030,SAO PAULO,1,,,2025,23,0
F,1,91,18,02/05/2025,SP,355030,SAO PAULO,1,1,,2025,18,1
M,9,69,40,30/09/2025,SP,355030,SAO PAULO,1,2,,2025,40,1
F,1,73,20,15/05/2025,SP,355030,SAO PAULO,1,3,,2025,20,1
M,9,8,40,03/10/2025,SP,355030,SAO PAULO,,,,2025,40,0
M,9,1,45,08/11/2025,SP,355030,SAO PAULO,,,,2025,45,0
F,9,73,20,17/05/2025,SP,355030,SAO PAULO,1,,,2025,20,0
F,1,92,03,12/01/2025,SP,355030,SAO PAULO,1,3,,2025,3,1
M,4,66,18,30/04/2025,SP,355030,SAO PAULO,1,3,,2025,18,1
M,9,66,16,18/04/2025,SP,355030,SAO PAULO,1,,,2025,16,0
M,9,89,20,11/05/2025,SP,355030,SAO PAULO,1,1,,2025,20,1
M,4,1,25,21/06/2025,SP,355030,SAO PAULO,1,3,,2025,25,1
M,1,86,27,30/06/2025,SP,355030,SAO PAULO,1,3,,2025,27,1
M,1,1,43,24/10/2025,SP,355030,SAO PAULO,1,3,,2025,43,1
F,4,1,43,24/10/2025,SP,355030,SAO PAULO,,3,,2025,43,1
M,4,1,16,16/04/2025,SP,355030,SAO PAULO,1,,,2025,16,0
M,4,1,39,26/09/2025,SP,355030,SAO PAULO,1,,,2025,39,0
M,4,1,19,05/05/2025,SP,355030,SAO PAULO,1,3,,2025,19,1
M,1,82,36,06/09/2025,SP,355030,SAO PAULO,1,,,2025,36,0
F,1,66,12,22/03/2025,SP,355030,SAO PAULO,,3,,2025,12,1
F,9,49,19,10/05/2025,SP,355030,SAO PAULO,9,1,,2025,19,1
F,1,67,29,14/07/2025,SP,355030,SAO PAULO,1,,,2025,29,0
F,4,32,19,08/05/2025,SP,355030,SAO PAULO,1,,,2025,19,0
M,4,57,19,10/05/2025,SP,355030,SAO PAULO,1,,,2025,19,0
M,4,8,18,02/05/2025,SP,355030,SAO PAULO,1,,,2025,18,0
M,9,9,30,23/07/2025,SP,355030,SAO PAULO,1,3,,2025,30,1
M,1,64,19,07/05/2025,SP,355030,SAO PAULO,1,5,,2025,19,1
M,1,0,42,13/10/2025,SP,355030,SAO PAULO,1,,,2025,42,0
M,4,1,47,16/11/2025,SP,355030,SAO PAULO,1,4,,2025,47,1
F,1,5,17,21/04/2025,SP,355030,SAO PAULO,1,3,,2025,17,1
M,1,62,19,08/05/2025,SP,355030,SAO PAULO,1,3,,2025,19,1
F,9,74,49,06/12/2025,SP,355030,SAO PAULO,1,,,2025,49,0
F,1,7,27,03/07/2025,SP,355030,SAO PAULO,1,,,2025,27,0
F,1,9,36,02/09/2025,SP,355030,SAO PAULO,1,2,,2025,36,1
M,1,45,18,27/04/2025,SP,355030,SAO PAULO,1,3,,2025,18,1
M,4,8,33,15/08/2025,SP,355030,SAO PAULO,1,3,,2025,33,1
F,2,89,48,25/11/2025,SP,355030,SAO PAULO,1,2,,2025,48,1
F,9,66,20,12/05/2025,SP,355030,SAO PAULO,,3,,2025,20,1
M,4,1,15,10/04/2025,SP,355030,SAO PAULO,1,,,2025,15,0
F,1,8,44,01/11/2025,SP,355030,SAO PAULO,1,,,2025,44,0
M,1,1,18,28/04/2025,SP,355030,SAO PAULO,1,,,2025,18,0
M,9,65,18,03/05/2025,SP,355030,SAO PAULO,1,3,,2025,18,1
F,1,58,29,18/07/2025,SP,355030,SAO PAULO,1,,,2025,29,0
M,4,5,43,19/10/2025,SP,355030,SAO PAULO,1,2,,2025,43,1
M,4,1,26,23/06/2025,SP,355030,SAO PAULO,1,,,2025,26,0
F,1,87,47,17/11/2025,SP,355030,SAO PAULO,1,2,,2025,47,1
F,4,55,17,25/04/2025,SP,355030,SAO PAULO,1,3,,2025,17,1
F,4,76,18,01/05/2025,SP,355030,SAO PAULO,1,,,2025,18,0
F,1,1,39,24/09/2025,SP,355030,SAO PAULO,1,4,,2025,39,1
F,1,87,17,21/04/2025,SP,355030,SAO PAULO,1,4,,2025,17,1
F,4,18,38,18/09/2025,SP,355030,SAO PAULO,1,2,,2025,38,1
F,1,52,08,18/02/2025,SP,355030,SAO PAULO,1,2,,2025,8,1
M,1,48,23,04/06/2025,SP,355030,SAO PAULO,,3,,2025,23,1
F,1,31,33,13/08/2025,SP,355030,SAO PAULO,1,3,,2025,33,1
F,1,76,27,04/07/2025,SP,355030,SAO PAULO,1,,,2025,27,0
F,1,80,18,01/05/2025,SP,355030,SAO PAULO,1,,,2025,18,0
F,9,90,11,13/03/2025,SP,355030,SAO PAULO,,3,,2025,11,1
F,1,77,27,04/07/2025,SP,355030,SAO PAULO,1,,,2025,27,0
F,1,87,16,17/04/2025,SP,355030,SAO PAULO,1,1,,2025,16,1
F,3,98,21,18/05/2025,SP,355030,SAO PAULO,1,3,,2025,21,1
F,9,77,18,30/04/2025,SP,355030,SAO PAULO,,,,2025,18,0
M,9,48,17,21/04/2025,SP,355030,SAO PAULO,1,,,2025,17,0
F,1,47,25,17/06/2025,SP,355030,SAO PAULO,1,3,,2025,25,1
M,4,56,18,01/05/2025,SP,355030,SAO PAULO,1,1,,2025,18,1
M,9,88,17,25/04/2025,SP,355030,SAO PAULO,,3,,2025,17,1
F,4,87,17,24/04/2025,SP,355030,SAO PAULO,1,,,2025,17,0
F,1,50,42,12/10/2025,SP,355030,SAO PAULO,1,2,,2025,42,1
M,9,51,02,07/01/2025,SP,355030,SAO PAULO,,3,,2025,2,1
F,1,51,08,22/02/2025,SP,355030,SAO PAULO,,,,2025,8,0
F,1,83,01,02/01/2025,SP,355030,SAO PAULO,,,,2025,1,0
M,4,43,33,10/08/2025,SP,355030,SAO PAULO,2,,,2025,33,0
M,4,69,47,21/11/2025,SP,355030,SAO PAULO,,3,,2025,47,1
M,4,41,24,08/06/2025,SP,355030,SAO PAULO,1,1,,2025,24,1
F,9,40,43,20/10/2025,SP,355030,SAO PAULO,1,,,2025,43,0
F,4,70,47,20/11/2025,SP,355030,SAO PAULO,1,2,,2025,47,1
F,1,76,20,13/05/2025,SP,355030,SAO PAULO,1,1,,2025,20,1
F,1,86,19,09/05/2025,SP,355030,SAO PAULO,1,1,,2025,19,1
F,1,70,46,11/11/2025,SP,355030,SAO PAULO,1,4,,2025,46,1
F,4,76,21,23/05/2025,SP,355030,SAO PAULO,1,,,2025,21,0
M,1,16,43,20/10/2025,SP,355030,SAO PAULO,1,3,,2025,43,1
F,1,64,28,07/07/2025,SP,355030,SAO PAULO,,3,,2025,28,1
M,4,33,13,28/03/2025,SP,355030,SAO PAULO,1,,,2025,13,0
M,1,16,46,13/11/2025,SP,355030,SAO PAULO,1,,,2025,46,0
M,1,91,26,26/06/2025,SP,355030,SAO PAULO,1,4,,2025,26,1
F,1,18,22,31/05/2025,SP,355030,SAO PAULO,1,,,2025,22,0
F,1,11,45,07/11/2025,SP,355030,SAO PAULO,1,,,2025,45,0
M,1,57,18,28/04/2025,SP,355030,SAO PAULO,1,3,,2025,18,1
F,9,9,40,01/10/2025,SP,355030,SAO PAULO,1,2,,2025,40,1
M,1,8,34,17/08/2025,SP,355030,SAO PAULO,1,,,2025,34,0
M,1,7,04,21/01/2025,SP,355030,SAO PAULO,1,1,,2025,4,1
F,1,16,20,13/05/2025,SP,355030,SAO PAULO,1,,,2025,20,0
M,9,6,18,01/05/2025,SP,355030,SAO PAULO,1,4,,2025,18,1
M,4,7,42,12/10/2025,SP,355030,SAO PAULO,1,2,,2025,42,1
M,1,13,29,17/07/2025,SP,355030,SAO PAULO,,,,2025,29,0
M,1,6,08,20/02/2025,SP,355030,SAO PAULO,1,,,2025,8,0
F,4,6,40,30/09/2025,SP,355030,SAO PAULO,1,,,2025,40,0
M,1,10,23,06/06/2025,SP,355030,SAO PAULO,1,3,,2025,23,1
M,1,6,44,31/10/2025,SP,355030,SAO PAULO,1,2,,2025,44,1
M,9,5,36,04/09/2025,SP,355030,SAO PAULO,1,,,2025,36,0
F,1,5,34,23/08/2025,SP,355030,SAO PAULO,1,3,,2025,34,1
M,1,5,39,23/09/2025,SP,355030,SAO PAULO,1,,,2025,39,0
F,2,4,21,18/05/2025,SP,355030,SAO PAULO,1,1,,2025,21,1
M,4,4,44,01/11/2025,SP,355030,SAO PAULO,1,,,2025,44,0
M,1,3,43,22/10/2025,SP,355030,SAO PAULO,1,6,H3,2025,43,1
M,1,3,47,20/11/2025,SP,355030,SAO PAULO,1,,,2025,47,0
M,1,3,47,18/11/2025,SP,355030,SAO PAULO,1,2,,2025,47,1
F,4,2,40,03/10/2025,SP,355030,SAO PAULO,,3,,2025,40,1
M,1,73,20,14/05/2025,SP,355030,SAO PAULO,1,1,,2025,20,1
F,4,47,20,12/05/2025,SP,355030,SAO PAULO,1,1,,2025,20,1
F,9,75,46,14/11/2025,SP,355030,SAO PAULO,1,,,2025,46,0
M,9,74,12,17/03/2025,SP,355030,SAO PAULO,,,,2025,12,0
M,9,10,23,06/06/2025,SP,355030,SAO PAULO,1,,,2025,23,0
M,9,11,21,19/05/2025,SP,355030,SAO PAULO,,1,,2025,21,1
M,9,5,20,11/05/2025,SP,355030,SAO PAULO,,,,2025,20,0
F,4,73,20,17/05/2025,SP,355030,SAO PAULO,1,1,,2025,20,1
M,4,6,13,23/03/2025,SP,355030,SAO PAULO,1,1,,2025,13,1
F,9,11,43,19/10/2025,SP,355030,SAO PAULO,,,,2025,43,0
M,1,86,45,08/11/2025,SP,355030,SAO PAULO,1,2,,2025,45,1
M,1,66,49,02/12/2025,SP,355030,SAO PAULO,1,2,,2025,49,1
M,9,96,17,22/04/2025,SP,355030,SAO PAULO,1,3,,2025,17,1
M,1,91,25,15/06/2025,SP,355030,SAO PAULO,1,1,,2025,25,1
M,1,1,20,17/05/2025,SP,355030,SAO PAULO,2,1,,2025,20,1
F,4,73,12,18/03/2025,SP,355030,SAO PAULO,1,,,2025,12,0
F,4,72,18,27/04/2025,SP,355030,SAO PAULO,1,3,,2025,18,1
M,9,93,01,31/12/2024,SP,355030,SAO PAULO,1,3,,2024,1,1
M,1,67,24,11/06/2025,SP,355030,SAO PAULO,,,,2025,24,0
M,1,80,18,29/04/2025,SP,355030,SAO PAULO,1,3,,2025,18,1
M,1,85,23,02/06/2025,SP,355030,SAO PAULO,1,3,,2025,23,1
M,1,80,25,17/06/2025,SP,355030,SAO PAULO,1,3,,2025,25,1
M,1,1,28,08/07/2025,SP,355030,SAO PAULO,1,,,2025,28,0
M,1,72,21,22/05/2025,SP,355030,SAO PAULO,1,3,,2025,21,1
M,1,87,48,26/11/2025,SP,355030,SAO PAULO,,,,2025,48,0
M,1,9,12,18/03/2025,SP,355030,SAO PAULO,1,3,,2025,12,1
F,4,73,27,30/06/2025,SP,355030,SAO PAULO,1,3,,2025,27,1
F,9,85,20,14/05/2025,SP,355030,SAO PAULO,1,3,,2025,20,1
F,1,77,24,13/06/2025,SP,355030,SAO PAULO,1,1,,2025,24,1
F,1,1,46,12/11/2025,SP,355030,SAO PAULO,1,1,,2025,46,1
F,9,89,48,27/11/2025,SP,355030,SAO PAULO,1,3,,2025,48,1
F,1,9,21,19/05/2025,SP,355030,SAO PAULO,1,3,,2025,21,1
M,1,85,03,12/01/2025,SP,355030,SAO PAULO,1,,,2025,3,0
F,9,77,20,15/05/2025,SP,355030,SAO PAULO,1,3,,2025,20,1
F,4,86,20,12/05/2025,SP,355030,SAO PAULO,1,3,,2025,20,1
M,1,84,50,07/12/2025,SP,355030,SAO PAULO,1,2,,2025,50,1
F,4,60,20,17/05/2025,SP,355030,SAO PAULO,1,,,2025,20,0
F,4,9,26,24/06/2025,SP,355030,SAO PAULO,,1,,2025,26,1
M,4,86,19,06/05/2025,SP,355030,SAO PAULO,1,,,2025,19,0
F,4,8,27,29/06/2025,SP,355030,SAO PAULO,1,,,2025,27,0
M,4,62,16,17/04/2025,SP,355030,SAO PAULO,1,,,2025,16,0
F,1,1,49,03/12/2025,SP,355030,SAO PAULO,1,,,2025,49,0
M,1,8,28,07/07/2025,SP,355030,SAO PAULO,1,,,2025,28,0
M,1,57,30,25/07/2025,SP,355030,SAO PAULO,1,,,2025,30,0
M,4,5,25,21/06/2025,SP,355030,SAO PAULO,1,,,2025,25,0
M,1,3,19,06/05/2025,SP,355030,SAO PAULO,1,1,,2025,19,1
M,1,6,35,29/08/2025,SP,355030,SAO PAULO,1,,,2025,35,0
F,1,72,47,18/11/2025,SP,355030,SAO PAULO,1,,,2025,47,0
M,4,2,22,30/05/2025,SP,355030,SAO PAULO,1,,,2025,22,0
M,1,31,18,03/05/2025,SP,355030,SAO PAULO,1,3,,2025,18,1
M,4,88,45,02/11/2025,SP,355030,SAO PAULO,1,6,H3,2025,45,1
F,1,6,28,06/07/2025,SP,355030,SAO PAULO,1,,,2025,28,0
M,1,83,23,04/06/2025,SP,355030,SAO PAULO,1,,,2025,23,0
M,4,29,45,08/11/2025,SP,355030,SAO PAULO,1,,,2025,45,0
M,1,6,41,11/10/2025,SP,355030,SAO PAULO,1,2,,2025,41,1
M,1,1,22,26/05/2025,SP,355030,SAO PAULO,1,3,,2025,22,1
F,1,78,36,31/08/2025,SP,355030,SAO PAULO,1,3,,2025,36,1
M,1,83,22,29/05/2025,SP,355030,SAO PAULO,1,3,,2025,22,1
F,4,78,41,08/10/2025,SP,355030,SAO PAULO,1,,,2025,41,0
F,1,3,48,27/11/2025,SP,355030,SAO PAULO,1,3,,2025,48,1
F,1,65,45,04/11/2025,SP,355030,SAO PAULO,1,2,,2025,45,1
F,1,94,25,15/06/2025,SP,355030,SAO PAULO,,5,,2025,25,1
F,4,22,51,18/12/2025,SP,355030,SAO PAULO,1,3,,2025,51,1
F,9,92,18,03/05/2025,SP,355030,SAO PAULO,,4,,2025,18,1
F,1,72,17,22/04/2025,SP,355030,SAO PAULO,1,1,,2025,17,1
F,1,69,41,07/10/2025,SP,355030,SAO PAULO,1,2,,2025,41,1
F,1,75,29,17/07/2025,SP,355030,SAO PAULO,1,1,,2025,29,1
M,1,49,17,22/04/2025,SP,355030,SAO PAULO,1,3,,2025,17,1
M,1,43,11,11/03/2025,SP,355030,SAO PAULO,1,1,,2025,11,1
F,9,44,03,16/01/2025,SP,355030,SAO PAULO,1,3,,2025,3,1
F,1,82,17,23/04/2025,SP,355030,SAO PAULO,,,,2025,17,0
F,1,54,14,04/04/2025,SP,355030,SAO PAULO,1,3,,2025,14,1
F,4,84,01,29/12/2024,SP,355030,SAO PAULO,1,3,,2024,1,1
M,4,73,23,03/06/2025,SP,355030,SAO PAULO,1,3,,2025,23,1
F,1,49,19,07/05/2025,SP,355030,SAO PAULO,1,,,2025,19,0
M,4,48,08,22/02/2025,SP,355030,SAO PAULO,,,,2025,8,0
F,9,50,12,21/03/2025,SP,355030,SAO PAULO,1,,,2025,12,0
F,4,58,27,05/07/2025,SP,355030,SAO PAULO,1,1,,2025,27,1
F,1,45,31,31/07/2025,SP,355030,SAO PAULO,1,,,2025,31,0
F,9,90,46,15/11/2025,SP,355030,SAO PAULO,,3,,2025,46,1
M,1,89,16,17/04/2025,SP,355030,SAO PAULO,9,,,2025,16,0
F,9,42,41,09/10/2025,SP,355030,SAO PAULO,1,3,,2025,41,1
F,1,43,28,07/07/2025,SP,355030,SAO PAULO,,,,2025,28,0
F,1,83,28,09/07/2025,SP,355030,SAO PAULO,,1,,2025,28,1
M,1,37,12,19/03/2025,SP,355030,SAO PAULO,1,,,2025,12,0
M,1,38,15,07/04/2025,SP,355030,SAO PAULO,1,3,,2025,15,1
F,4,37,48,25/11/2025,SP,355030,SAO PAULO,1,6,H3,2025,48,1
F,1,39,20,17/05/2025,SP,355030,SAO PAULO,1,3,,2025,20,1
F,4,40,38,17/09/2025,SP,355030,SAO PAULO,1,,,2025,38,0
F,4,39,11,09/03/2025,SP,355030,SAO PAULO,1,,,2025,11,0
M,4,86,49,02/12/2025,SP,355030,SAO PAULO,1,2,,2025,49,1
M,4,37,42,15/10/2025,SP,355030,SAO PAULO,1,1,,2025,42,1
F,1,27,46,15/11/2025,SP,355030,SAO PAULO,1,,,2025,46,0
F,4,68,20,12/05/2025,SP,355030,SAO PAULO,1,1,,2025,20,1
M,4,29,22,29/05/2025,SP,355030,SAO PAULO,1,1,,2025,22,1
F,1,30,16,17/04/2025,SP,355030,SAO PAULO,1,3,,2025,16,1
M,1,15,33,12/08/2025,SP,355030,SAO PAULO,1,3,,2025,33,1
M,1,28,31,28/07/2025,SP,355030,SAO PAULO,1,4,,2025,31,1
F,3,28,52,25/12/2025,SP,355030,SAO PAULO,,,,2025,52,0
F,4,14,45,03/11/2025,SP,355030,SAO PAULO,,,,2025,45,0
M,9,70,20,13/05/2025,SP,355030,SAO PAULO,1,3,,2025,20,1
F,1,18,17,21/04/2025,SP,355030,SAO PAULO,1,3,,2025,17,1
M,4,13,42,15/10/2025,SP,355030,SAO PAULO,9,3,,2025,42,1
F,1,83,20,15/05/2025,SP,355030,SAO PAULO,,3,,2025,20,1
M,1,8,46,12/11/2025,SP,355030,SAO PAULO,1,,,2025,46,0
M,1,15,21,22/05/2025,SP,355030,SAO PAULO,1,3,,2025,21,1
M,1,7,21,18/05/2025,SP,355030,SAO PAULO,,1,,2025,21,1
M,4,73,15,08/04/2025,SP,355030,SAO PAULO,1,,,2025,15,0
M,1,10,41,10/10/2025,SP,355030,SAO PAULO,1,2,,2025,41,1
M,9,7,21,20/05/2025,SP,355030,SAO PAULO,1,3,,2025,21,1
F,1,7,22,28/05/2025,SP,355030,SAO PAULO,1,3,,2025,22,1
M,1,15,18,02/05/2025,SP,355030,SAO PAULO,1,3,,2025,18,1
F,9,89,20,12/05/2025,SP,355030,SAO PAULO,1,1,,2025,20,1
M,9,71,21,23/05/2025,SP,355030,SAO PAULO,1,3,,2025,21,1
M,1,6,16,18/04/2025,SP,355030,SAO PAULO,,,,2025,16,0
F,9,6,43,19/10/2025,SP,355030,SAO PAULO,9,5,,2025,43,1
F,4,6,42,13/10/2025,SP,355030,SAO PAULO,1,,,2025,42,0
M,4,5,01,29/12/2025,SP,355030,SAO PAULO,1,,,2025,1,0
F,9,4,06,04/02/2025,SP,355030,SAO PAULO,,,,2025,6,0
M,1,80,42,12/10/2025,SP,355030,SAO PAULO,1,2,,2025,42,1
M,1,4,37,09/09/2025,SP,355030,SAO PAULO,1,3,,2025,37,1
F,1,3,19,10/05/2025,SP,355030,SAO PAULO,1,1,,2025,19,1
M,1,3,34,18/08/2025,SP,355030,SAO PAULO,1,1,,2025,34,1
M,1,3,16,18/04/2025,SP,355030,SAO PAULO,1,3,,2025,16,1
M,1,3,16,18/04/2025,SP,355030,SAO PAULO,1,,,2025,16,0
M,9,2,17,20/04/2025,SP,355030,SAO PAULO,1,,,2025,17,0
M,4,9,44,27/10/2025,SP,355030,SAO PAULO,,,,2025,44,0
M,4,2,26,22/06/2025,SP,355030,SAO PAULO,1,1,,2025,26,1
M,4,2,43,23/10/2025,SP,355030,SAO PAULO,1,,,2025,43,0
M,1,1,20,14/05/2025,SP,355030,SAO PAULO,,1,,2025,20,1
M,9,70,21,18/05/2025,SP,355030,SAO PAULO,,,,2025,21,0
F,2,70,44,31/10/2025,SP,355030,SAO PAULO,1,,,2025,44,0
M,4,66,24,08/06/2025,SP,355030,SAO PAULO,1,1,,2025,24,1
F,1,74,41,08/10/2025,SP,355030,SAO PAULO,1,,,2025,41,0
F,2,69,20,15/05/2025,SP,355030,SAO PAULO,1,1,,2025,20,1
M,4,77,20,15/05/2025,SP,355030,SAO PAULO,1,,,2025,20,0
M,9,2,42,18/10/2025,SP,355030,SAO PAULO,,,,2025,42,0
M,1,11,46,09/11/2025,SP,355030,SAO PAULO,1,,,2025,46,0
M,4,3,34,17/08/2025,SP,355030,SAO PAULO,1,,,2025,34,0
F,4,1,19,10/05/2025,SP,355030,SAO PAULO,1,3,,2025,19,1
M,1,95,34,22/08/2025,SP,355030,SAO PAULO,1,3,,2025,34,1
M,1,64,28,10/07/2025,SP,355030,SAO PAULO,1,3,,2025,28,1
F,4,1,18,28/04/2025,SP,355030,SAO PAULO,1,1,,2025,18,1
M,1,94,48,27/11/2025,SP,355030,SAO PAULO,,3,,2025,48,1
F,4,40,21,18/05/2025,SP,355030,SAO PAULO,1,3,,2025,21,1
F,2,1,23,01/06/2025,SP,355030,SAO PAULO,,3,,2025,23,1
F,1,89,19,07/05/2025,SP,355030,SAO PAULO,1,3,,2025,19,1
M,4,70,08,19/02/2025,SP,355030,SAO PAULO,1,,,2025,8,0
F,4,68,17,22/04/2025,SP,355030,SAO PAULO,1,3,,2025,17,1
M,4,11,19,05/05/2025,SP,355030,SAO PAULO,1,,,2025,19,0
F,9,88,22,29/05/2025,SP,355030,SAO PAULO,,1,,2025,22,1
F,4,75,16,19/04/2025,SP,355030,SAO PAULO,1,,,2025,16,0
M,9,63,19,07/05/2025,SP,355030,SAO PAULO,1,,,2025,19,0
F,3,67,27,30/06/2025,SP,355030,SAO PAULO,1,3,,2025,27,1
F,1,8,17,20/04/2025,SP,355030,SAO PAULO,,1,,2025,17,1
M,1,88,22,31/05/2025,SP,355030,SAO PAULO,,1,,2025,22,1
F,4,1,42,17/10/2025,SP,355030,SAO PAULO,,3,,2025,42,1
M,4,1,48,28/11/2025,SP,355030,SAO PAULO,1,,,2025,48,0
M,1,1,46,14/11/2025,SP,355030,SAO PAULO,1,,,2025,46,0
M,3,39,20,12/05/2025,SP,355030,SAO PAULO,1,,,2025,20,0
M,4,58,17,23/04/2025,SP,355030,SAO PAULO,1,3,,2025,17,1
M,4,1,42,15/10/2025,SP,355030,SAO PAULO,1,,,2025,42,0
M,9,7,20,12/05/2025,SP,355030,SAO PAULO,1,6,NAO ESPECIFICADO,2025,20,1
F,1,5,17,24/04/2025,SP,355030,SAO PAULO,1,1,,2025,17,1
F,4,1,43,24/10/2025,SP,355030,SAO PAULO,1,,,2025,43,0
F,1,64,45,08/11/2025,SP,355030,SAO PAULO,1,,,2025,45,0
M,1,8,35,25/08/2025,SP,355030,SAO PAULO,1,3,,2025,35,1
F,9,74,10,07/03/2025,SP,355030,SAO PAULO,1,,,2025,10,0
F,5,59,20,14/05/2025,SP,355030,SAO PAULO,1,3,,2025,20,1
M,9,8,43,24/10/2025,SP,355030,SAO PAULO,1,3,,2025,43,1
F,3,6,32,04/08/2025,SP,355030,SAO PAULO,1,,,2025,32,0
M,1,8,48,24/11/2025,SP,355030,SAO PAULO,1,,,2025,48,0
F,9,53,22,29/05/2025,SP,355030,SAO PAULO,1,,,2025,22,0
F,2,60,24,10/06/2025,SP,355030,SAO PAULO,1,3,,2025,24,1
F,1,66,18,01/05/2025,SP,355030,SAO PAULO,1,1,,2025,18,1
M,1,4,44,31/10/2025,SP,355030,SAO PAULO,1,4,,2025,44,1
M,4,58,49,30/11/2025,SP,355030,SAO PAULO,1,,,2025,49,0
M,1,2,42,17/10/2025,SP,355030,SAO PAULO,1,2,,2025,42,1
F,4,1,44,29/10/2025,SP,355030,SAO PAULO,1,,,2025,44,0
M,1,53,17,21/04/2025,SP,355030,SAO PAULO,1,1,,2025,17,1
F,1,98,16,13/04/2025,SP,355030,SAO PAULO,,,,2025,16,0
M,4,57,25,17/06/2025,SP,355030,SAO PAULO,1,,,2025,25,0
M,4,5,38,20/09/2025,SP,355030,SAO PAULO,1,2,,2025,38,1
M,9,88,15,10/04/2025,SP,355030,SAO PAULO,1,3,,2025,15,1
F,1,54,36,02/09/2025,SP,355030,SAO PAULO,1,,,2025,36,0
F,1,49,21,21/05/2025,SP,355030,SAO PAULO,1,1,,2025,21,1
F,1,92,20,16/05/2025,SP,355030,SAO PAULO,1,2,,2025,20,1
F,4,64,25,15/06/2025,SP,355030,SAO PAULO,1,,,2025,25,0
M,9,46,41,10/10/2025,SP,355030,SAO PAULO,1,2,,2025,41,1
F,1,65,19,09/05/2025,SP,355030,SAO PAULO,1,,,2025,19,0
F,1,82,48,24/11/2025,SP,355030,SAO PAULO,1,6,H3,2025,48,1
F,2,85,48,27/11/2025,SP,355030,SAO PAULO,1,2,,2025,48,1
M,1,42,16,18/04/2025,SP,355030,SAO PAULO,1,,,2025,16,0
M,9,86,45,06/11/2025,SP,355030,SAO PAULO,1,,,2025,45,0
F,4,80,19,10/05/2025,SP,355030,SAO PAULO,1,,,2025,19,0
M,2,73,20,16/05/2025,SP,355030,SAO PAULO,1,3,,2025,20,1
F,1,42,46,15/11/2025,SP,355030,SAO PAULO,1,,,2025,46,0
F,1,37,22,27/05/2025,SP,355030,SAO PAULO,1,1,,2025,22,1
F,9,85,24,11/06/2025,SP,355030,SAO PAULO,1,3,,2025,24,1
F,1,77,20,15/05/2025,SP,355030,SAO PAULO,1,3,,2025,20,1
F,1,79,18,27/04/2025,SP,355030,SAO PAULO,1,,,2025,18,0
F,4,36,20,15/05/2025,SP,355030,SAO PAULO,,,,2025,20,0
M,4,21,15,06/04/2025,SP,355030,SAO PAULO,1,3,,2025,15,1
M,9,75,22,29/05/2025,SP,355030,SAO PAULO,1,,,2025,22,0
F,1,35,31,02/08/2025,SP,355030,SAO PAULO,1,3,,2025,31,1
F,1,32,13,23/03/2025,SP,355030,SAO PAULO,1,3,,2025,13,1
F,1,31,30,24/07/2025,SP,355030,SAO PAULO,1,3,,2025,30,1
M,1,80,20,15/05/2025,SP,355030,SAO PAULO,1,,,2025,20,0
M,9,16,25,15/06/2025,SP,355030,SAO PAULO,1,,,2025,25,0
F,2,29,16,19/04/2025,SP,355030,SAO PAULO,1,3,,2025,16,1
M,1,74,16,17/04/2025,SP,355030,SAO PAULO,,1,,2025,16,1
F,1,13,22,29/05/2025,SP,355030,SAO PAULO,1,1,,2025,22,1
M,9,24,10,03/03/2025,SP,355030,SAO PAULO,1,1,,2025,10,1
F,4,15,13,23/03/2025,SP,355030,SAO PAULO,1,3,,2025,13,1
M,1,78,26,23/06/2025,SP,355030,SAO PAULO,1,1,,2025,26,1
F,4,10,23,02/06/2025,SP,355030,SAO PAULO,1,,,2025,23,0
M,1,89,20,15/05/2025,SP,355030,SAO PAULO,1,,,2025,20,0
F,1,8,25,21/06/2025,SP,355030,SAO PAULO,1,,,2025,25,0
F,1,8,45,06/11/2025,SP,355030,SAO PAULO,1,6,H3,2025,45,1
F,9,15,24,13/06/2025,SP,355030,SAO PAULO,1,,,2025,24,0
M,1,60,22,27/05/2025,SP,355030,SAO PAULO,,,,2025,22,0
M,1,80,26,22/06/2025,SP,355030,SAO PAULO,1,,,2025,26,0
F,9,4,18,29/04/2025,SP,355030,SAO PAULO,1,1,,2025,18,1
M,9,4,44,01/11/2025,SP,355030,SAO PAULO,1,,,2025,44,0
F,4,3,21,24/05/2025,SP,355030,SAO PAULO,1,,,2025,21,0
F,1,3,46,13/11/2025,SP,355030,SAO PAULO,1,3,,2025,46,1
F,4,3,45,02/11/2025,SP,355030,SAO PAULO,1,,,2025,45,0
F,3,29,51,15/12/2025,SP,355030,SAO PAULO,1,,,2025,51,0
F,1,2,16,14/04/2025,SP,355030,SAO PAULO,1,3,,2025,16,1
M,2,51,14,04/04/2025,SP,355030,SAO PAULO,1,,,2025,14,0
M,4,69,16,14/04/2025,SP,355030,SAO PAULO,1,4,,2025,16,1
M,1,71,39,21/09/2025,SP,355030,SAO PAULO,1,,,2025,39,0
F,4,55,22,29/05/2025,SP,355030,SAO PAULO,1,,,2025,22,0
F,1,77,21,24/05/2025,SP,355030,SAO PAULO,1,,,2025,21,0
F,1,71,52,25/12/2025,SP,355030,SAO PAULO,,2,,2025,52,1
M,4,75,45,05/11/2025,SP,355030,SAO PAULO,1,,,2025,45,0
M,4,69,21,20/05/2025,SP,355030,SAO PAULO,1,,,2025,21,0
M,4,36,29,14/07/2025,SP,355030,SAO PAULO,1,,,2025,29,0
F,9,71,16,14/04/2025,SP,355030,SAO PAULO,,,,2025,16,0
F,4,9,41,11/10/2025,SP,355030,SAO PAULO,,3,,2025,41,1
F,4,2,30,22/07/2025,SP,355030,SAO PAULO,1,,,2025,30,0
F,1,26,46,12/11/2025,SP,355030,SAO PAULO,1,,,2025,46,0
M,9,72,42,17/10/2025,SP,355030,SAO PAULO,1,4,,2025,42,1
M,1,72,19,05/05/2025,SP,355030,SAO PAULO,,,,2025,19,0
M,1,90,46,15/11/2025,SP,355030,SAO PAULO,1,2,,2025,46,1
F,1,2,01,29/12/2025,SP,355030,SAO PAULO,1,4,,2025,1,1
M,4,2,50,09/12/2025,SP,355030,SAO PAULO,1,6,H3,2025,50,1
F,1,66,18,27/04/2025,SP,355030,SAO PAULO,1,1,,2025,18,1
F,4,72,18,30/04/2025,SP,355030,SAO PAULO,1,1,,2025,18,1
M,1,70,24,14/06/2025,SP,355030,SAO PAULO,,3,,2025,24,1
F,9,66,08,18/02/2025,SP,355030,SAO PAULO,1,,,2025,8,0
M,4,65,37,13/09/2025,SP,355030,SAO PAULO,,3,,2025,37,1
M,1,66,23,01/06/2025,SP,355030,SAO PAULO,1,1,,2025,23,1
F,1,65,50,08/12/2025,SP,355030,SAO PAULO,1,2,,2025,50,1
M,4,9,20,11/05/2025,SP,355030,SAO PAULO,1,,,2025,20,0
F,1,77,19,08/05/2025,SP,355030,SAO PAULO,1,,,2025,19,0
M,9,65,22,28/05/2025,SP,355030,SAO PAULO,1,3,,2025,22,1
M,1,7,19,05/05/2025,SP,355030,SAO PAULO,1,5,,2025,19,1
M,1,87,27,04/07/2025,SP,355030,SAO PAULO,1,,,2025,27,0
F,4,66,33,16/08/2025,SP,355030,SAO PAULO,1,2,,2025,33,1
F,1,62,50,13/12/2025,SP,355030,SAO PAULO,1,,,2025,50,0
M,4,10,37,11/09/2025,SP,355030,SAO PAULO,1,3,,2025,37,1
M,4,5,22,26/05/2025,SP,355030,SAO PAULO,1,,,2025,22,0
M,1,75,17,21/04/2025,SP,355030,SAO PAULO,,,,2025,17,0
F,1,1,02,10/01/2025,SP,355030,SAO PAULO,1,1,,2025,2,1
F,1,7,39,21/09/2025,SP,355030,SAO PAULO,1,6,SAZONAL /H3,2025,39,1
F,9,94,19,10/05/2025,SP,355030,SAO PAULO,,,,2025,19,0
F,1,23,49,01/12/2025,SP,355030,SAO PAULO,,,,2025,49,0
F,1,2,19,07/05/2025,SP,355030,SAO PAULO,,1,,2025,19,1
F,9,80,16,13/04/2025,SP,355030,SAO PAULO,1,,,2025,16,0
F,1,4,31,31/07/2025,SP,355030,SAO PAULO,1,,,2025,31,0
F,4,1,21,22/05/2025,SP,355030,SAO PAULO,1,3,,2025,21,1
F,9,92,24,12/06/2025,SP,355030,SAO PAULO,1,1,,2025,24,1
F,1,59,16,19/04/2025,SP,355030,SAO PAULO,1,,,2025,16,0
F,1,1,22,26/05/2025,SP,355030,SAO PAULO,1,,,2025,22,0
M,4,4,38,18/09/2025,SP,355030,SAO PAULO,1,,,2025,38,0
M,4,84,17,23/04/2025,SP,355030,SAO PAULO,1,,,2025,17,0
M,4,53,19,09/05/2025,SP,355030,SAO PAULO,1,,,2025,19,0
F,1,87,33,10/08/2025,SP,355030,SAO PAULO,1,,,2025,33,0
F,1,79,18,30/04/2025,SP,355030,SAO PAULO,1,,,2025,18,0
M,1,55,18,01/05/2025,SP,355030,SAO PAULO,1,6,NAO ESPECIFICADO,2025,18,1
F,4,1,42,14/10/2025,SP,355030,SAO PAULO,1,,,2025,42,0
M,9,69,16,18/04/2025,SP,355030,SAO PAULO,1,,,2025,16,0
F,1,52,45,05/11/2025,SP,355030,SAO PAULO,1,,,2025,45,0
F,1,7,45,03/11/2025,SP,355030,SAO PAULO,1,2,,2025,45,1
F,1,48,04,25/01/2025,SP,355030,SAO PAULO,1,3,,2025,4,1
F,1,94,26,25/06/2025,SP,355030,SAO PAULO,1,3,,2025,26,1
F,1,53,43,25/10/2025,SP,355030,SAO PAULO,1,3,,2025,43,1
F,1,91,25,17/06/2025,SP,355030,SAO PAULO,,3,,2025,25,1
F,1,82,22,31/05/2025,SP,355030,SAO PAULO,1,,,2025,22,0
M,1,82,21,23/05/2025,SP,355030,SAO PAULO,1,,,2025,21,0
F,1,60,22,28/05/2025,SP,355030,SAO PAULO,,3,,2025,22,1
M,1,47,22,30/05/2025,SP,355030,SAO PAULO,1,3,,2025,22,1
F,1,83,48,28/11/2025,SP,355030,SAO PAULO,1,3,,2025,48,1
M,1,50,38,20/09/2025,SP,355030,SAO PAULO,1,5,,2025,38,1
F,9,75,46,15/11/2025,SP,355030,SAO PAULO,1,,,2025,46,0
F,9,87,20,15/05/2025,SP,355030,SAO PAULO,,,,2025,20,0
F,1,87,25,16/06/2025,SP,355030,SAO PAULO,1,1,,2025,25,1
F,1,45,20,16/05/2025,SP,355030,SAO PAULO,1,,,2025,20,0
M,1,90,42,18/10/2025,SP,355030,SAO PAULO,,3,,2025,42,1
M,1,50,02,11/01/2025,SP,355030,SAO PAULO,1,,,2025,2,0
F,4,84,16,18/04/2025,SP,355030,SAO PAULO,1,3,,2025,16,1
M,9,81,42,15/10/2025,SP,355030,SAO PAULO,1,2,,2025,42,1
F,1,34,48,23/11/2025,SP,355030,SAO PAULO,1,,,2025,48,0
F,1,31,23,03/06/2025,SP,355030,SAO PAULO,1,,,2025,23,0
F,1,51,19,05/05/2025,SP,355030,SAO PAULO,1,3,,2025,19,1
M,1,29,25,15/06/2025,SP,355030,SAO PAULO,1,1,,2025,25,1
M,1,15,21,21/05/2025,SP,355030,SAO PAULO,1,3,,2025,21,1
F,1,13,20,15/05/2025,SP,355030,SAO PAULO,1,,,2025,20,0
M,1,12,47,19/11/2025,SP,355030,SAO PAULO,1,,,2025,47,0
F,4,19,51,20/12/2025,SP,355030,SAO PAULO,,,,2025,51,0
F,4,11,45,06/11/2025,SP,355030,SAO PAULO,1,,,2025,45,0
M,1,8,21,21/05/2025,SP,355030,SAO PAULO,1,,,2025,21,0
F,1,76,20,16/05/2025,SP,355030,SAO PAULO,1,,,2025,20,0
F,9,7,15,10/04/2025,SP,355030,SAO PAULO,1,,,2025,15,0
M,4,12,45,06/11/2025,SP,355030,SAO PAULO,1,3,,2025,45,1
F,1,6,45,02/11/2025,SP,355030,SAO PAULO,,3,,2025,45,1
F,4,80,27,03/07/2025,SP,355030,SAO PAULO,1,1,,2025,27,1
F,1,5,44,01/11/2025,SP,355030,SAO PAULO,1,3,,2025,44,1
M,1,5,49,02/12/2025,SP,355030,SAO PAULO,1,3,,2025,49,1
M,1,3,22,26/05/2025,SP,355030,SAO PAULO,1,,,2025,22,0
M,1,3,25,17/06/2025,SP,355030,SAO PAULO,1,1,,2025,25,1
F,1,10,24,08/06/2025,SP,355030,SAO PAULO,1,,,2025,24,0
M,1,3,44,31/10/2025,SP,355030,SAO PAULO,1,,,2025,44,0
M,4,3,25,17/06/2025,SP,355030,SAO PAULO,1,,,2025,25,0
M,1,2,21,19/05/2025,SP,355030,SAO PAULO,1,,,2025,21,0
M,4,2,19,04/05/2025,SP,355030,SAO PAULO,1,6,H3 SAZONAL,2025,19,1
F,4,3,40,01/10/2025,SP,355030,SAO PAULO,1,6,H3,2025,40,1
M,1,2,22,25/05/2025,SP,355030,SAO PAULO,1,3,,2025,22,1
F,4,2,40,04/10/2025,SP,355030,SAO PAULO,1,,,2025,40,0
M,1,1,14,04/04/2025,SP,355030,SAO PAULO,,3,,2025,14,1
M,4,1,17,24/04/2025,SP,355030,SAO PAULO,1,,,2025,17,0
M,4,1,20,11/05/2025,SP,355030,SAO PAULO,1,,,2025,20,0
F,1,90,20,13/05/2025,SP,355030,SAO PAULO,1,1,,2025,20,1
F,4,89,18,03/05/2025,SP,355030,SAO PAULO,1,1,,2025,18,1
F,4,88,38,19/09/2025,SP,355030,SAO PAULO,1,,,2025,38,0
F,9,72,17,20/04/2025,SP,355030,SAO PAULO,1,,,2025,17,0
F,4,71,44,29/10/2025,SP,355030,SAO PAULO,1,,,2025,44,0
M,1,69,48,26/11/2025,SP,355030,SAO PAULO,,,,2025,48,0
F,9,75,19,08/05/2025,SP,355030,SAO PAULO,1,1,,2025,19,1
F,1,73,21,19/05/2025,SP,355030,SAO PAULO,1,,,2025,21,0
M,1,69,18,01/05/2025,SP,355030,SAO PAULO,1,,,2025,18,0
F,4,70,49,04/12/2025,SP,355030,SAO PAULO,1,2,,2025,49,1
F,9,61,23,06/06/2025,SP,355030,SAO PAULO,,,,2025,23,0
M,1,53,44,31/10/2025,SP,355030,SAO PAULO,1,,,2025,44,0
F,9,88,50,09/12/2025,SP,355030,SAO PAULO,,,,2025,50,0
M,9,4,25,20/06/2025,SP,355030,SAO PAULO,1,,,2025,25,0
F,2,84,17,21/04/2025,SP,355030,SAO PAULO,1,3,,2025,17,1
F,9,69,18,27/04/2025,SP,355030,SAO PAULO,1,1,,2025,18,1
M,4,75,20,16/05/2025,SP,355030,SAO PAULO,1,1,,2025,20,1
F,9,87,23,06/06/2025,SP,355030,SAO PAULO,1,,,2025,23,0
M,1,70,48,27/11/2025,SP,355030,SAO PAULO,1,2,,2025,48,1
F,9,70,17,26/04/2025,SP,355030,SAO PAULO,1,,,2025,17,0
M,4,67,41,05/10/2025,SP,355030,SAO PAULO,1,,,2025,41,0
M,9,84,13,27/03/2025,SP,355030,SAO PAULO,1,1,,2025,13,1
M,1,11,10,06/03/2025,SP,355030,SAO PAULO,1,,,2025,10,0
M,1,80,38,15/09/2025,SP,355030,SAO PAULO,1,4,,2025,38,1
M,9,66,18,29/04/2025,SP,355030,SAO PAULO,1,2,,2025,18,1
F,4,35,35,26/08/2025,SP,355030,SAO PAULO,,2,,2025,35,1
F,1,82,16,17/04/2025,SP,355030,SAO PAULO,1,3,,2025,16,1
F,9,84,19,08/05/2025,SP,355030,SAO PAULO,1,1,,2025,19,1
F,4,1,41,05/10/2025,SP,355030,SAO PAULO,1,,,2025,41,0
M,1,67,19,08/05/2025,SP,355030,SAO PAULO,,1,,2025,19,1
M,4,7,16,18/04/2025,SP,355030,SAO PAULO,1,3,,2025,16,1
F,4,8,22,26/05/2025,SP,355030,SAO PAULO,1,1,,2025,22,1
F,1,66,20,12/05/2025,SP,355030,SAO PAULO,1,3,,2025,20,1
F,1,7,18,02/05/2025,SP,355030,SAO PAULO,1,1,,2025,18,1
M,2,0,44,26/10/2025,SP,355030,SAO PAULO,1,3,,2025,44,1
M,1,5,18,29/04/2025,SP,355030,SAO PAULO,1,1,,2025,18,1
M,9,78,20,11/05/2025,SP,355030,SAO PAULO,1,1,,2025,20,1
M,1,7,30,25/07/2025,SP,355030,SAO PAULO,1,3,,2025,30,1
F,4,4,20,11/05/2025,SP,355030,SAO PAULO,1,,,2025,20,0
F,4,69,18,30/04/2025,SP,355030,SAO PAULO,,,,2025,18,0
F,1,33,43,20/10/2025,SP,355030,SAO PAULO,1,3,,2025,43,1
F,1,5,33,11/08/2025,SP,355030,SAO PAULO,1,2,,2025,33,1
F,9,60,24,09/06/2025,SP,355030,SAO PAULO,1,1,,2025,24,1
F,1,58,23,07/06/2025,SP,355030,SAO PAULO,,3,,2025,23,1
F,2,68,43,20/10/2025,SP,355030,SAO PAULO,1,,,2025,43,0
F,1,2,24,14/06/2025,SP,355030,SAO PAULO,,1,,2025,24,1
F,4,59,20,11/05/2025,SP,355030,SAO PAULO,1,1,,2025,20,1
M,4,4,33,16/08/2025,SP,355030,SAO PAULO,1,,,2025,33,0
F,9,86,11,09/03/2025,SP,355030,SAO PAULO,1,,,2025,11,0
F,1,82,05,31/01/2025,SP,355030,SAO PAULO,1,,,2025,5,0
M,9,53,23,03/06/2025,SP,355030,SAO PAULO,1,3,,2025,23,1
F,4,52,20,14/05/2025,SP,355030,SAO PAULO,1,1,,2025,20,1
F,1,25,18,01/05/2025,SP,355030,SAO PAULO,,1,,2025,18,1
M,4,51,46,14/11/2025,SP,355030,SAO PAULO,1,,,2025,46,0
F,1,95,38,16/09/2025,SP,355030,SAO PAULO,1,,,2025,38,0
M,1,52,23,04/06/2025,SP,355030,SAO PAULO,1,1,,2025,23,1
F,9,65,19,10/05/2025,SP,355030,SAO PAULO,1,,,2025,19,0
F,9,61,24,08/06/2025,SP,355030,SAO PAULO,1,,,2025,24,0
F,1,89,16,17/04/2025,SP,355030,SAO PAULO,1,1,,2025,16,1
F,4,70,26,27/06/2025,SP,355030,SAO PAULO,9,,,2025,26,0
F,1,74,19,09/05/2025,SP,355030,SAO PAULO,1,1,,2025,19,1
F,1,81,22,27/05/2025,SP,355030,SAO PAULO,,,,2025,22,0
F,1,41,11,14/03/2025,SP,355030,SAO PAULO,1,3,,2025,11,1
M,1,63,28,07/07/2025,SP,355030,SAO PAULO,,,,2025,28,0
M,1,62,51,19/12/2025,SP,355030,SAO PAULO,1,3,,2025,51,1
F,1,71,19,05/05/2025,SP,355030,SAO PAULO,1,,,2025,19,0
M,1,80,23,05/06/2025,SP,355030,SAO PAULO,,,,2025,23,0
F,1,76,25,17/06/2025,SP,355030,SAO PAULO,1,1,,2025,25,1
F,1,39,11,10/03/2025,SP,355030,SAO PAULO,1,3,,2025,11,1
F,4,81,23,06/06/2025,SP,355030,SAO PAULO,1,,,2025,23,0
F,4,42,19,08/05/2025,SP,355030,SAO PAULO,1,1,,2025,19,1
F,4,28,14,31/03/2025,SP,355030,SAO PAULO,1,3,,2025,14,1
M,4,40,42,16/10/2025,SP,355030,SAO PAULO,1,,,2025,42,0
F,4,40,16,18/04/2025,SP,355030,SAO PAULO,1,1,,2025,16,1
M,4,21,38,19/09/2025,SP,355030,SAO PAULO,1,,,2025,38,0
M,1,38,27,05/07/2025,SP,355030,SAO PAULO,1,3,,2025,27,1
M,1,39,23,01/06/2025,SP,355030,SAO PAULO,1,1,,2025,23,1
F,1,84,24,08/06/2025,SP,355030,SAO PAULO,1,,,2025,24,0
M,1,82,22,28/05/2025,SP,355030,SAO PAULO,1,,,2025,22,0
F,1,33,18,02/05/2025,SP,355030,SAO PAULO,1,1,,2025,18,1
F,1,85,19,09/05/2025,SP,355030,SAO PAULO,1,3,,2025,19,1
M,1,76,45,05/11/2025,SP,355030,SAO PAULO,1,,,2025,45,0
F,9,30,46,14/11/2025,SP,355030,SAO PAULO,1,,,2025,46,0
M,1,25,26,22/06/2025,SP,355030,SAO PAULO,1,3,,2025,26,1
M,1,12,16,13/04/2025,SP,355030,SAO PAULO,1,3,,2025,16,1
M,9,62,25,21/06/2025,SP,355030,SAO PAULO,2,,,2025,25,0
F,4,25,19,05/05/2025,SP,355030,SAO PAULO,1,,,2025,19,0
M,1,26,38,19/09/2025,SP,355030,SAO PAULO,1,2,,2025,38,1
M,4,10,23,06/06/2025,SP,355030,SAO PAULO,1,4,,2025,23,1
F,2,11,23,06/06/2025,SP,355030,SAO PAULO,,1,,2025,23,1
F,1,10,39,23/09/2025,SP,355030,SAO PAULO,1,,,2025,39,0
F,9,8,21,22/05/2025,SP,355030,SAO PAULO,1,,,2025,21,0
F,1,14,14,04/04/2025,SP,355030,SAO PAULO,1,,,2025,14,0
M,9,6,17,26/04/2025,SP,355030,SAO PAULO,1,,,2025,17,0
M,9,14,09,28/02/2025,SP,355030,SAO PAULO,1,,,2025,9,0
M,1,6,45,04/11/2025,SP,355030,SAO PAULO,1,2,,2025,45,1
M,1,6,18,02/05/2025,SP,355030,SAO PAULO,1,3,,2025,18,1
M,4,5,03,18/01/2025,SP,355030,SAO PAULO,1,1,,2025,3,1
M,1,11,43,25/10/2025,SP,355030,SAO PAULO,1,3,,2025,43,1
M,1,5,29,18/07/2025,SP,355030,SAO PAULO,1,6,H3 SAZONAL,2025,29,1
F,1,5,41,05/10/2025,SP,355030,SAO PAULO,1,3,,2025,41,1
M,9,4,21,18/05/2025,SP,355030,SAO PAULO,1,1,,2025,21,1
F,1,2,38,19/09/2025,SP,355030,SAO PAULO,1,,,2025,38,0
F,4,2,49,02/12/2025,SP,355030,SAO PAULO,1,,,2025,49,0
M,1,1,16,18/04/2025,SP,355030,SAO PAULO,1,3,,2025,16,1
M,4,49,11,09/03/2025,SP,355030,SAO PAULO,1,,,2025,11,0
M,4,69,19,06/05/2025,SP,355030,SAO PAULO,1,1,,2025,19,1
F,4,8,42,12/10/2025,SP,355030,SAO PAULO,,3,,2025,42,1
F,4,69,20,11/05/2025,SP,355030,SAO PAULO,1,1,,2025,20,1
F,1,66,23,06/06/2025,SP,355030,SAO PAULO,1,3,,2025,23,1
F,4,3,15,06/04/2025,SP,355030,SAO PAULO,,3,,2025,15,1
M,1,8,13,23/03/2025,SP,355030,SAO PAULO,1,1,,2025,13,1
F,9,42,24,10/06/2025,SP,355030,SAO PAULO,,,,2025,24,0
M,4,71,17,26/04/2025,SP,355030,SAO PAULO,1,4,,2025,17,1
M,1,84,38,19/09/2025,SP,355030,SAO PAULO,1,3,,2025,38,1
M,2,71,48,28/11/2025,SP,355030,SAO PAULO,1,2,,2025,48,1
M,1,70,20,13/05/2025,SP,355030,SAO PAULO,1,5,,2025,20,1
M,1,89,23,04/06/2025,SP,355030,SAO PAULO,,,,2025,23,0
M,1,1,46,14/11/2025,SP,355030,SAO PAULO,1,,,2025,46,0
M,1,63,20,12/05/2025,SP,355030,SAO PAULO,,1,,2025,20,1
M,1,1,38,14/09/2025,SP,355030,SAO PAULO,1,,,2025,38,0
M,1,63,38,14/09/2025,SP,355030,SAO PAULO,1,4,,2025,38,1
M,9,81,20,12/05/2025,SP,355030,SAO PAULO,1,,,2025,20,0
M,1,8,13,25/03/2025,SP,355030,SAO PAULO,1,,,2025,13,0
F,1,65,20,17/05/2025,SP,355030,SAO PAULO,1,,,2025,20,0
F,4,79,49,04/12/2025,SP,355030,SAO PAULO,1,2,,2025,49,1
F,3,83,48,23/11/2025,SP,355030,SAO PAULO,,4,,2025,48,1
M,1,89,11,10/03/2025,SP,355030,SAO PAULO,,3,,2025,11,1
F,4,63,21,19/05/2025,SP,355030,SAO PAULO,1,3,,2025,21,1
M,4,7,21,22/05/2025,SP,355030,SAO PAULO,1,1,,2025,21,1
F,4,1,48,24/11/2025,SP,355030,SAO PAULO,1,,,2025,48,0
M,1,8,23,05/06/2025,SP,355030,SAO PAULO,1,2,,2025,23,1
M,4,8,29,14/07/2025,SP,355030,SAO PAULO,1,,,2025,29,0
F,9,89,44,27/10/2025,SP,355030,SAO PAULO,1,,,2025,44,0
F,1,5,23,02/06/2025,SP,355030,SAO PAULO,1,3,,2025,23,1
F,9,62,19,09/05/2025,SP,355030,SAO PAULO,1,,,2025,19,0
M,4,7,32,08/08/2025,SP,355030,SAO PAULO,1,,,2025,32,0
F,1,4,24,12/06/2025,SP,355030,SAO PAULO,1,3,,2025,24,1
M,1,8,41,09/10/2025,SP,355030,SAO PAULO,1,,,2025,41,0
F,1,61,22,31/05/2025,SP,355030,SAO PAULO,1,,,2025,22,0
M,9,26,49,01/12/2025,SP,355030,SAO PAULO,1,,,2025,49,0
F,9,57,22,30/05/2025,SP,355030,SAO PAULO,,,,2025,22,0
M,4,43,17,23/04/2025,SP,355030,SAO PAULO,1,3,,2025,17,1
M,1,60,19,10/05/2025,SP,355030,SAO PAULO,,1,,2025,19,1
M,4,5,42,14/10/2025,SP,355030,SAO PAULO,,,,2025,42,0
M,1,2,28,06/07/2025,SP,355030,SAO PAULO,1,4,,2025,28,1
M,4,66,25,18/06/2025,SP,355030,SAO PAULO,,,,2025,25,0
M,1,82,23,01/06/2025,SP,355030,SAO PAULO,1,1,,2025,23,1
F,4,81,23,01/06/2025,SP,355030,SAO PAULO,,,,2025,23,0
M,9,55,25,16/06/2025,SP,355030,SAO PAULO,1,3,,2025,25,1
F,2,57,15,06/04/2025,SP,355030,SAO PAULO,1,,,2025,15,0
F,4,80,19,08/05/2025,SP,355030,SAO PAULO,1,1,,2025,19,1
F,1,78,29,17/07/2025,SP,355030,SAO PAULO,1,2,,2025,29,1
F,9,97,24,13/06/2025,SP,355030,SAO PAULO,,3,,2025,24,1
F,1,74,45,05/11/2025,SP,355030,SAO PAULO,1,3,,2025,45,1
M,1,90,38,18/09/2025,SP,355030,SAO PAULO,,3,,2025,38,1
M,9,49,23,05/06/2025,SP,355030,SAO PAULO,1,3,,2025,23,1
M,1,53,25,15/06/2025,SP,355030,SAO PAULO,1,3,,2025,25,1
F,1,81,18,29/04/2025,SP,355030,SAO PAULO,1,,,2025,18,0
F,4,83,23,05/06/2025,SP,355030,SAO PAULO,1,,,2025,23,0
F,4,88,37,10/09/2025,SP,355030,SAO PAULO,1,2,,2025,37,1
F,1,93,44,26/10/2025,SP,355030,SAO PAULO,1,,,2025,44,0
F,4,69,23,03/06/2025,SP,355030,SAO PAULO,1,,,2025,23,0
F,1,82,17,25/04/2025,SP,355030,SAO PAULO,,,,2025,17,0
F,3,79,20,13/05/2025,SP,355030,SAO PAULO,1,3,,2025,20,1
F,9,69,17,20/04/2025,SP,355030,SAO PAULO,1,,,2025,17,0
F,4,76,18,01/05/2025,SP,355030,SAO PAULO,1,,,2025,18,0
F,4,54,20,13/05/2025,SP,355030,SAO PAULO,,,,2025,20,0
M,1,52,32,06/08/2025,SP,355030,SAO PAULO,1,,,2025,32,0
F,4,85,17,22/04/2025,SP,355030,SAO PAULO,1,3,,2025,17,1
F,1,50,16,18/04/2025,SP,355030,SAO PAULO,1,3,,2025,16,1
F,4,48,20,13/05/2025,SP,355030,SAO PAULO,1,,,2025,20,0
M,1,44,23,07/06/2025,SP,355030,SAO PAULO,1,,,2025,23,0
M,1,43,45,07/11/2025,SP,355030,SAO PAULO,1,6,H3,2025,45,1
F,1,42,44,31/10/2025,SP,355030,SAO PAULO,1,,,2025,44,0
F,1,38,45,05/11/2025,SP,355030,SAO PAULO,1,3,,2025,45,1
F,1,87,20,17/05/2025,SP,355030,SAO PAULO,1,3,,2025,20,1
F,4,36,15,10/04/2025,SP,355030,SAO PAULO,1,3,,2025,15,1
F,1,36,26,22/06/2025,SP,355030,SAO PAULO,1,3,,2025,26,1
F,9,36,19,08/05/2025,SP,355030,SAO PAULO,1,,,2025,19,0
F,4,27,47,22/11/2025,SP,355030,SAO PAULO,1,,,2025,47,0
F,1,59,44,01/11/2025,SP,355030,SAO PAULO,1,2,,2025,44,1
F,1,21,23,01/06/2025,SP,355030,SAO PAULO,1,,,2025,23,0
F,9,31,26,22/06/2025,SP,355030,SAO PAULO,1,3,,2025,26,1
F,2,20,21,18/05/2025,SP,355030,SAO PAULO,1,2,,2025,21,1
F,4,11,38,20/09/2025,SP,355030,SAO PAULO,1,2,,2025,38,1
M,4,9,20,12/05/2025,SP,355030,SAO PAULO,1,1,,2025,20,1
M,4,8,20,17/05/2025,SP,355030,SAO PAULO,,5,,2025,20,1
F,1,18,22,26/05/2025,SP,355030,SAO PAULO,1,3,,2025,22,1
M,1,8,04,25/01/2025,SP,355030,SAO PAULO,1,3,,2025,4,1
M,2,8,36,04/09/2025,SP,355030,SAO PAULO,1,3,,2025,36,1
M,4,77,23,02/06/2025,SP,355030,SAO PAULO,1,,,2025,23,0
F,4,8,45,07/11/2025,SP,355030,SAO PAULO,1,,,2025,45,0
F,4,76,17,23/04/2025,SP,355030,SAO PAULO,1,,,2025,17,0
F,1,12,14,31/03/2025,SP,355030,SAO PAULO,1,,,2025,14,0
F,1,13,41,10/10/2025,SP,355030,SAO PAULO,1,,,2025,41,0
F,1,10,19,10/05/2025,SP,355030,SAO PAULO,1,,,2025,19,0
M,1,9,47,16/11/2025,SP,355030,SAO PAULO,1,,,2025,47,0
F,4,13,44,01/11/2025,SP,355030,SAO PAULO,1,,,2025,44,0
F,1,6,18,01/05/2025,SP,355030,SAO PAULO,1,,,2025,18,0
M,1,6,13,23/03/2025,SP,355030,SAO PAULO,1,3,,2025,13,1
F,2,17,20,16/05/2025,SP,355030,SAO PAULO,1,1,,2025,20,1
M,9,6,18,02/05/2025,SP,355030,SAO PAULO,1,,,2025,18,0
F,1,6,42,18/10/2025,SP,355030,SAO PAULO,1,,,2025,42,0
F,9,5,20,12/05/2025,SP,355030,SAO PAULO,1,1,,2025,20,1
M,1,4,17,23/04/2025,SP,355030,SAO PAULO,1,1,,2025,17,1
M,1,4,41,10/10/2025,SP,355030,SAO PAULO,1,3,,2025,41,1
M,4,3,36,05/09/2025,SP,355030,SAO PAULO,1,2,,2025,36,1
F,9,2,50,11/12/2025,SP,355030,SAO PAULO,1,3,,2025,50,1
M,1,2,23,04/06/2025,SP,355030,SAO PAULO,,,,2025,23,0
F,4,2,32,08/08/2025,SP,355030,SAO PAULO,1,2,,2025,32,1
F,1,1,10,03/03/2025,SP,355030,SAO PAULO,1,3,,2025,10,1
F,9,1,20,17/05/2025,SP,355030,SAO PAULO,1,1,,2025,20,1
M,1,78,23,02/06/2025,SP,355030,SAO PAULO,1,,,2025,23,0
M,1,71,43,21/10/2025,SP,355030,SAO PAULO,1,3,,2025,43,1
F,4,58,20,12/05/2025,SP,355030,SAO PAULO,1,4,,2025,20,1
F,1,78,18,29/04/2025,SP,355030,SAO PAULO,1,,,2025,18,0
F,1,70,27,04/07/2025,SP,355030,SAO PAULO,1,3,,2025,27,1
M,3,75,19,09/05/2025,SP,355030,SAO PAULO,1,,,2025,19,0
F,2,72,52,27/12/2025,SP,355030,SAO PAULO,1,3,,2025,52,1
M,1,58,19,04/05/2025,SP,355030,SAO PAULO,1,3,,2025,19,1
M,1,70,22,26/05/2025,SP,355030,SAO PAULO,1,,,2025,22,0
F,1,85,36,02/09/2025,SP,355030,SAO PAULO,1,,,2025,36,0
M,1,15,33,16/08/2025,SP,355030,SAO PAULO,1,5,,2025,33,1
M,9,65,24,08/06/2025,SP,355030,SAO PAULO,1,3,,2025,24,1
F,1,83,25,18/06/2025,SP,355030,SAO PAULO,1,1,,2025,25,1
M,1,90,18,28/04/2025,SP,355030,SAO PAULO,1,3,,2025,18,1
M,4,1,16,18/04/2025,SP,355030,SAO PAULO,1,,,2025,16,0
F,1,72,19,08/05/2025,SP,355030,SAO PAULO,1,,,2025,19,0
M,1,29,22,29/05/2025,SP,355030,SAO PAULO,,3,,2025,22,1
M,1,66,19,10/05/2025,SP,355030,SAO PAULO,,1,,2025,19,1
F,1,1,50,13/12/2025,SP,355030,SAO PAULO,1,3,,2025,50,1
F,4,58,18,03/05/2025,SP,355030,SAO PAULO,1,,,2025,18,0
F,4,61,20,14/05/2025,SP,355030,SAO PAULO,1,1,,2025,20,1
F,9,87,18,28/04/2025,SP,355030,SAO PAULO,1,1,,2025,18,1
F,4,10,18,27/04/2025,SP,355030,SAO PAULO,,1,,2025,18,1
M,1,63,15,08/04/2025,SP,355030,SAO PAULO,1,3,,2025,15,1
M,4,1,47,19/11/2025,SP,355030,SAO PAULO,1,6,H3,2025,47,1
M,1,63,39,21/09/2025,SP,355030,SAO PAULO,1,3,,2025,39,1
F,1,5,02,09/01/2025,SP,355030,SAO PAULO,1,3,,2025,2,1
M,4,1,41,10/10/2025,SP,355030,SAO PAULO,1,,,2025,41,0
F,1,66,19,04/05/2025,SP,355030,SAO PAULO,1,,,2025,19,0
F,1,1,47,21/11/2025,SP,355030,SAO PAULO,1,2,,2025,47,1
M,4,7,19,07/05/2025,SP,355030,SAO PAULO,1,,,2025,19,0
F,1,9,27,04/07/2025,SP,355030,SAO PAULO,1,,,2025,27,0
M,1,11,37,07/09/2025,SP,355030,SAO PAULO,1,,,2025,37,0
F,1,6,19,10/05/2025,SP,355030,SAO PAULO,1,,,2025,19,0
F,9,5,16,15/04/2025,SP,355030,SAO PAULO,1,,,2025,16,0
M,1,91,18,27/04/2025,SP,355030,SAO PAULO,,,,2025,18,0
F,9,9,42,14/10/2025,SP,355030,SAO PAULO,1,2,,2025,42,1
M,1,4,22,29/05/2025,SP,355030,SAO PAULO,1,3,,2025,22,1
M,4,10,50,10/12/2025,SP,355030,SAO PAULO,1,,,2025,50,0
F,9,56,20,13/05/2025,SP,355030,SAO PAULO,1,,,2025,20,0
F,1,68,43,25/10/2025,SP,355030,SAO PAULO,1,3,,2025,43,1
M,9,64,18,30/04/2025,SP,355030,SAO PAULO,1,3,,2025,18,1
F,1,58,25,18/06/2025,SP,355030,SAO PAULO,1,3,,2025,25,1
F,4,62,10,03/03/2025,SP,355030,SAO PAULO,1,1,,2025,10,1
M,9,6,43,21/10/2025,SP,355030,SAO PAULO,1,1,,2025,43,1
F,1,58,42,14/10/2025,SP,355030,SAO PAULO,1,6,INFLUENZA A SAZONAL /H3,2025,42,1
F,9,87,09,24/02/2025,SP,355030,SAO PAULO,,3,,2025,9,1
F,4,59,44,31/10/2025,SP,355030,SAO PAULO,1,3,,2025,44,1
M,4,4,43,23/10/2025,SP,355030,SAO PAULO,1,,,2025,43,0
F,1,68,16,17/04/2025,SP,355030,SAO PAULO,1,3,,2025,16,1
M,1,2,41,07/10/2025,SP,355030,SAO PAULO,1,6,H3,2025,41,1
F,1,80,45,03/11/2025,SP,355030,SAO PAULO,1,,,2025,45,0
F,1,80,27,01/07/2025,SP,355030,SAO PAULO,1,3,,2025,27,1
F,1,58,13,28/03/2025,SP,355030,SAO PAULO,1,3,,2025,13,1
F,1,54,11,10/03/2025,SP,355030,SAO PAULO,1,3,,2025,11,1
F,1,72,44,27/10/2025,SP,355030,SAO PAULO,1,3,,2025,44,1
F,2,52,20,11/05/2025,SP,355030,SAO PAULO,1,,,2025,20,0
F,1,59,36,05/09/2025,SP,355030,SAO PAULO,1,2,,2025,36,1
M,1,84,21,20/05/2025,SP,355030,SAO PAULO,1,1,,2025,21,1
M,4,81,20,13/05/2025,SP,355030,SAO PAULO,1,1,,2025,20,1
M,1,78,18,30/04/2025,SP,355030,SAO PAULO,1,3,,2025,18,1
F,1,46,12,18/03/2025,SP,355030,SAO PAULO,1,1,,2025,12,1
F,1,6,43,25/10/2025,SP,355030,SAO PAULO,1,2,,2025,43,1
F,1,45,21,23/05/2025,SP,355030,SAO PAULO,1,3,,2025,21,1
F,1,93,21,24/05/2025,SP,355030,SAO PAULO,1,3,,2025,21,1
F,1,44,44,01/11/2025,SP,355030,SAO PAULO,1,3,,2025,44,1
M,1,75,25,18/06/2025,SP,355030,SAO PAULO,1,,,2025,25,0
F,1,78,25,15/06/2025,SP,355030,SAO PAULO,1,3,,2025,25,1
M,1,75,18,27/04/2025,SP,355030,SAO PAULO,1,,,2025,18,0
F,1,49,21,21/05/2025,SP,355030,SAO PAULO,1,1,,2025,21,1
F,1,88,18,29/04/2025,SP,355030,SAO PAULO,,1,,2025,18,1
M,1,45,16,15/04/2025,SP,355030,SAO PAULO,1,3,,2025,16,1
M,1,47,42,13/10/2025,SP,355030,SAO PAULO,1,3,,2025,42,1
F,2,82,15,08/04/2025,SP,355030,SAO PAULO,1,,,2025,15,0
F,1,73,27,05/07/2025,SP,355030,SAO PAULO,1,1,,2025,27,1
M,4,38,18,28/04/2025,SP,355030,SAO PAULO,1,,,2025,18,0
F,1,40,16,15/04/2025,SP,355030,SAO PAULO,1,,,2025,16,0
F,1,37,14,04/04/2025,SP,355030,SAO PAULO,1,,,2025,14,0
F,1,41,16,18/04/2025,SP,355030,SAO PAULO,1,1,,2025,16,1
M,1,76,27,04/07/2025,SP,355030,SAO PAULO,1,,,2025,27,0
F,4,34,21,24/05/2025,SP,355030,SAO PAULO,1,,,2025,21,0
M,1,36,45,02/11/2025,SP,355030,SAO PAULO,1,,,2025,45,0
F,1,30,13,28/03/2025,SP,355030,SAO PAULO,1,1,,2025,13,1
F,1,31,46,13/11/2025,SP,355030,SAO PAULO,1,,,2025,46,0
F,1,28,22,29/05/2025,SP,355030,SAO PAULO,1,,,2025,22,0
M,2,16,30,20/07/2025,SP,355030,SAO PAULO,1,,,2025,30,0
F,4,25,14,05/04/2025,SP,355030,SAO PAULO,1,,,2025,14,0
F,1,11,48,23/11/2025,SP,355030,SAO PAULO,,,,2025,48,0
F,1,54,02,07/01/2025,SP,355030,SAO PAULO,1,3,,2025,2,1
F,4,25,41,08/10/2025,SP,355030,SAO PAULO,1,,,2025,41,0
F,1,9,18,03/05/2025,SP,355030,SAO PAULO,1,1,,2025,18,1
M,4,9,47,21/11/2025,SP,355030,SAO PAULO,1,6,H3,2025,47,1
M,1,8,42,12/10/2025,SP,355030,SAO PAULO,1,,,2025,42,0
F,1,9,42,16/10/2025,SP,355030,SAO PAULO,1,,,2025,42,0
M,4,18,46,13/11/2025,SP,355030,SAO PAULO,1,,,2025,46,0
F,1,58,15,12/04/2025,SP,355030,SAO PAULO,9,3,,2025,15,1
M,1,6,21,22/05/2025,SP,355030,SAO PAULO,1,1,,2025,21,1
M,1,5,04,22/01/2025,SP,355030,SAO PAULO,1,3,,2025,4,1
F,1,81,07,13/02/2025,SP,355030,SAO PAULO,1,3,,2025,7,1
F,1,14,18,03/05/2025,SP,355030,SAO PAULO,1,1,,2025,18,1
M,4,82,01,01/01/2025,SP,355030,SAO PAULO,1,,,2025,1,0
M,1,4,18,03/05/2025,SP,355030,SAO PAULO,1,3,,2025,18,1
M,1,4,19,09/05/2025,SP,355030,SAO PAULO,1,3,,2025,19,1
M,1,3,21,23/05/2025,SP,355030,SAO PAULO,1,3,,2025,21,1
F,2,4,41,09/10/2025,SP,355030,SAO PAULO,1,2,,2025,41,1
F,1,4,45,04/11/2025,SP,355030,SAO PAULO,1,4,,2025,45,1
M,1,2,25,18/06/2025,SP,355030,SAO PAULO,1,2,,2025,25,1
M,4,2,44,01/11/2025,SP,355030,SAO PAULO,1,,,2025,44,0
F,9,1,14,04/04/2025,SP,355030,SAO PAULO,1,,,2025,14,0
F,1,1,17,24/04/2025,SP,355030,SAO PAULO,1,3,,2025,17,1
F,1,22,45,02/11/2025,SP,355030,SAO PAULO,1,3,,2025,45,1
F,1,78,22,25/05/2025,SP,355030,SAO PAULO,1,3,,2025,22,1
M,1,73,49,04/12/2025,SP,355030,SAO PAULO,,,,2025,49,0
M,4,72,15,12/04/2025,SP,355030,SAO PAULO,1,3,,2025,15,1
F,1,74,07,09/02/2025,SP,355030,SAO PAULO,1,3,,2025,7,1
M,4,72,25,16/06/2025,SP,355030,SAO PAULO,1,1,,2025,25,1
F,1,92,22,29/05/2025,SP,355030,SAO PAULO,1,1,,2025,22,1
F,1,66,23,03/06/2025,SP,355030,SAO PAULO,1,1,,2025,23,1
M,1,74,16,15/04/2025,SP,355030,SAO PAULO,1,1,,2025,16,1
I,1,61,07,10/02/2025,SP,355030,SAO PAULO,9,,,2025,7,0
M,1,81,07,10/02/2025,SP,355030,SAO PAULO,1,,,2025,7,0
M,2,37,18,28/04/2025,SP,355030,SAO PAULO,1,,,2025,18,0
M,1,5,19,08/05/2025,SP,355030,SAO PAULO,,1,,2025,19,1
F,9,88,22,31/05/2025,SP,355030,SAO PAULO,1,1,,2025,22,1
F,9,2,03,16/01/2025,SP,355030,SAO PAULO,,,,2025,3,0
F,1,11,14,05/04/2025,SP,355030,SAO PAULO,1,1,,2025,14,1
M,4,8,35,27/08/2025,SP,355030,SAO PAULO,1,2,,2025,35,1
F,1,68,21,20/05/2025,SP,355030,SAO PAULO,1,3,,2025,21,1
M,4,91,03,17/01/2025,SP,355030,SAO PAULO,1,,,2025,3,0
F,3,69,21,19/05/2025,SP,355030,SAO PAULO,1,,,2025,21,0
M,1,45,40,02/10/2025,SP,355030,SAO PAULO,1,2,,2025,40,1
M,1,1,19,05/05/2025,SP,355030,SAO PAULO,1,,,2025,19,0
M,4,36,34,20/08/2025,SP,355030,SAO PAULO,1,2,,2025,34,1
F,4,75,22,31/05/2025,SP,355030,SAO PAULO,1,3,,2025,22,1
M,4,1,43,25/10/2025,SP,355030,SAO PAULO,1,,,2025,43,0
M,1,86,17,20/04/2025,SP,355030,SAO PAULO,,3,,2025,17,1
M,4,1,30,20/07/2025,SP,355030,SAO PAULO,1,,,2025,30,0
M,1,86,42,15/10/2025,SP,355030,SAO PAULO,1,2,,2025,42,1
M,4,1,40,02/10/2025,SP,355030,SAO PAULO,1,,,2025,40,0
M,1,11,21,24/05/2025,SP,355030,SAO PAULO,1,,,2025,21,0
F,1,62,16,17/04/2025,SP,355030,SAO PAULO,1,3,,2025,16,1
M,1,84,07,10/02/2025,SP,355030,SAO PAULO,,3,,2025,7,1
M,4,8,16,16/04/2025,SP,355030,SAO PAULO,1,,,2025,16,0
F,4,70,47,17/11/2025,SP,355030,SAO PAULO,1,3,,2025,47,1
M,1,61,21,19/05/2025,SP,355030,SAO PAULO,1,3,,2025,21,1
F,4,7,21,23/05/2025,SP,355030,SAO PAULO,1,,,2025,21,0
F,3,58,15,09/04/2025,SP,355030,SAO PAULO,1,3,,2025,15,1
F,4,89,18,03/05/2025,SP,355030,SAO PAULO,1,1,,2025,18,1
M,1,59,41,11/10/2025,SP,355030,SAO PAULO,1,3,,2025,41,1
M,4,86,21,23/05/2025,SP,355030,SAO PAULO,1,3,,2025,21,1
F,2,56,23,02/06/2025,SP,355030,SAO PAULO,1,3,,2025,23,1
F,4,3,19,06/05/2025,SP,355030,SAO PAULO,1,,,2025,19,0
F,4,90,23,03/06/2025,SP,355030,SAO PAULO,1,3,,2025,23,1
F,1,76,39,25/09/2025,SP,355030,SAO PAULO,1,3,,2025,39,1
F,1,69,23,06/06/2025,SP,355030,SAO PAULO,1,,,2025,23,0
F,4,5,38,19/09/2025,SP,355030,SAO PAULO,1,,,2025,38,0
M,4,2,26,27/06/2025,SP,355030,SAO PAULO,1,,,2025,26,0
M,9,81,43,22/10/2025,SP,355030,SAO PAULO,1,,,2025,43,0
M,4,19,22,30/05/2025,SP,355030,SAO PAULO,1,,,2025,22,0
F,4,86,19,08/05/2025,SP,355030,SAO PAULO,1,,,2025,19,0
F,4,81,19,08/05/2025,SP,355030,SAO PAULO,1,,,2025,19,0
F,9,53,16,13/04/2025,SP,355030,SAO PAULO,1,3,,2025,16,1
F,9,52,19,10/05/2025,SP,355030,SAO PAULO,1,3,,2025,19,1
M,4,53,21,22/05/2025,SP,355030,SAO PAULO,1,,,2025,21,0
F,1,54,14,04/04/2025,SP,355030,SAO PAULO,1,,,2025,14,0
F,9,89,04,23/01/2025,SP,355030,SAO PAULO,,,,2025,4,0
M,9,87,28,08/07/2025,SP,355030,SAO PAULO,1,4,,2025,28,1
F,9,88,22,26/05/2025,SP,355030,SAO PAULO,1,,,2025,22,0
F,9,96,18,28/04/2025,SP,355030,SAO PAULO,1,3,,2025,18,1
M,1,60,18,02/05/2025,SP,355030,SAO PAULO,1,,,2025,18,0
M,1,42,15,11/04/2025,SP,355030,SAO PAULO,1,3,,2025,15,1
F,1,83,06,05/02/2025,SP,355030,SAO PAULO,1,1,,2025,6,1
F,1,11,48,28/11/2025,SP,355030,SAO PAULO,1,2,,2025,48,1
F,1,51,13,24/03/2025,SP,355030,SAO PAULO,1,1,,2025,13,1
F,9,48,19,07/05/2025,SP,355030,SAO PAULO,1,1,,2025,19,1
M,1,42,08,22/02/2025,SP,355030,SAO PAULO,1,3,,2025,8,1
M,1,43,20,12/05/2025,SP,355030,SAO PAULO,1,3,,2025,20,1
F,4,45,45,04/11/2025,SP,355030,SAO PAULO,1,3,,2025,45,1
F,4,78,45,03/11/2025,SP,355030,SAO PAULO,1,1,,2025,45,1
F,2,57,39,25/09/2025,SP,355030,SAO PAULO,1,4,,2025,39,1
F,1,98,49,05/12/2025,SP,355030,SAO PAULO,1,2,,2025,49,1
F,1,37,47,16/11/2025,SP,355030,SAO PAULO,1,,,2025,47,0
M,9,78,24,08/06/2025,SP,355030,SAO PAULO,,,,2025,24,0
F,1,32,45,08/11/2025,SP,355030,SAO PAULO,1,,,2025,45,0
F,4,29,29,15/07/2025,SP,355030,SAO PAULO,1,,,2025,29,0
F,1,12,40,03/10/2025,SP,355030,SAO PAULO,1,3,,2025,40,1
M,1,8,07,10/02/2025,SP,355030,SAO PAULO,1,1,,2025,7,1
F,1,24,15,11/04/2025,SP,355030,SAO PAULO,1,,,2025,15,0
M,1,8,15,12/04/2025,SP,355030,SAO PAULO,,3,,2025,15,1
M,1,75,09,24/02/2025,SP,355030,SAO PAULO,,3,,2025,9,1
F,1,8,42,15/10/2025,SP,355030,SAO PAULO,1,3,,2025,42,1
F,4,12,40,03/10/2025,SP,355030,SAO PAULO,1,3,,2025,40,1
F,4,7,40,29/09/2025,SP,355030,SAO PAULO,1,2,,2025,40,1
F,1,18,21,20/05/2025,SP,355030,SAO PAULO,1,,,2025,21,0
M,2,84,23,03/06/2025,SP,355030,SAO PAULO,1,3,,2025,23,1
M,1,6,42,13/10/2025,SP,355030,SAO PAULO,1,,,2025,42,0
F,9,6,44,01/11/2025,SP,355030,SAO PAULO,1,1,,2025,44,1
F,9,96,19,09/05/2025,SP,355030,SAO PAULO,1,1,,2025,19,1
M,1,6,20,15/05/2025,SP,355030,SAO PAULO,1,,,2025,20,0
M,9,5,17,26/04/2025,SP,355030,SAO PAULO,1,1,,2025,17,1
M,1,5,36,05/09/2025,SP,355030,SAO PAULO,1,2,,2025,36,1
M,1,5,50,12/12/2025,SP,355030,SAO PAULO,1,1,,2025,50,1
F,1,5,20,15/05/2025,SP,355030,SAO PAULO,1,3,,2025,20,1
F,2,4,17,26/04/2025,SP,355030,SAO PAULO,1,,,2025,17,0
M,4,5,47,19/11/2025,SP,355030,SAO PAULO,,,,2025,47,0
F,1,4,20,12/05/2025,SP,355030,SAO PAULO,,1,,2025,20,1
F,9,4,17,24/04/2025,SP,355030,SAO PAULO,1,1,,2025,17,1
M,9,3,18,28/04/2025,SP,355030,SAO PAULO,1,1,,2025,18,1
M,4,3,35,26/08/2025,SP,355030,SAO PAULO,1,,,2025,35,0
F,1,2,17,22/04/2025,SP,355030,SAO PAULO,1,,,2025,17,0
F,9,34,40,03/10/2025,SP,355030,SAO PAULO,1,,,2025,40,0
M,4,2,15,08/04/2025,SP,355030,SAO PAULO,1,,,2025,15,0
M,1,2,15,11/04/2025,SP,355030,SAO PAULO,1,,,2025,15,0
M,9,2,33,16/08/2025,SP,355030,SAO PAULO,9,2,,2025,33,1
F,4,1,21,21/05/2025,SP,355030,SAO PAULO,1,,,2025,21,0
M,1,71,21,24/05/2025,SP,355030,SAO PAULO,1,1,,2025,21,1
M,4,73,40,01/10/2025,SP,355030,SAO PAULO,1,,,2025,40,0
F,4,90,48,26/11/2025,SP,355030,SAO PAULO,1,,,2025,48,0
F,4,77,21,23/05/2025,SP,355030,SAO PAULO,1,1,,2025,21,1
M,4,75,17,25/04/2025,SP,355030,SAO PAULO,1,,,2025,17,0
F,9,78,13,23/03/2025,SP,355030,SAO PAULO,1,,,2025,13,0
M,4,50,24,09/06/2025,SP,355030,SAO PAULO,1,,,2025,24,0
M,4,75,16,15/04/2025,SP,355030,SAO PAULO,1,3,,2025,16,1
M,1,66,23,04/06/2025,SP,355030,SAO PAULO,1,,,2025,23,0
F,1,69,21,22/05/2025,SP,355030,SAO PAULO,1,1,,2025,21,1
F,4,67,20,17/05/2025,SP,355030,SAO PAULO,1,,,2025,20,0
M,1,78,30,20/07/2025,SP,355030,SAO PAULO,1,3,,2025,30,1
F,4,2,21,18/05/2025,SP,355030,SAO PAULO,1,,,2025,21,0
M,9,78,20,13/05/2025,SP,355030,SAO PAULO,,,,2025,20,0
M,4,5,38,18/09/2025,SP,355030,SAO PAULO,1,2,,2025,38,1
F,9,89,49,02/12/2025,SP,355030,SAO PAULO,,,,2025,49,0
M,1,15,48,29/11/2025,SP,355030,SAO PAULO,1,2,,2025,48,1
M,4,75,22,26/05/2025,SP,355030,SAO PAULO,1,,,2025,22,0
M,1,2,46,10/11/2025,SP,355030,SAO PAULO,1,3,,2025,46,1
M,9,86,20,13/05/2025,SP,355030,SAO PAULO,1,1,,2025,20,1
F,1,67,17,24/04/2025,SP,355030,SAO PAULO,,3,,2025,17,1
F,4,1,19,05/05/2025,SP,355030,SAO PAULO,1,,,2025,19,0
M,1,60,22,29/05/2025,SP,355030,SAO PAULO,1,,,2025,22,0
M,1,86,22,28/05/2025,SP,355030,SAO PAULO,1,1,,2025,22,1
F,1,98,18,02/05/2025,SP,355030,SAO PAULO,1,,,2025,18,0
F,1,88,19,06/05/2025,SP,355030,SAO PAULO,1,4,,2025,19,1
F,1,0,07,11/02/2025,SP,355030,SAO PAULO,1,,,2025,7,0
M,1,1,21,20/05/2025,SP,355030,SAO PAULO,,3,,2025,21,1
M,4,64,24,08/06/2025,SP,355030,SAO PAULO,1,1,,2025,24,1
M,9,88,41,05/10/2025,SP,355030,SAO PAULO,,3,,2025,41,1
M,1,1,40,30/09/2025,SP,355030,SAO PAULO,1,,,2025,40,0
F,2,70,29,17/07/2025,SP,355030,SAO PAULO,1,,,2025,29,0
M,9,1,44,27/10/2025,SP,355030,SAO PAULO,1,3,,2025,44,1
F,1,61,44,27/10/2025,SP,355030,SAO PAULO,1,,,2025,44,0
M,1,8,18,02/05/2025,SP,355030,SAO PAULO,,1,,2025,18,1
M,9,90,18,02/05/2025,SP,355030,SAO PAULO,1,3,,2025,18,1
M,4,1,40,01/10/2025,SP,355030,SAO PAULO,1,3,,2025,40,1
F,1,7,20,17/05/2025,SP,355030,SAO PAULO,1,,,2025,20,0
M,1,1,44,29/10/2025,SP,355030,SAO PAULO,1,,,2025,44,0
F,4,11,43,22/10/2025,SP,355030,SAO PAULO,1,2,,2025,43,1
F,1,77,19,08/05/2025,SP,355030,SAO PAULO,1,,,2025,19,0
M,4,7,29,18/07/2025,SP,355030,SAO PAULO,1,1,,2025,29,1
M,4,8,39,21/09/2025,SP,355030,SAO PAULO,1,,,2025,39,0
M,9,84,21,21/05/2025,SP,355030,SAO PAULO,1,,,2025,21,0
F,1,77,17,24/04/2025,SP,355030,SAO PAULO,,,,2025,17,0
F,4,6,38,15/09/2025,SP,355030,SAO PAULO,1,2,,2025,38,1
M,4,35,15,12/04/2025,SP,355030,SAO PAULO,1,,,2025,15,0
F,4,68,43,24/10/2025,SP,355030,SAO PAULO,1,3,,2025,43,1
M,4,57,20,13/05/2025,SP,355030,SAO PAULO,1,2,,2025,20,1
F,1,35,44,01/11/2025,SP,355030,SAO PAULO,1,2,,2025,44,1
F,1,75,30,24/07/2025,SP,355030,SAO PAULO,1,1,,2025,30,1
F,4,4,42,13/10/2025,SP,355030,SAO PAULO,1,2,,2025,42,1
F,4,3,44,30/10/2025,SP,355030,SAO PAULO,1,,,2025,44,0
F,1,3,36,03/09/2025,SP,355030,SAO PAULO,1,2,,2025,36,1
M,1,98,27,02/07/2025,SP,355030,SAO PAULO,,,,2025,27,0
M,4,2,40,03/10/2025,SP,355030,SAO PAULO,1,,,2025,40,0
M,1,1,41,06/10/2025,SP,355030,SAO PAULO,1,3,,2025,41,1
F,4,65,17,21/04/2025,SP,355030,SAO PAULO,1,,,2025,17,0
F,2,55,27,02/07/2025,SP,355030,SAO PAULO,1,,,2025,27,0
F,4,100,44,27/10/2025,SP,355030,SAO PAULO,1,,,2025,44,0
F,4,31,43,20/10/2025,SP,355030,SAO PAULO,1,,,2025,43,0
F,4,52,15,07/04/2025,SP,355030,SAO PAULO,1,,,2025,15,0
F,1,57,15,12/04/2025,SP,355030,SAO PAULO,1,3,,2025,15,1
F,4,85,15,09/04/2025,SP,355030,SAO PAULO,1,3,,2025,15,1
F,9,56,17,21/04/2025,SP,355030,SAO PAULO,1,,,2025,17,0
F,4,87,24,11/06/2025,SP,355030,SAO PAULO,1,,,2025,24,0
F,1,79,17,20/04/2025,SP,355030,SAO PAULO,9,,,2025,17,0
F,4,86,19,09/05/2025,SP,355030,SAO PAULO,1,,,2025,19,0
F,1,82,18,03/05/2025,SP,355030,SAO PAULO,1,,,2025,18,0
M,2,22,16,16/04/2025,SP,355030,SAO PAULO,1,5,,2025,16,1
F,9,53,24,13/06/2025,SP,355030,SAO PAULO,1,3,,2025,24,1
M,2,52,21,19/05/2025,SP,355030,SAO PAULO,1,,,2025,21,0
F,1,70,48,29/11/2025,SP,355030,SAO PAULO,1,3,,2025,48,1
M,1,65,18,03/05/2025,SP,355030,SAO PAULO,9,1,,2025,18,1
M,1,48,42,14/10/2025,SP,355030,SAO PAULO,1,,,2025,42,0
M,1,76,21,19/05/2025,SP,355030,SAO PAULO,1,1,,2025,21,1
F,9,71,15,09/04/2025,SP,355030,SAO PAULO,1,,,2025,15,0
M,4,18,15,11/04/2025,SP,355030,SAO PAULO,1,4,,2025,15,1
F,4,72,19,08/05/2025,SP,355030,SAO PAULO,1,1,,2025,19,1
M,1,64,19,08/05/2025,SP,355030,SAO PAULO,1,,,2025,19,0
F,9,78,19,09/05/2025,SP,355030,SAO PAULO,1,3,,2025,19,1
F,1,80,41,08/10/2025,SP,355030,SAO PAULO,1,2,,2025,41,1
F,1,49,01,03/01/2026,SP,355030,SAO PAULO,,3,,2026,1,1
F,1,79,20,14/05/2025,SP,355030,SAO PAULO,1,1,,2025,20,1
F,1,69,16,16/04/2025,SP,355030,SAO PAULO,1,,,2025,16,0
F,1,49,06,05/02/2025,SP,355030,SAO PAULO,1,6,RESULTADO SEM SUBTIPO,2025,6,1
M,4,63,21,18/05/2025,SP,355030,SAO PAULO,1,1,,2025,21,1
M,1,44,19,08/05/2025,SP,355030,SAO PAULO,1,,,2025,19,0
F,1,45,25,20/06/2025,SP,355030,SAO PAULO,1,3,,2025,25,1
F,4,90,17,24/04/2025,SP,355030,SAO PAULO,1,,,2025,17,0
F,1,42,26,23/06/2025,SP,355030,SAO PAULO,1,1,,2025,26,1
F,4,40,17,26/04/2025,SP,355030,SAO PAULO,1,,,2025,17,0
F,4,48,16,17/04/2025,SP,355030,SAO PAULO,1,1,,2025,16,1
M,4,79,22,26/05/2025,SP,355030,SAO PAULO,1,,,2025,22,0
M,1,39,23,05/06/2025,SP,355030,SAO PAULO,1,3,,2025,23,1
F,1,45,20,16/05/2025,SP,355030,SAO PAULO,1,,,2025,20,0
M,4,37,43,24/10/2025,SP,355030,SAO PAULO,1,,,2025,43,0
F,1,37,12,16/03/2025,SP,355030,SAO PAULO,1,3,,2025,12,1
F,9,65,18,29/04/2025,SP,355030,SAO PAULO,1,,,2025,18,0
F,4,66,18,03/05/2025,SP,355030,SAO PAULO,1,,,2025,18,0
M,2,73,21,19/05/2025,SP,355030,SAO PAULO,1,3,,2025,21,1
F,9,74,17,26/04/2025,SP,355030,SAO PAULO,,3,,2025,17,1
F,1,25,40,02/10/2025,SP,355030,SAO PAULO,1,3,,2025,40,1
F,9,69,22,28/05/2025,SP,355030,SAO PAULO,1,1,,2025,22,1
M,4,26,18,01/05/2025,SP,355030,SAO PAULO,1,1,,2025,18,1
M,1,11,41,07/10/2025,SP,355030,SAO PAULO,1,,,2025,41,0
F,1,77,20,15/05/2025,SP,355030,SAO PAULO,1,1,,2025,20,1
F,1,7,11,15/03/2025,SP,355030,SAO PAULO,1,,,2025,11,0
F,4,8,43,22/10/2025,SP,355030,SAO PAULO,1,,,2025,43,0
F,2,10,18,01/05/2025,SP,355030,SAO PAULO,1,3,,2025,18,1
F,1,7,46,11/11/2025,SP,355030,SAO PAULO,1,2,,2025,46,1
F,9,12,15,06/04/2025,SP,355030,SAO PAULO,1,,,2025,15,0
F,1,13,18,02/05/2025,SP,355030,SAO PAULO,1,,,2025,18,0
M,9,72,21,22/05/2025,SP,355030,SAO PAULO,,1,,2025,21,1
M,1,5,16,18/04/2025,SP,355030,SAO PAULO,1,3,,2025,16,1
M,1,4,44,01/11/2025,SP,355030,SAO PAULO,1,,,2025,44,0
F,4,4,46,09/11/2025,SP,355030,SAO PAULO,1,,,2025,46,0
M,4,4,30,21/07/2025,SP,355030,SAO PAULO,1,6,H3 SAZONAL,2025,30,1
M,1,4,44,27/10/2025,SP,355030,SAO PAULO,1,,,2025,44,0
F,1,3,01,30/12/2024,SP,355030,SAO PAULO,1,4,,2024,1,1
F,4,3,16,17/04/2025,SP,355030,SAO PAULO,1,,,2025,16,0
F,4,12,20,16/05/2025,SP,355030,SAO PAULO,9,1,,2025,20,1
F,1,2,21,19/05/2025,SP,355030,SAO PAULO,1,1,,2025,21,1
F,4,2,38,15/09/2025,SP,355030,SAO PAULO,1,4,,2025,38,1
F,4,2,21,18/05/2025,SP,355030,SAO PAULO,,3,,2025,21,1
M,1,2,20,11/05/2025,SP,355030,SAO PAULO,,3,,2025,20,1
M,4,2,19,05/05/2025,SP,355030,SAO PAULO,1,3,,2025,19,1
M,4,1,26,24/06/2025,SP,355030,SAO PAULO,1,,,2025,26,0
M,1,74,21,24/05/2025,SP,355030,SAO PAULO,1,,,2025,21,0
F,1,87,19,10/05/2025,SP,355030,SAO PAULO,1,,,2025,19,0
F,1,91,21,23/05/2025,SP,355030,SAO PAULO,1,1,,2025,21,1
M,4,53,23,02/06/2025,SP,355030,SAO PAULO,1,,,2025,23,0
M,4,75,22,25/05/2025,SP,355030,SAO PAULO,1,1,,2025,22,1
F,9,88,46,11/11/2025,SP,355030,SAO PAULO,1,2,,2025,46,1
M,1,71,39,24/09/2025,SP,355030,SAO PAULO,1,3,,2025,39,1
F,1,74,20,11/05/2025,SP,355030,SAO PAULO,1,3,,2025,20,1
F,2,16,38,14/09/2025,SP,355030,SAO PAULO,1,,,2025,38,0
M,4,1,14,31/03/2025,SP,355030,SAO PAULO,1,,,2025,14,0
M,4,75,22,26/05/2025,SP,355030,SAO PAULO,1,,,2025,22,0
F,4,2,21,24/05/2025,SP,355030,SAO PAULO,1,,,2025,21,0
F,9,92,21,24/05/2025,SP,355030,SAO PAULO,,,,2025,21,0
F,4,86,18,03/05/2025,SP,355030,SAO PAULO,1,1,,2025,18,1
M,9,7,35,29/08/2025,SP,355030,SAO PAULO,,,,2025,35,0
F,1,2,38,20/09/2025,SP,355030,SAO PAULO,1,2,,2025,38,1
M,1,8,21,24/05/2025,SP,355030,SAO PAULO,2,1,,2025,21,1
M,1,83,46,14/11/2025,SP,355030,SAO PAULO,1,,,2025,46,0
F,4,1,16,14/04/2025,SP,355030,SAO PAULO,1,,,2025,16,0
M,4,56,21,22/05/2025,SP,355030,SAO PAULO,1,3,,2025,21,1
F,1,92,16,16/04/2025,SP,355030,SAO PAULO,1,1,,2025,16,1
M,1,63,47,16/11/2025,SP,355030,SAO PAULO,1,,,2025,47,0
F,1,68,15,12/04/2025,SP,355030,SAO PAULO,1,1,,2025,15,1
F,2,1,43,21/10/2025,SP,355030,SAO PAULO,1,,,2025,43,0
M,2,41,18,28/04/2025,SP,355030,SAO PAULO,1,1,,2025,18,1
M,9,96,13,26/03/2025,SP,355030,SAO PAULO,1,,,2025,13,0
M,1,63,15,11/04/2025,SP,355030,SAO PAULO,1,,,2025,15,0
M,1,64,19,06/05/2025,SP,355030,SAO PAULO,1,3,,2025,19,1
F,1,63,22,28/05/2025,SP,355030,SAO PAULO,1,3,,2025,22,1
M,1,11,18,03/05/2025,SP,355030,SAO PAULO,1,,,2025,18,0
M,2,61,37,10/09/2025,SP,355030,SAO PAULO,1,2,,2025,37,1
M,4,59,49,04/12/2025,SP,355030,SAO PAULO,1,2,,2025,49,1
F,1,90,34,23/08/2025,SP,355030,SAO PAULO,,3,,2025,34,1
F,1,10,21,23/05/2025,SP,355030,SAO PAULO,,3,,2025,21,1
F,4,9,17,25/04/2025,SP,355030,SAO PAULO,1,,,2025,17,0
M,1,13,11,12/03/2025,SP,355030,SAO PAULO,1,3,,2025,11,1
F,1,9,20,13/05/2025,SP,355030,SAO PAULO,1,,,2025,20,0
F,9,63,43,23/10/2025,SP,355030,SAO PAULO,1,,,2025,43,0
F,4,59,11,13/03/2025,SP,355030,SAO PAULO,9,,,2025,11,0
F,1,1,46,13/11/2025,SP,355030,SAO PAULO,1,,,2025,46,0
F,9,80,21,23/05/2025,SP,355030,SAO PAULO,1,,,2025,21,0
F,1,40,42,16/10/2025,SP,355030,SAO PAULO,1,3,,2025,42,1
F,9,81,20,15/05/2025,SP,355030,SAO PAULO,1,,,2025,20,0
M,1,7,22,30/05/2025,SP,355030,SAO PAULO,1,,,2025,22,0
F,9,70,22,30/05/2025,SP,355030,SAO PAULO,1,,,2025,22,0
F,1,5,22,28/05/2025,SP,355030,SAO PAULO,1,1,,2025,22,1
M,1,1,43,21/10/2025,SP,355030,SAO PAULO,1,6,H3,2025,43,1
F,4,73,34,22/08/2025,SP,355030,SAO PAULO,1,,,2025,34,0
F,1,62,23,03/06/2025,SP,355030,SAO PAULO,1,1,,2025,23,1
F,9,65,26,24/06/2025,SP,355030,SAO PAULO,1,,,2025,26,0
M,2,60,20,12/05/2025,SP,355030,SAO PAULO,1,,,2025,20,0
F,1,80,22,27/05/2025,SP,355030,SAO PAULO,,,,2025,22,0
F,9,97,27,05/07/2025,SP,355030,SAO PAULO,1,3,,2025,27,1
M,1,71,11,15/03/2025,SP,355030,SAO PAULO,1,2,,2025,11,1
M,1,59,22,25/05/2025,SP,355030,SAO PAULO,1,3,,2025,22,1
M,1,3,26,25/06/2025,SP,355030,SAO PAULO,1,,,2025,26,0
M,1,3,24,09/06/2025,SP,355030,SAO PAULO,1,3,,2025,24,1
M,4,8,46,11/11/2025,SP,355030,SAO PAULO,1,3,,2025,46,1
M,1,60,25,17/06/2025,SP,355030,SAO PAULO,1,3,,2025,25,1
F,4,85,21,23/05/2025,SP,355030,SAO PAULO,1,,,2025,21,0
M,4,59,18,01/05/2025,SP,355030,SAO PAULO,1,,,2025,18,0
F,4,75,19,04/05/2025,SP,355030,SAO PAULO,1,3,,2025,19,1
M,4,80,24,08/06/2025,SP,355030,SAO PAULO,1,,,2025,24,0
F,9,87,21,19/05/2025,SP,355030,SAO PAULO,1,3,,2025,21,1
F,1,6,45,08/11/2025,SP,355030,SAO PAULO,1,3,,2025,45,1
M,9,5,46,13/11/2025,SP,355030,SAO PAULO,1,4,,2025,46,1
F,4,61,23,06/06/2025,SP,355030,SAO PAULO,1,1,,2025,23,1
M,4,1,41,06/10/2025,SP,355030,SAO PAULO,1,,,2025,41,0
F,4,54,15,10/04/2025,SP,355030,SAO PAULO,1,,,2025,15,0
F,1,91,22,29/05/2025,SP,355030,SAO PAULO,1,3,,2025,22,1
M,4,53,31,01/08/2025,SP,355030,SAO PAULO,1,3,,2025,31,1
M,1,51,21,23/05/2025,SP,355030,SAO PAULO,1,,,2025,21,0
M,1,57,23,01/06/2025,SP,355030,SAO PAULO,1,3,,2025,23,1
F,4,77,32,05/08/2025,SP,355030,SAO PAULO,,,,2025,32,0
M,4,47,20,12/05/2025,SP,355030,SAO PAULO,9,1,,2025,20,1
F,9,86,20,11/05/2025,SP,355030,SAO PAULO,1,1,,2025,20,1
F,1,49,20,15/05/2025,SP,355030,SAO PAULO,,1,,2025,20,1
F,9,78,20,16/05/2025,SP,355030,SAO PAULO,1,3,,2025,20,1
F,3,85,21,22/05/2025,SP,355030,SAO PAULO,1,,,2025,21,0
M,1,17,24,08/06/2025,SP,355030,SAO PAULO,1,1,,2025,24,1
F,4,78,22,25/05/2025,SP,355030,SAO PAULO,,,,2025,22,0
F,2,74,15,09/04/2025,SP,355030,SAO PAULO,1,,,2025,15,0
F,4,44,18,01/05/2025,SP,355030,SAO PAULO,,,,2025,18,0
F,1,50,25,19/06/2025,SP,355030,SAO PAULO,1,,,2025,25,0
F,9,81,20,14/05/2025,SP,355030,SAO PAULO,1,6,INFLUENZA A H3,2025,20,1
F,1,85,16,18/04/2025,SP,355030,SAO PAULO,1,,,2025,16,0
M,1,84,51,15/12/2025,SP,355030,SAO PAULO,1,2,,2025,51,1
M,1,42,18,02/05/2025,SP,355030,SAO PAULO,1,1,,2025,18,1
F,9,42,18,02/05/2025,SP,355030,SAO PAULO,9,1,,2025,18,1
F,9,76,25,19/06/2025,SP,355030,SAO PAULO,1,,,2025,25,0
F,1,37,21,22/05/2025,SP,355030,SAO PAULO,1,3,,2025,21,1
M,1,39,10,05/03/2025,SP,355030,SAO PAULO,1,,,2025,10,0
F,1,22,48,24/11/2025,SP,355030,SAO PAULO,1,3,,2025,48,1
F,4,34,33,14/08/2025,SP,355030,SAO PAULO,1,3,,2025,33,1
M,1,91,16,15/04/2025,SP,355030,SAO PAULO,1,3,,2025,16,1
M,1,16,42,12/10/2025,SP,355030,SAO PAULO,1,3,,2025,42,1
F,4,27,19,10/05/2025,SP,355030,SAO PAULO,1,,,2025,19,0
F,1,25,22,28/05/2025,SP,355030,SAO PAULO,1,,,2025,22,0
M,9,72,25,18/06/2025,SP,355030,SAO PAULO,1,3,,2025,25,1
M,1,76,52,22/12/2025,SP,355030,SAO PAULO,1,3,,2025,52,1
M,4,10,17,21/04/2025,SP,355030,SAO PAULO,1,,,2025,17,0
M,1,13,44,27/10/2025,SP,355030,SAO PAULO,1,,,2025,44,0
F,1,9,22,27/05/2025,SP,355030,SAO PAULO,,,,2025,22,0
M,1,10,50,07/12/2025,SP,355030,SAO PAULO,1,4,,2025,50,1
F,4,9,44,26/10/2025,SP,355030,SAO PAULO,1,,,2025,44,0
F,4,8,21,20/05/2025,SP,355030,SAO PAULO,1,,,2025,21,0
M,4,9,44,01/11/2025,SP,355030,SAO PAULO,1,,,2025,44,0
F,2,12,10,04/03/2025,SP,355030,SAO PAULO,1,3,,2025,10,1
F,4,21,52,23/12/2025,SP,355030,SAO PAULO,1,3,,2025,52,1
M,1,6,21,24/05/2025,SP,355030,SAO PAULO,1,,,2025,21,0
M,4,54,18,03/05/2025,SP,355030,SAO PAULO,1,,,2025,18,0
F,4,6,14,30/03/2025,SP,355030,SAO PAULO,1,3,,2025,14,1
M,1,58,09,23/02/2025,SP,355030,SAO PAULO,1,3,,2025,9,1
M,9,75,20,11/05/2025,SP,355030,SAO PAULO,1,,,2025,20,0
M,1,3,17,24/04/2025,SP,355030,SAO PAULO,1,,,2025,17,0
F,1,3,39,23/09/2025,SP,355030,SAO PAULO,1,3,,2025,39,1
M,1,3,22,25/05/2025,SP,355030,SAO PAULO,,1,,2025,22,1
M,1,66,18,01/05/2025,SP,355030,SAO PAULO,1,,,2025,18,0
F,1,3,42,15/10/2025,SP,355030,SAO PAULO,1,,,2025,42,0
M,1,69,21,23/05/2025,SP,355030,SAO PAULO,1,1,,2025,21,1
M,1,77,15,10/04/2025,SP,355030,SAO PAULO,1,3,,2025,15,1
M,1,71,19,05/05/2025,SP,355030,SAO PAULO,1,3,,2025,19,1
M,4,84,24,11/06/2025,SP,355030,SAO PAULO,1,1,,2025,24,1
M,1,2,17,26/04/2025,SP,355030,SAO PAULO,1,,,2025,17,0
M,9,71,49,02/12/2025,SP,355030,SAO PAULO,1,,,2025,49,0
M,1,77,43,19/10/2025,SP,355030,SAO PAULO,1,,,2025,43,0
M,4,78,43,22/10/2025,SP,355030,SAO PAULO,1,6,H3,2025,43,1
M,1,73,39,23/09/2025,SP,355030,SAO PAULO,1,1,,2025,39,1
F,9,69,03,18/01/2025,SP,355030,SAO PAULO,1,1,,2025,3,1
F,1,95,25,17/06/2025,SP,355030,SAO PAULO,1,1,,2025,25,1
M,4,90,44,31/10/2025,SP,355030,SAO PAULO,1,2,,2025,44,1
F,9,76,16,18/04/2025,SP,355030,SAO PAULO,1,1,,2025,16,1
M,9,67,18,30/04/2025,SP,355030,SAO PAULO,1,,,2025,18,0
M,4,76,26,27/06/2025,SP,355030,SAO PAULO,1,,,2025,26,0
M,4,11,21,20/05/2025,SP,355030,SAO PAULO,1,3,,2025,21,1
F,9,12,43,22/10/2025,SP,355030,SAO PAULO,,,,2025,43,0
M,9,46,22,31/05/2025,SP,355030,SAO PAULO,,,,2025,22,0
F,9,8,15,10/04/2025,SP,355030,SAO PAULO,,1,,2025,15,1
M,1,1,18,29/04/2025,SP,355030,SAO PAULO,,1,,2025,18,1
M,9,1,39,27/09/2025,SP,355030,SAO PAULO,1,2,,2025,39,1
F,9,67,20,16/05/2025,SP,355030,SAO PAULO,9,1,,2025,20,1
F,1,66,21,22/05/2025,SP,355030,SAO PAULO,1,,,2025,21,0
M,9,64,22,29/05/2025,SP,355030,SAO PAULO,1,,,2025,22,0
F,9,64,19,08/05/2025,SP,355030,SAO PAULO,,,,2025,19,0
M,1,1,08,20/02/2025,SP,355030,SAO PAULO,,3,,2025,8,1
F,1,86,20,13/05/2025,SP,355030,SAO PAULO,,,,2025,20,0
F,1,66,43,24/10/2025,SP,355030,SAO PAULO,1,3,,2025,43,1
M,1,84,03,13/01/2025,SP,355030,SAO PAULO,,,,2025,3,0
F,1,66,25,20/06/2025,SP,355030,SAO PAULO,,3,,2025,25,1
F,1,62,37,07/09/2025,SP,355030,SAO PAULO,1,2,,2025,37,1
M,1,80,22,29/05/2025,SP,355030,SAO PAULO,1,3,,2025,22,1
F,1,74,20,12/05/2025,SP,355030,SAO PAULO,1,1,,2025,20,1
M,1,9,20,15/05/2025,SP,355030,SAO PAULO,1,,,2025,20,0
F,1,62,17,22/04/2025,SP,355030,SAO PAULO,1,3,,2025,17,1
M,1,76,14,05/04/2025,SP,355030,SAO PAULO,1,1,,2025,14,1
F,1,1,44,01/11/2025,SP,355030,SAO PAULO,1,2,,2025,44,1
M,9,67,19,10/05/2025,SP,355030,SAO PAULO,1,,,2025,19,0
M,4,6,26,22/06/2025,SP,355030,SAO PAULO,1,,,2025,26,0
M,4,5,22,25/05/2025,SP,355030,SAO PAULO,1,3,,2025,22,1
F,4,59,22,31/05/2025,SP,355030,SAO PAULO,1,3,,2025,22,1
M,4,73,48,24/11/2025,SP,355030,SAO PAULO,1,,,2025,48,0
F,9,68,20,11/05/2025,SP,355030,SAO PAULO,,,,2025,20,0
M,1,4,25,18/06/2025,SP,355030,SAO PAULO,1,3,,2025,25,1
M,4,2,16,17/04/2025,SP,355030,SAO PAULO,1,,,2025,16,0
F,1,1,18,01/05/2025,SP,355030,SAO PAULO,1,1,,2025,18,1
M,4,3,30,22/07/2025,SP,355030,SAO PAULO,1,4,,2025,30,1
F,1,1,19,04/05/2025,SP,355030,SAO PAULO,1,,,2025,19,0
F,4,8,52,22/12/2025,SP,355030,SAO PAULO,1,2,,2025,52,1
M,4,6,43,25/10/2025,SP,355030,SAO PAULO,1,2,,2025,43,1
F,1,7,45,05/11/2025,SP,355030,SAO PAULO,1,,,2025,45,0
M,1,57,52,24/12/2025,SP,355030,SAO PAULO,1,3,,2025,52,1
F,1,78,45,02/11/2025,SP,355030,SAO PAULO,1,3,,2025,45,1
M,4,74,32,04/08/2025,SP,355030,SAO PAULO,1,,,2025,32,0
M,1,5,46,10/11/2025,SP,355030,SAO PAULO,1,2,,2025,46,1
M,1,89,21,24/05/2025,SP,355030,SAO PAULO,1,1,,2025,21,1
M,2,54,09,25/02/2025,SP,355030,SAO PAULO,1,5,,2025,9,1
F,4,74,29,13/07/2025,SP,355030,SAO PAULO,1,2,,2025,29,1
F,1,54,20,13/05/2025,SP,355030,SAO PAULO,,3,,2025,20,1
F,4,66,17,26/04/2025,SP,355030,SAO PAULO,1,,,2025,17,0
M,1,64,11,12/03/2025,SP,355030,SAO PAULO,1,,,2025,11,0
F,1,68,12,22/03/2025,SP,355030,SAO PAULO,1,3,,2025,12,1
F,4,82,01,02/01/2026,SP,355030,SAO PAULO,1,3,,2026,1,1
F,4,79,15,12/04/2025,SP,355030,SAO PAULO,,1,,2025,15,1
M,4,50,17,24/04/2025,SP,355030,SAO PAULO,1,3,,2025,17,1
F,4,73,21,18/05/2025,SP,355030,SAO PAULO,1,,,2025,21,0
M,9,79,21,18/05/2025,SP,355030,SAO PAULO,1,3,,2025,21,1
F,9,77,28,08/07/2025,SP,355030,SAO PAULO,1,,,2025,28,0
F,1,66,16,18/04/2025,SP,355030,SAO PAULO,1,,,2025,16,0
M,4,75,11,14/03/2025,SP,355030,SAO PAULO,1,3,,2025,11,1
F,2,35,25,15/06/2025,SP,355030,SAO PAULO,1,,,2025,25,0
F,4,25,43,23/10/2025,SP,355030,SAO PAULO,1,3,,2025,43,1
M,1,12,21,21/05/2025,SP,355030,SAO PAULO,1,,,2025,21,0
F,4,79,18,30/04/2025,SP,355030,SAO PAULO,1,,,2025,18,0
F,1,95,48,24/11/2025,SP,355030,SAO PAULO,1,2,,2025,48,1
F,9,81,17,24/04/2025,SP,355030,SAO PAULO,,3,,2025,17,1
F,1,46,21,21/05/2025,SP,355030,SAO PAULO,1,3,,2025,21,1
M,4,44,22,31/05/2025,SP,355030,SAO PAULO,1,1,,2025,22,1
F,9,90,13,23/03/2025,SP,355030,SAO PAULO,1,6,,2025,13,1
M,9,45,18,28/04/2025,SP,355030,SAO PAULO,1,3,,2025,18,1
M,9,87,22,27/05/2025,SP,355030,SAO PAULO,1,,,2025,22,0
M,1,45,52,23/12/2025,SP,355030,SAO PAULO,,3,,2025,52,1
M,9,41,20,14/05/2025,SP,355030,SAO PAULO,1,1,,2025,20,1
M,1,94,19,04/05/2025,SP,355030,SAO PAULO,1,4,,2025,19,1
F,1,42,18,27/04/2025,SP,355030,SAO PAULO,1,3,,2025,18,1
F,1,40,13,23/03/2025,SP,355030,SAO PAULO,1,,,2025,13,0
M,1,94,01,30/12/2024,SP,355030,SAO PAULO,1,3,,2024,1,1
M,1,40,42,13/10/2025,SP,355030,SAO PAULO,1,4,,2025,42,1
F,4,76,19,08/05/2025,SP,355030,SAO PAULO,1,,,2025,19,0
M,9,79,16,16/04/2025,SP,355030,SAO PAULO,1,,,2025,16,0
F,4,39,01,01/01/2025,SP,355030,SAO PAULO,,,,2025,1,0
F,1,36,02,11/01/2025,SP,355030,SAO PAULO,1,3,,2025,2,1
F,1,37,45,08/11/2025,SP,355030,SAO PAULO,1,2,,2025,45,1
F,1,36,21,20/05/2025,SP,355030,SAO PAULO,,3,,2025,21,1
F,1,36,18,03/05/2025,SP,355030,SAO PAULO,1,3,,2025,18,1
F,1,35,19,06/05/2025,SP,355030,SAO PAULO,1,3,,2025,19,1
M,1,90,18,30/04/2025,SP,355030,SAO PAULO,1,,,2025,18,0
F,1,29,42,14/10/2025,SP,355030,SAO PAULO,1,3,,2025,42,1
F,1,13,30,23/07/2025,SP,355030,SAO PAULO,1,4,,2025,30,1
M,1,73,18,28/04/2025,SP,355030,SAO PAULO,1,1,,2025,18,1
F,3,80,44,28/10/2025,SP,355030,SAO PAULO,1,2,,2025,44,1
M,4,17,17,22/04/2025,SP,355030,SAO PAULO,1,,,2025,17,0
M,9,10,22,29/05/2025,SP,355030,SAO PAULO,1,,,2025,22,0
F,1,25,15,10/04/2025,SP,355030,SAO PAULO,1,3,,2025,15,1
F,9,22,16,13/04/2025,SP,355030,SAO PAULO,1,3,,2025,16,1
F,4,8,40,01/10/2025,SP,355030,SAO PAULO,1,,,2025,40,0
F,9,7,18,27/04/2025,SP,355030,SAO PAULO,1,,,2025,18,0
M,1,10,44,27/10/2025,SP,355030,SAO PAULO,1,,,2025,44,0
F,1,16,45,02/11/2025,SP,355030,SAO PAULO,1,,,2025,45,0
M,1,72,09,27/02/2025,SP,355030,SAO PAULO,1,,,2025,9,0
F,1,74,22,31/05/2025,SP,355030,SAO PAULO,1,,,2025,22,0
M,1,6,43,19/10/2025,SP,355030,SAO PAULO,1,2,,2025,43,1
F,1,5,21,19/05/2025,SP,355030,SAO PAULO,1,3,,2025,21,1
M,1,5,34,23/08/2025,SP,355030,SAO PAULO,1,,,2025,34,0
F,9,5,38,16/09/2025,SP,355030,SAO PAULO,1,,,2025,38,0
F,1,4,25,18/06/2025,SP,355030,SAO PAULO,1,1,,2025,25,1
M,4,3,26,22/06/2025,SP,355030,SAO PAULO,1,3,,2025,26,1
M,9,3,11,12/03/2025,SP,355030,SAO PAULO,1,3,,2025,11,1
F,4,3,30,21/07/2025,SP,355030,SAO PAULO,1,,,2025,30,0
F,1,4,42,13/10/2025,SP,355030,SAO PAULO,1,3,,2025,42,1
F,1,3,25,20/06/2025,SP,355030,SAO PAULO,1,,,2025,25,0
F,1,2,33,16/08/2025,SP,355030,SAO PAULO,1,2,,2025,33,1
F,9,2,48,29/11/2025,SP,355030,SAO PAULO,1,2,,2025,48,1
M,1,2,19,10/05/2025,SP,355030,SAO PAULO,1,3,,2025,19,1
F,1,2,13,28/03/2025,SP,355030,SAO PAULO,1,2,,2025,13,1
M,1,2,38,17/09/2025,SP,355030,SAO PAULO,1,3,,2025,38,1
M,1,72,14,02/04/2025,SP,355030,SAO PAULO,1,2,,2025,14,1
F,9,77,52,24/12/2025,SP,355030,SAO PAULO,1,1,,2025,52,1
M,3,72,49,03/12/2025,SP,355030,SAO PAULO,,,,2025,49,0
F,9,82,25,16/06/2025,SP,355030,SAO PAULO,1,,,2025,25,0
F,4,75,24,14/06/2025,SP,355030,SAO PAULO,1,,,2025,24,0
M,1,71,19,04/05/2025,SP,355030,SAO PAULO,9,,,2025,19,0
M,9,71,19,04/05/2025,SP,355030,SAO PAULO,1,,,2025,19,0
F,1,69,16,18/04/2025,SP,355030,SAO PAULO,1,1,,2025,16,1
F,9,52,12,17/03/2025,SP,355030,SAO PAULO,1,3,,2025,12,1
F,4,77,03,18/01/2025,SP,355030,SAO PAULO,1,,,2025,3,0
F,1,97,17,22/04/2025,SP,355030,SAO PAULO,1,,,2025,17,0
M,9,32,10,08/03/2025,SP,355030,SAO PAULO,1,,,2025,10,0
M,4,1,19,09/05/2025,SP,355030,SAO PAULO,,3,,2025,19,1
F,4,20,44,26/10/2025,SP,355030,SAO PAULO,1,,,2025,44,0
M,4,73,25,16/06/2025,SP,355030,SAO PAULO,1,,,2025,25,0
M,1,97,15,11/04/2025,SP,355030,SAO PAULO,1,3,,2025,15,1
F,9,80,22,31/05/2025,SP,355030,SAO PAULO,1,,,2025,22,0
M,9,1,21,20/05/2025,SP,355030,SAO PAULO,1,,,2025,21,0
M,1,83,45,05/11/2025,SP,355030,SAO PAULO,,,,2025,45,0
F,9,65,20,13/05/2025,SP,355030,SAO PAULO,1,1,,2025,20,1
M,1,1,33,11/08/2025,SP,355030,SAO PAULO,1,5,,2025,33,1
F,4,1,24,10/06/2025,SP,355030,SAO PAULO,1,3,,2025,24,1
F,4,70,27,30/06/2025,SP,355030,SAO PAULO,,1,,2025,27,1
M,1,65,26,24/06/2025,SP,355030,SAO PAULO,1,,,2025,26,0
M,1,62,16,15/04/2025,SP,355030,SAO PAULO,1,1,,2025,16,1
M,9,61,19,10/05/2025,SP,355030,SAO PAULO,9,1,,2025,19,1
F,1,70,35,28/08/2025,SP,355030,SAO PAULO,,3,,2025,35,1
F,4,8,17,26/04/2025,SP,355030,SAO PAULO,1,,,2025,17,0
F,1,7,21,18/05/2025,SP,355030,SAO PAULO,1,1,,2025,21,1
M,1,1,46,15/11/2025,SP,355030,SAO PAULO,1,2,,2025,46,1
F,1,69,22,30/05/2025,SP,355030,SAO PAULO,1,,,2025,22,0
F,4,0,46,15/11/2025,SP,355030,SAO PAULO,1,3,,2025,46,1
M,1,93,32,06/08/2025,SP,355030,SAO PAULO,,3,,2025,32,1
F,1,65,16,16/04/2025,SP,355030,SAO PAULO,1,3,,2025,16,1
F,1,68,18,01/05/2025,SP,355030,SAO PAULO,1,1,,2025,18,1
F,1,59,21,19/05/2025,SP,355030,SAO PAULO,1,3,,2025,21,1
M,1,62,50,11/12/2025,SP,355030,SAO PAULO,1,,,2025,50,0
M,1,60,23,01/06/2025,SP,355030,SAO PAULO,1,,,2025,23,0
M,2,8,35,26/08/2025,SP,355030,SAO PAULO,,6,INFLUENZA A SAZONAL H3,2025,35,1
F,1,58,24,12/06/2025,SP,355030,SAO PAULO,1,,,2025,24,0
F,1,100,44,29/10/2025,SP,355030,SAO PAULO,1,3,,2025,44,1
F,1,77,17,25/04/2025,SP,355030,SAO PAULO,,,,2025,17,0
M,4,12,33,11/08/2025,SP,355030,SAO PAULO,1,3,,2025,33,1
F,9,58,16,14/04/2025,SP,355030,SAO PAULO,1,,,2025,16,0
M,1,17,44,29/10/2025,SP,355030,SAO PAULO,1,3,,2025,44,1
M,4,3,47,18/11/2025,SP,355030,SAO PAULO,1,2,,2025,47,1
M,4,26,35,27/08/2025,SP,355030,SAO PAULO,1,,,2025,35,0
F,1,59,21,23/05/2025,SP,355030,SAO PAULO,1,3,,2025,21,1
M,1,33,20,15/05/2025,SP,355030,SAO PAULO,1,1,,2025,20,1
F,1,59,30,21/07/2025,SP,355030,SAO PAULO,,,,2025,30,0
F,9,53,21,23/05/2025,SP,355030,SAO PAULO,1,1,,2025,21,1
F,1,56,18,03/05/2025,SP,355030,SAO PAULO,1,,,2025,18,0
M,1,52,11,10/03/2025,SP,355030,SAO PAULO,1,3,,2025,11,1
M,1,6,42,13/10/2025,SP,355030,SAO PAULO,,3,,2025,42,1
F,1,74,44,30/10/2025,SP,355030,SAO PAULO,1,3,,2025,44,1
F,4,88,15,10/04/2025,SP,355030,SAO PAULO,1,,,2025,15,0
M,1,86,42,14/10/2025,SP,355030,SAO PAULO,1,,,2025,42,0
F,2,80,46,15/11/2025,SP,355030,SAO PAULO,1,6,SAZONAL H3,2025,46,1
M,4,48,44,26/10/2025,SP,355030,SAO PAULO,1,,,2025,44,0
F,1,28,18,30/04/2025,SP,355030,SAO PAULO,1,3,,2025,18,1
F,1,77,23,03/06/2025,SP,355030,SAO PAULO,1,3,,2025,23,1
F,1,89,42,18/10/2025,SP,355030,SAO PAULO,1,,,2025,42,0
F,1,48,10,06/03/2025,SP,355030,SAO PAULO,1,3,,2025,10,1
M,1,52,12,19/03/2025,SP,355030,SAO PAULO,1,1,,2025,12,1
M,2,47,47,19/11/2025,SP,355030,SAO PAULO,1,3,,2025,47,1
M,1,43,23,07/06/2025,SP,355030,SAO PAULO,,,,2025,23,0
M,4,42,19,10/05/2025,SP,355030,SAO PAULO,1,3,,2025,19,1
M,1,90,18,27/04/2025,SP,355030,SAO PAULO,1,,,2025,18,0
F,1,45,47,20/11/2025,SP,355030,SAO PAULO,1,3,,2025,47,1
F,1,35,44,31/10/2025,SP,355030,SAO PAULO,1,,,2025,44,0
M,4,41,42,17/10/2025,SP,355030,SAO PAULO,1,3,,2025,42,1
M,1,35,21,20/05/2025,SP,355030,SAO PAULO,1,3,,2025,21,1
F,4,42,25,17/06/2025,SP,355030,SAO PAULO,1,2,,2025,25,1
M,2,39,11,11/03/2025,SP,355030,SAO PAULO,1,1,,2025,11,1
M,4,36,43,25/10/2025,SP,355030,SAO PAULO,1,,,2025,43,0
M,1,75,23,06/06/2025,SP,355030,SAO PAULO,,,,2025,23,0
M,1,72,10,06/03/2025,SP,355030,SAO PAULO,,,,2025,10,0
M,2,41,50,07/12/2025,SP,355030,SAO PAULO,1,6,INFLUENZA A SAZONAL/ H3,2025,50,1
F,1,28,20,11/05/2025,SP,355030,SAO PAULO,1,3,,2025,20,1
M,9,88,23,01/06/2025,SP,355030,SAO PAULO,1,,,2025,23,0
M,9,31,48,23/11/2025,SP,355030,SAO PAULO,9,1,,2025,48,1
M,4,15,38,14/09/2025,SP,355030,SAO PAULO,,6,INFLUENZA A SAZONAL / H3,2025,38,1
F,9,25,06,03/02/2025,SP,355030,SAO PAULO,1,,,2025,6,0
F,1,25,16,19/04/2025,SP,355030,SAO PAULO,1,,,2025,16,0
M,1,24,46,14/11/2025,SP,355030,SAO PAULO,,,,2025,46,0
F,1,12,48,25/11/2025,SP,355030,SAO PAULO,1,3,,2025,48,1
M,4,22,10,05/03/2025,SP,355030,SAO PAULO,,,,2025,10,0
F,4,11,18,28/04/2025,SP,355030,SAO PAULO,1,,,2025,18,0
M,1,8,20,16/05/2025,SP,355030,SAO PAULO,1,3,,2025,20,1
M,4,8,19,09/05/2025,SP,355030,SAO PAULO,1,,,2025,19,0
F,1,7,23,06/06/2025,SP,355030,SAO PAULO,1,,,2025,23,0
M,1,10,12,17/03/2025,SP,355030,SAO PAULO,1,,,2025,12,0
F,1,11,45,02/11/2025,SP,355030,SAO PAULO,1,2,,2025,45,1
F,1,6,40,01/10/2025,SP,355030,SAO PAULO,1,,,2025,40,0
F,4,6,42,12/10/2025,SP,355030,SAO PAULO,1,,,2025,42,0
M,1,5,28,08/07/2025,SP,355030,SAO PAULO,1,,,2025,28,0
F,1,5,34,20/08/2025,SP,355030,SAO PAULO,1,3,,2025,34,1
M,9,5,22,28/05/2025,SP,355030,SAO PAULO,1,1,,2025,22,1
M,9,4,19,06/05/2025,SP,355030,SAO PAULO,1,,,2025,19,0
M,1,4,41,07/10/2025,SP,355030,SAO PAULO,1,,,2025,41,0
M,1,3,23,06/06/2025,SP,355030,SAO PAULO,,5,,2025,23,1
M,4,3,45,03/11/2025,SP,355030,SAO PAULO,,3,,2025,45,1
F,1,3,38,19/09/2025,SP,355030,SAO PAULO,1,4,,2025,38,1
M,1,71,21,18/05/2025,SP,355030,SAO PAULO,1,3,,2025,21,1
M,9,74,23,02/06/2025,SP,355030,SAO PAULO,1,,,2025,23,0
M,4,2,20,15/05/2025,SP,355030,SAO PAULO,,,,2025,20,0
F,4,1,14,05/04/2025,SP,355030,SAO PAULO,1,,,2025,14,0
F,9,41,19,05/05/2025,SP,355030,SAO PAULO,1,1,,2025,19,1
M,4,78,23,05/06/2025,SP,355030,SAO PAULO,1,4,,2025,23,1
M,4,69,17,21/04/2025,SP,355030,SAO PAULO,1,3,,2025,17,1
F,9,73,16,19/04/2025,SP,355030,SAO PAULO,1,1,,2025,16,1
F,1,74,08,20/02/2025,SP,355030,SAO PAULO,1,3,,2025,8,1
M,3,75,17,22/04/2025,SP,355030,SAO PAULO,1,,,2025,17,0
M,9,73,48,26/11/2025,SP,355030,SAO PAULO,1,,,2025,48,0
F,9,68,25,19/06/2025,SP,355030,SAO PAULO,1,3,,2025,25,1
F,9,70,44,01/11/2025,SP,355030,SAO PAULO,1,3,,2025,44,1
F,4,88,19,10/05/2025,SP,355030,SAO PAULO,1,,,2025,19,0
M,4,70,17,21/04/2025,SP,355030,SAO PAULO,1,3,,2025,17,1
F,9,95,29,15/07/2025,SP,355030,SAO PAULO,,,,2025,29,0
M,9,71,15,07/04/2025,SP,355030,SAO PAULO,1,1,,2025,15,1
F,1,67,17,22/04/2025,SP,355030,SAO PAULO,1,3,,2025,17,1
M,1,73,29,17/07/2025,SP,355030,SAO PAULO,1,3,,2025,29,1
F,1,78,18,27/04/2025,SP,355030,SAO PAULO,1,,,2025,18,0
F,2,5,44,01/11/2025,SP,355030,SAO PAULO,1,3,,2025,44,1
M,2,36,21,20/05/2025,SP,355030,SAO PAULO,1,,,2025,21,0
M,4,65,19,06/05/2025,SP,355030,SAO PAULO,1,3,,2025,19,1
M,9,10,51,14/12/2025,SP,355030,SAO PAULO,,,,2025,51,0
M,1,2,46,15/11/2025,SP,355030,SAO PAULO,1,,,2025,46,0
M,2,67,18,01/05/2025,SP,355030,SAO PAULO,1,1,,2025,18,1
F,2,1,04,20/01/2025,SP,355030,SAO PAULO,1,,,2025,4,0
M,1,69,47,16/11/2025,SP,355030,SAO PAULO,1,2,,2025,47,1
M,1,1,34,19/08/2025,SP,355030,SAO PAULO,1,3,,2025,34,1
M,1,1,49,05/12/2025,SP,355030,SAO PAULO,1,2,,2025,49,1
F,1,60,23,04/06/2025,SP,355030,SAO PAULO,1,3,,2025,23,1
M,4,1,16,19/04/2025,SP,355030,SAO PAULO,1,,,2025,16,0
M,1,31,14,30/03/2025,SP,355030,SAO PAULO,1,,,2025,14,0
F,1,67,19,07/05/2025,SP,355030,SAO PAULO,1,5,,2025,19,1
M,9,63,14,03/04/2025,SP,355030,SAO PAULO,1,,,2025,14,0
F,1,73,47,18/11/2025,SP,355030,SAO PAULO,,2,,2025,47,1
F,9,96,23,07/06/2025,SP,355030,SAO PAULO,1,,,2025,23,0
M,9,10,19,08/05/2025,SP,355030,SAO PAULO,1,,,2025,19,0
M,9,61,19,04/05/2025,SP,355030,SAO PAULO,1,3,,2025,19,1
F,4,68,45,04/11/2025,SP,355030,SAO PAULO,1,2,,2025,45,1
F,1,62,19,04/05/2025,SP,355030,SAO PAULO,1,1,,2025,19,1
M,1,60,21,21/05/2025,SP,355030,SAO PAULO,1,3,,2025,21,1
F,4,1,39,25/09/2025,SP,355030,SAO PAULO,1,,,2025,39,0
F,1,66,37,10/09/2025,SP,355030,SAO PAULO,1,5,,2025,37,1
M,1,78,18,01/05/2025,SP,355030,SAO PAULO,1,1,,2025,18,1
M,1,1,49,01/12/2025,SP,355030,SAO PAULO,1,,,2025,49,0
F,4,10,29,16/07/2025,SP,355030,SAO PAULO,1,,,2025,29,0
M,1,7,21,20/05/2025,SP,355030,SAO PAULO,1,,,2025,21,0
F,1,3,01,02/01/2025,SP,355030,SAO PAULO,1,3,,2025,1,1
F,4,1,42,13/10/2025,SP,355030,SAO PAULO,1,3,,2025,42,1
F,9,72,24,10/06/2025,SP,355030,SAO PAULO,1,3,,2025,24,1
M,1,4,16,19/04/2025,SP,355030,SAO PAULO,1,1,,2025,16,1
F,9,80,30,22/07/2025,SP,355030,SAO PAULO,1,3,,2025,30,1
M,4,6,39,22/09/2025,SP,355030,SAO PAULO,1,,,2025,39,0
F,4,5,27,02/07/2025,SP,355030,SAO PAULO,1,,,2025,27,0
F,4,25,46,10/11/2025,SP,355030,SAO PAULO,1,3,,2025,46,1
F,1,63,20,12/05/2025,SP,355030,SAO PAULO,1,3,,2025,20,1
M,9,63,24,12/06/2025,SP,355030,SAO PAULO,1,1,,2025,24,1
F,4,93,15,08/04/2025,SP,355030,SAO PAULO,1,,,2025,15,0
M,1,6,44,28/10/2025,SP,355030,SAO PAULO,1,6,H3,2025,44,1
M,4,5,41,10/10/2025,SP,355030,SAO PAULO,1,,,2025,41,0
M,3,6,47,21/11/2025,SP,355030,SAO PAULO,1,,,2025,47,0
F,1,57,01,01/01/2025,SP,355030,SAO PAULO,1,3,,2025,1,1
M,1,6,49,03/12/2025,SP,355030,SAO PAULO,1,3,,2025,49,1
F,1,5,40,03/10/2025,SP,355030,SAO PAULO,1,3,,2025,40,1
F,1,77,46,09/11/2025,SP,355030,SAO PAULO,1,,,2025,46,0
F,4,1,42,12/10/2025,SP,355030,SAO PAULO,1,,,2025,42,0
F,4,93,19,06/05/2025,SP,355030,SAO PAULO,1,,,2025,19,0
F,2,76,40,29/09/2025,SP,355030,SAO PAULO,1,,,2025,40,0
M,1,55,22,30/05/2025,SP,355030,SAO PAULO,1,3,,2025,22,1
F,1,70,18,27/04/2025,SP,355030,SAO PAULO,1,,,2025,18,0
M,4,53,33,11/08/2025,SP,355030,SAO PAULO,1,,,2025,33,0
F,4,57,09,01/03/2025,SP,355030,SAO PAULO,1,3,,2025,9,1
F,9,52,46,15/11/2025,SP,355030,SAO PAULO,1,,,2025,46,0
F,9,93,18,01/05/2025,SP,355030,SAO PAULO,1,,,2025,18,0
F,1,72,20,11/05/2025,SP,355030,SAO PAULO,1,,,2025,20,0
M,1,54,43,20/10/2025,SP,355030,SAO PAULO,1,3,,2025,43,1
M,1,89,43,20/10/2025,SP,355030,SAO PAULO,1,,,2025,43,0
F,1,43,20,16/05/2025,SP,355030,SAO PAULO,1,3,,2025,20,1
M,1,38,21,23/05/2025,SP,355030,SAO PAULO,1,3,,2025,21,1
M,1,61,43,24/10/2025,SP,355030,SAO PAULO,1,,,2025,43,0
F,9,86,20,13/05/2025,SP,355030,SAO PAULO,1,3,,2025,20,1
F,9,88,08,18/02/2025,SP,355030,SAO PAULO,1,,,2025,8,0
M,1,52,11,12/03/2025,SP,355030,SAO PAULO,1,,,2025,11,0
F,1,76,21,23/05/2025,SP,355030,SAO PAULO,1,,,2025,21,0
F,2,85,46,13/11/2025,SP,355030,SAO PAULO,1,3,,2025,46,1
F,1,73,18,03/05/2025,SP,355030,SAO PAULO,1,1,,2025,18,1
F,4,85,17,22/04/2025,SP,355030,SAO PAULO,1,3,,2025,17,1
F,1,73,14,01/04/2025,SP,355030,SAO PAULO,1,,,2025,14,0
F,1,39,24,13/06/2025,SP,355030,SAO PAULO,1,3,,2025,24,1
F,1,83,44,28/10/2025,SP,355030,SAO PAULO,1,2,,2025,44,1
M,1,39,39,26/09/2025,SP,355030,SAO PAULO,1,2,,2025,39,1
M,4,22,48,23/11/2025,SP,355030,SAO PAULO,1,6,H3,2025,48,1
F,1,33,36,04/09/2025,SP,355030,SAO PAULO,1,1,,2025,36,1
M,1,34,45,04/11/2025,SP,355030,SAO PAULO,1,3,,2025,45,1
M,1,36,44,28/10/2025,SP,355030,SAO PAULO,1,3,,2025,44,1
M,1,79,20,14/05/2025,SP,355030,SAO PAULO,1,1,,2025,20,1
M,4,33,17,20/04/2025,SP,355030,SAO PAULO,1,3,,2025,17,1
F,2,57,45,04/11/2025,SP,355030,SAO PAULO,1,3,,2025,45,1
M,1,76,25,18/06/2025,SP,355030,SAO PAULO,1,3,,2025,25,1
F,2,26,20,15/05/2025,SP,355030,SAO PAULO,1,2,,2025,20,1
F,1,16,17,21/04/2025,SP,355030,SAO PAULO,1,3,,2025,17,1
F,1,11,43,22/10/2025,SP,355030,SAO PAULO,1,3,,2025,43,1
M,1,12,46,09/11/2025,SP,355030,SAO PAULO,1,,,2025,46,0
M,1,11,43,20/10/2025,SP,355030,SAO PAULO,1,3,,2025,43,1
F,1,18,22,27/05/2025,SP,355030,SAO PAULO,1,3,,2025,22,1
F,4,25,22,25/05/2025,SP,355030,SAO PAULO,1,,,2025,22,0
M,1,77,03,14/01/2025,SP,355030,SAO PAULO,1,,,2025,3,0
F,1,22,44,31/10/2025,SP,355030,SAO PAULO,1,3,,2025,44,1
F,1,92,01,03/01/2026,SP,355030,SAO PAULO,,4,,2026,1,1
F,4,58,44,28/10/2025,SP,355030,SAO PAULO,1,,,2025,44,0
M,2,7,14,01/04/2025,SP,355030,SAO PAULO,1,,,2025,14,0
F,1,93,21,23/05/2025,SP,355030,SAO PAULO,1,1,,2025,21,1
F,1,15,25,15/06/2025,SP,355030,SAO PAULO,1,6,SAZONAL H3,2025,25,1
F,4,6,28,07/07/2025,SP,355030,SAO PAULO,1,,,2025,28,0
F,1,9,20,13/05/2025,SP,355030,SAO PAULO,,3,,2025,20,1
M,3,20,52,26/12/2025,SP,355030,SAO PAULO,1,5,,2025,52,1
F,1,5,22,29/05/2025,SP,355030,SAO PAULO,,1,,2025,22,1
M,4,4,25,15/06/2025,SP,355030,SAO PAULO,,1,,2025,25,1
M,9,72,24,12/06/2025,SP,355030,SAO PAULO,1,,,2025,24,0
F,1,85,21,20/05/2025,SP,355030,SAO PAULO,9,1,,2025,21,1
M,9,4,47,20/11/2025,SP,355030,SAO PAULO,1,,,2025,47,0
F,4,4,47,18/11/2025,SP,355030,SAO PAULO,1,2,,2025,47,1
M,1,3,23,06/06/2025,SP,355030,SAO PAULO,,1,,2025,23,1
M,1,3,28,06/07/2025,SP,355030,SAO PAULO,1,,,2025,28,0
M,1,3,43,24/10/2025,SP,355030,SAO PAULO,1,3,,2025,43,1
M,9,2,17,24/04/2025,SP,355030,SAO PAULO,1,,,2025,17,0
F,1,2,49,01/12/2025,SP,355030,SAO PAULO,1,3,,2025,49,1
M,4,2,44,30/10/2025,SP,355030,SAO PAULO,1,,,2025,44,0
F,9,1,14,05/04/2025,SP,355030,SAO PAULO,1,,,2025,14,0
F,4,2,40,04/10/2025,SP,355030,SAO PAULO,1,3,,2025,40,1
M,9,75,20,11/05/2025,SP,355030,SAO PAULO,1,1,,2025,20,1
M,1,75,09,01/03/2025,SP,355030,SAO PAULO,1,,,2025,9,0
M,2,91,19,05/05/2025,SP,355030,SAO PAULO,1,,,2025,19,0
F,1,71,20,16/05/2025,SP,355030,SAO PAULO,1,3,,2025,20,1
F,4,78,21,23/05/2025,SP,355030,SAO PAULO,1,,,2025,21,0
F,1,75,20,13/05/2025,SP,355030,SAO PAULO,1,,,2025,20,0
M,9,67,18,30/04/2025,SP,355030,SAO PAULO,,3,,2025,18,1
M,9,44,28,10/07/2025,SP,355030,SAO PAULO,1,,,2025,28,0
M,1,70,23,02/06/2025,SP,355030,SAO PAULO,1,,,2025,23,0
M,9,67,17,25/04/2025,SP,355030,SAO PAULO,1,3,,2025,17,1
F,9,76,21,21/05/2025,SP,355030,SAO PAULO,1,3,,2025,21,1
F,2,66,27,05/07/2025,SP,355030,SAO PAULO,1,,,2025,27,0
M,4,1,39,25/09/2025,SP,355030,SAO PAULO,1,6,H3,2025,39,1
F,9,9,34,18/08/2025,SP,355030,SAO PAULO,,,,2025,34,0
M,9,64,16,19/04/2025,SP,355030,SAO PAULO,,,,2025,16,0
M,1,43,25,16/06/2025,SP,355030,SAO PAULO,1,,,2025,25,0
F,9,10,49,03/12/2025,SP,355030,SAO PAULO,,,,2025,49,0
M,4,81,17,24/04/2025,SP,355030,SAO PAULO,1,1,,2025,17,1
F,1,11,42,18/10/2025,SP,355030,SAO PAULO,1,6,H3,2025,42,1
M,9,92,24,13/06/2025,SP,355030,SAO PAULO,1,3,,2025,24,1
F,1,81,22,25/05/2025,SP,355030,SAO PAULO,1,1,,2025,22,1
F,9,92,27,01/07/2025,SP,355030,SAO PAULO,1,3,,2025,27,1
M,1,66,19,06/05/2025,SP,355030,SAO PAULO,1,,,2025,19,0
F,1,96,29,16/07/2025,SP,355030,SAO PAULO,1,4,,2025,29,1
F,4,64,25,16/06/2025,SP,355030,SAO PAULO,1,,,2025,25,0
F,1,75,26,24/06/2025,SP,355030,SAO PAULO,1,1,,2025,26,1
F,1,67,19,10/05/2025,SP,355030,SAO PAULO,1,3,,2025,19,1
F,4,1,40,29/09/2025,SP,355030,SAO PAULO,1,3,,2025,40,1
F,1,61,27,29/06/2025,SP,355030,SAO PAULO,1,3,,2025,27,1
M,1,86,45,06/11/2025,SP,355030,SAO PAULO,1,,,2025,45,0
F,1,10,15,11/04/2025,SP,355030,SAO PAULO,,,,2025,15,0
F,1,1,44,28/10/2025,SP,355030,SAO PAULO,1,3,,2025,44,1
F,4,1,45,08/11/2025,SP,355030,SAO PAULO,,3,,2025,45,1
M,1,68,19,10/05/2025,SP,355030,SAO PAULO,1,,,2025,19,0
F,1,61,18,02/05/2025,SP,355030,SAO PAULO,1,3,,2025,18,1
M,4,1,43,24/10/2025,SP,355030,SAO PAULO,1,,,2025,43,0
F,4,60,46,10/11/2025,SP,355030,SAO PAULO,1,,,2025,46,0
F,4,11,40,28/09/2025,SP,355030,SAO PAULO,,3,,2025,40,1
M,9,37,21,24/05/2025,SP,355030,SAO PAULO,1,1,,2025,21,1
F,1,0,46,13/11/2025,SP,355030,SAO PAULO,1,,,2025,46,0
F,9,4,18,30/04/2025,SP,355030,SAO PAULO,1,,,2025,18,0
F,9,77,20,13/05/2025,SP,355030,SAO PAULO,,,,2025,20,0
F,1,86,01,01/01/2025,SP,355030,SAO PAULO,1,1,,2025,1,1
F,1,8,47,19/11/2025,SP,355030,SAO PAULO,,,,2025,47,0
M,1,1,18,27/04/2025,SP,355030,SAO PAULO,1,,,2025,18,0
M,9,60,21,23/05/2025,SP,355030,SAO PAULO,1,1,,2025,21,1
F,1,92,17,23/04/2025,SP,355030,SAO PAULO,1,1,,2025,17,1
F,2,59,17,24/04/2025,SP,355030,SAO PAULO,1,5,,2025,17,1
F,9,79,20,11/05/2025,SP,355030,SAO PAULO,1,,,2025,20,0
M,1,57,21,22/05/2025,SP,355030,SAO PAULO,1,,,2025,21,0
F,2,58,22,26/05/2025,SP,355030,SAO PAULO,1,,,2025,22,0
M,4,9,45,02/11/2025,SP,355030,SAO PAULO,1,2,,2025,45,1
F,1,71,16,13/04/2025,SP,355030,SAO PAULO,1,,,2025,16,0
F,1,77,22,31/05/2025,SP,355030,SAO PAULO,,1,,2025,22,1
F,1,12,20,17/05/2025,SP,355030,SAO PAULO,1,,,2025,20,0
F,4,56,16,16/04/2025,SP,355030,SAO PAULO,1,,,2025,16,0
F,1,54,26,26/06/2025,SP,355030,SAO PAULO,1,1,,2025,26,1
F,9,57,19,07/05/2025,SP,355030,SAO PAULO,1,3,,2025,19,1
F,1,1,48,23/11/2025,SP,355030,SAO PAULO,1,,,2025,48,0
F,1,57,29,15/07/2025,SP,355030,SAO PAULO,1,,,2025,29,0
F,9,92,20,16/05/2025,SP,355030,SAO PAULO,1,3,,2025,20,1
M,9,87,21,23/05/2025,SP,355030,SAO PAULO,1,1,,2025,21,1
F,1,95,15,09/04/2025,SP,355030,SAO PAULO,,,,2025,15,0
F,1,71,17,24/04/2025,SP,355030,SAO PAULO,1,3,,2025,17,1
F,1,76,13,23/03/2025,SP,355030,SAO PAULO,1,3,,2025,13,1
F,3,84,01,29/12/2024,SP,355030,SAO PAULO,1,,,2024,1,0
M,9,80,15,10/04/2025,SP,355030,SAO PAULO,1,3,,2025,15,1
M,9,87,48,28/11/2025,SP,355030,SAO PAULO,1,,,2025,48,0
F,1,101,27,04/07/2025,SP,355030,SAO PAULO,,3,,2025,27,1
F,4,83,24,14/06/2025,SP,355030,SAO PAULO,1,1,,2025,24,1
F,1,49,01,03/01/2025,SP,355030,SAO PAULO,1,1,,2025,1,1
M,4,12,18,27/04/2025,SP,355030,SAO PAULO,1,,,2025,18,0
M,9,47,24,13/06/2025,SP,355030,SAO PAULO,1,3,,2025,24,1
F,1,84,22,30/05/2025,SP,355030,SAO PAULO,1,,,2025,22,0
F,4,77,22,25/05/2025,SP,355030,SAO PAULO,1,,,2025,22,0
F,1,71,25,17/06/2025,SP,355030,SAO PAULO,1,3,,2025,25,1
M,9,45,49,05/12/2025,SP,355030,SAO PAULO,1,,,2025,49,0
F,9,40,21,18/05/2025,SP,355030,SAO PAULO,1,1,,2025,21,1
M,1,72,12,18/03/2025,SP,355030,SAO PAULO,1,,,2025,12,0
F,1,28,22,25/05/2025,SP,355030,SAO PAULO,1,3,,2025,22,1
M,4,41,19,06/05/2025,SP,355030,SAO PAULO,,1,,2025,19,1
M,1,31,03,17/01/2025,SP,355030,SAO PAULO,1,3,,2025,3,1
F,1,31,38,19/09/2025,SP,355030,SAO PAULO,1,5,,2025,38,1
M,4,31,20,15/05/2025,SP,355030,SAO PAULO,1,5,,2025,20,1
M,4,75,03,16/01/2025,SP,355030,SAO PAULO,1,3,,2025,3,1
F,1,15,17,22/04/2025,SP,355030,SAO PAULO,,,,2025,17,0
F,4,18,25,16/06/2025,SP,355030,SAO PAULO,1,,,2025,25,0
F,1,74,21,23/05/2025,SP,355030,SAO PAULO,1,,,2025,21,0
F,9,28,28,09/07/2025,SP,355030,SAO PAULO,1,3,,2025,28,1
F,4,11,15,07/04/2025,SP,355030,SAO PAULO,1,1,,2025,15,1
M,1,79,05,26/01/2025,SP,355030,SAO PAULO,,,,2025,5,0
F,9,23,07,10/02/2025,SP,355030,SAO PAULO,1,,,2025,7,0
M,1,23,41,11/10/2025,SP,355030,SAO PAULO,1,4,,2025,41,1
F,1,80,24,08/06/2025,SP,355030,SAO PAULO,1,,,2025,24,0
F,1,8,18,29/04/2025,SP,355030,SAO PAULO,1,3,,2025,18,1
M,4,8,45,03/11/2025,SP,355030,SAO PAULO,,,,2025,45,0
M,1,9,18,30/04/2025,SP,355030,SAO PAULO,1,1,,2025,18,1
M,4,20,21,24/05/2025,SP,355030,SAO PAULO,1,,,2025,21,0
M,1,6,11,12/03/2025,SP,355030,SAO PAULO,1,1,,2025,11,1
M,1,77,38,20/09/2025,SP,355030,SAO PAULO,,,,2025,38,0
M,1,6,17,24/04/2025,SP,355030,SAO PAULO,1,3,,2025,17,1
M,4,11,26,25/06/2025,SP,355030,SAO PAULO,1,,,2025,26,0
M,1,16,19,04/05/2025,SP,355030,SAO PAULO,1,3,,2025,19,1
M,1,4,19,09/05/2025,SP,355030,SAO PAULO,1,1,,2025,19,1
F,4,13,14,04/04/2025,SP,355030,SAO PAULO,1,,,2025,14,0
M,4,3,17,23/04/2025,SP,355030,SAO PAULO,,,,2025,17,0
M,4,3,41,11/10/2025,SP,355030,SAO PAULO,1,,,2025,41,0
M,4,4,21,20/05/2025,SP,355030,SAO PAULO,1,1,,2025,21,1
M,3,1,15,08/04/2025,SP,355030,SAO PAULO,1,,,2025,15,0
M,1,84,19,09/05/2025,SP,355030,SAO PAULO,1,,,2025,19,0
M,1,77,47,16/11/2025,SP,355030,SAO PAULO,1,,,2025,47,0
M,1,80,24,09/06/2025,SP,355030,SAO PAULO,1,1,,2025,24,1
F,1,72,38,19/09/2025,SP,355030,SAO PAULO,1,3,,2025,38,1
F,1,84,23,07/06/2025,SP,355030,SAO PAULO,1,3,,2025,23,1
M,1,73,21,24/05/2025,SP,355030,SAO PAULO,,6,INFLUENZA A/H1-2009,2025,21,1
M,4,56,19,07/05/2025,SP,355030,SAO PAULO,1,1,,2025,19,1
F,1,35,25,16/06/2025,SP,355030,SAO PAULO,1,3,,2025,25,1
F,4,66,21,23/05/2025,SP,355030,SAO PAULO,1,,,2025,21,0
F,4,24,21,23/05/2025,SP,355030,SAO PAULO,1,1,,2025,21,1
M,1,9,04,21/01/2025,SP,355030,SAO PAULO,1,,,2025,4,0
F,9,2,42,16/10/2025,SP,355030,SAO PAULO,,,,2025,42,0
M,1,1,13,29/03/2025,SP,355030,SAO PAULO,1,,,2025,13,0
M,4,1,17,21/04/2025,SP,355030,SAO PAULO,1,,,2025,17,0
F,1,66,26,23/06/2025,SP,355030,SAO PAULO,1,,,2025,26,0
M,1,1,17,20/04/2025,SP,355030,SAO PAULO,1,1,,2025,17,1
F,1,1,18,29/04/2025,SP,355030,SAO PAULO,1,3,,2025,18,1
F,1,1,18,27/04/2025,SP,355030,SAO PAULO,1,1,,2025,18,1
M,4,1,17,24/04/2025,SP,355030,SAO PAULO,1,,,2025,17,0
F,4,1,19,07/05/2025,SP,355030,SAO PAULO,1,,,2025,19,0
M,4,1,26,27/06/2025,SP,355030,SAO PAULO,1,,,2025,26,0
F,1,73,44,28/10/2025,SP,355030,SAO PAULO,1,,,2025,44,0
M,9,45,17,20/04/2025,SP,355030,SAO PAULO,1,,,2025,17,0
F,4,64,17,24/04/2025,SP,355030,SAO PAULO,1,3,,2025,17,1
F,1,26,47,20/11/2025,SP,355030,SAO PAULO,1,3,,2025,47,1
F,9,62,21,19/05/2025,SP,355030,SAO PAULO,,,,2025,21,0
M,9,63,44,27/10/2025,SP,355030,SAO PAULO,1,,,2025,44,0
M,1,90,38,20/09/2025,SP,355030,SAO PAULO,1,3,,2025,38,1
F,4,9,15,10/04/2025,SP,355030,SAO PAULO,1,,,2025,15,0
F,1,10,18,01/05/2025,SP,355030,SAO PAULO,1,,,2025,18,0
M,4,1,32,04/08/2025,SP,355030,SAO PAULO,1,,,2025,32,0
F,2,11,25,17/06/2025,SP,355030,SAO PAULO,1,,,2025,25,0
F,1,1,47,20/11/2025,SP,355030,SAO PAULO,1,2,,2025,47,1
M,4,59,23,07/06/2025,SP,355030,SAO PAULO,1,1,,2025,23,1
M,1,7,16,18/04/2025,SP,355030,SAO PAULO,1,3,,2025,16,1
M,9,88,32,05/08/2025,SP,355030,SAO PAULO,,3,,2025,32,1
M,9,83,23,07/06/2025,SP,355030,SAO PAULO,1,3,,2025,23,1
F,1,6,19,05/05/2025,SP,355030,SAO PAULO,1,1,,2025,19,1
F,4,4,17,20/04/2025,SP,355030,SAO PAULO,,3,,2025,17,1
F,4,10,40,03/10/2025,SP,355030,SAO PAULO,1,,,2025,40,0
M,4,60,01,30/12/2025,SP,355030,SAO PAULO,1,,,2025,1,0
M,2,10,42,12/10/2025,SP,355030,SAO PAULO,1,3,,2025,42,1
F,4,7,37,08/09/2025,SP,355030,SAO PAULO,1,,,2025,37,0
M,9,59,17,25/04/2025,SP,355030,SAO PAULO,1,,,2025,17,0
F,9,63,47,21/11/2025,SP,355030,SAO PAULO,1,2,,2025,47,1
M,4,59,18,27/04/2025,SP,355030,SAO PAULO,1,,,2025,18,0
M,4,3,29,19/07/2025,SP,355030,SAO PAULO,1,,,2025,29,0
F,1,64,23,01/06/2025,SP,355030,SAO PAULO,1,,,2025,23,0
M,9,84,18,03/05/2025,SP,355030,SAO PAULO,1,,,2025,18,0
M,1,3,40,30/09/2025,SP,355030,SAO PAULO,1,,,2025,40,0
F,1,38,22,27/05/2025,SP,355030,SAO PAULO,1,,,2025,22,0
F,1,85,19,07/05/2025,SP,355030,SAO PAULO,,3,,2025,19,1
F,9,72,13,25/03/2025,SP,355030,SAO PAULO,1,,,2025,13,0
M,9,55,20,15/05/2025,SP,355030,SAO PAULO,1,3,,2025,20,1
F,1,54,04,19/01/2025,SP,355030,SAO PAULO,1,1,,2025,4,1
M,4,3,47,17/11/2025,SP,355030,SAO PAULO,1,,,2025,47,0
M,4,51,15,12/04/2025,SP,355030,SAO PAULO,1,,,2025,15,0
F,4,59,23,04/06/2025,SP,355030,SAO PAULO,1,,,2025,23,0
F,9,56,47,21/11/2025,SP,355030,SAO PAULO,1,2,,2025,47,1
F,4,31,43,21/10/2025,SP,355030,SAO PAULO,1,,,2025,43,0
F,1,78,15,06/04/2025,SP,355030,SAO PAULO,,3,,2025,15,1
M,1,75,22,26/05/2025,SP,355030,SAO PAULO,1,1,,2025,22,1
F,1,51,16,13/04/2025,SP,355030,SAO PAULO,,4,,2025,16,1
F,9,82,24,10/06/2025,SP,355030,SAO PAULO,1,3,,2025,24,1
F,1,88,20,12/05/2025,SP,355030,SAO PAULO,,3,,2025,20,1
F,1,91,02,08/01/2025,SP,355030,SAO PAULO,1,,,2025,2,0
M,4,44,16,18/04/2025,SP,355030,SAO PAULO,1,,,2025,16,0
F,1,84,50,09/12/2025,SP,355030,SAO PAULO,,,,2025,50,0
M,4,13,38,20/09/2025,SP,355030,SAO PAULO,1,,,2025,38,0
F,4,10,46,11/11/2025,SP,355030,SAO PAULO,1,2,,2025,46,1
M,4,44,47,21/11/2025,SP,355030,SAO PAULO,1,2,,2025,47,1
F,1,84,19,07/05/2025,SP,355030,SAO PAULO,1,3,,2025,19,1
F,9,86,14,05/04/2025,SP,355030,SAO PAULO,1,,,2025,14,0
F,9,50,22,25/05/2025,SP,355030,SAO PAULO,1,1,,2025,22,1
F,1,70,17,25/04/2025,SP,355030,SAO PAULO,9,3,,2025,17,1
M,1,46,20,17/05/2025,SP,355030,SAO PAULO,1,3,,2025,20,1
M,4,48,39,26/09/2025,SP,355030,SAO PAULO,1,3,,2025,39,1
F,1,44,18,01/05/2025,SP,355030,SAO PAULO,1,,,2025,18,0
M,1,44,13,24/03/2025,SP,355030,SAO PAULO,1,,,2025,13,0
M,2,43,05,29/01/2025,SP,355030,SAO PAULO,,3,,2025,5,1
F,4,53,50,09/12/2025,SP,355030,SAO PAULO,1,,,2025,50,0
F,1,43,45,08/11/2025,SP,355030,SAO PAULO,1,,,2025,45,0
M,9,32,22,28/05/2025,SP,355030,SAO PAULO,1,1,,2025,22,1
F,4,86,20,15/05/2025,SP,355030,SAO PAULO,1,1,,2025,20,1
F,9,38,11,13/03/2025,SP,355030,SAO PAULO,1,,,2025,11,0
M,9,77,24,12/06/2025,SP,355030,SAO PAULO,1,3,,2025,24,1
M,4,35,26,24/06/2025,SP,355030,SAO PAULO,1,6,SEM SUBTIPO,2025,26,1
F,1,88,21,21/05/2025,SP,355030,SAO PAULO,,3,,2025,21,1
F,1,76,16,19/04/2025,SP,355030,SAO PAULO,1,1,,2025,16,1
M,2,37,48,29/11/2025,SP,355030,SAO PAULO,1,3,,2025,48,1
M,3,35,38,15/09/2025,SP,355030,SAO PAULO,1,3,,2025,38,1
F,1,82,20,12/05/2025,SP,355030,SAO PAULO,1,3,,2025,20,1
M,4,12,14,04/04/2025,SP,355030,SAO PAULO,1,,,2025,14,0
M,1,57,20,13/05/2025,SP,355030,SAO PAULO,1,3,,2025,20,1
M,4,8,21,18/05/2025,SP,355030,SAO PAULO,1,1,,2025,21,1
F,1,6,02,10/01/2025,SP,355030,SAO PAULO,1,3,,2025,2,1
F,1,7,46,13/11/2025,SP,355030,SAO PAULO,1,,,2025,46,0
M,9,11,19,08/05/2025,SP,355030,SAO PAULO,1,1,,2025,19,1
F,1,5,38,18/09/2025,SP,355030,SAO PAULO,1,3,,2025,38,1
F,4,20,40,29/09/2025,SP,355030,SAO PAULO,1,,,2025,40,0
F,1,4,21,19/05/2025,SP,355030,SAO PAULO,,1,,2025,21,1
M,1,4,23,01/06/2025,SP,355030,SAO PAULO,1,3,,2025,23,1
F,1,15,29,19/07/2025,SP,355030,SAO PAULO,,,,2025,29,0
F,4,3,39,23/09/2025,SP,355030,SAO PAULO,1,1,,2025,39,1
M,4,3,50,13/12/2025,SP,355030,SAO PAULO,1,,,2025,50,0
M,1,2,19,05/05/2025,SP,355030,SAO PAULO,1,3,,2025,19,1
M,1,70,44,01/11/2025,SP,355030,SAO PAULO,1,,,2025,44,0
M,1,68,26,27/06/2025,SP,355030,SAO PAULO,1,,,2025,26,0
M,1,57,18,28/04/2025,SP,355030,SAO PAULO,1,1,,2025,18,1
M,1,67,20,16/05/2025,SP,355030,SAO PAULO,,1,,2025,20,1
M,2,45,37,08/09/2025,SP,355030,SAO PAULO,,,,2025,37,0
M,4,16,42,13/10/2025,SP,355030,SAO PAULO,1,6,SAZONAL / H 3,2025,42,1
F,4,76,19,04/05/2025,SP,355030,SAO PAULO,1,3,,2025,19,1
F,1,1,46,14/11/2025,SP,355030,SAO PAULO,1,,,2025,46,0
M,9,66,18,03/05/2025,SP,355030,SAO PAULO,1,1,,2025,18,1
F,4,82,21,24/05/2025,SP,355030,SAO PAULO,1,,,2025,21,0
M,1,91,17,21/04/2025,SP,355030,SAO PAULO,1,,,2025,17,0
M,1,1,18,01/05/2025,SP,355030,SAO PAULO,1,,,2025,18,0
F,4,1,45,07/11/2025,SP,355030,SAO PAULO,1,6,H3,2025,45,1
M,4,1,22,25/05/2025,SP,355030,SAO PAULO,1,3,,2025,22,1
M,1,65,17,21/04/2025,SP,355030,SAO PAULO,1,5,,2025,17,1
F,9,46,50,08/12/2025,SP,355030,SAO PAULO,,2,,2025,50,1
F,1,68,45,05/11/2025,SP,355030,SAO PAULO,1,2,,2025,45,1
M,1,64,19,05/05/2025,SP,355030,SAO PAULO,1,1,,2025,19,1
F,4,1,42,16/10/2025,SP,355030,SAO PAULO,1,,,2025,42,0
M,4,1,40,02/10/2025,SP,355030,SAO PAULO,1,2,,2025,40,1
M,4,63,43,22/10/2025,SP,355030,SAO PAULO,1,,,2025,43,0
M,4,10,39,26/09/2025,SP,355030,SAO PAULO,1,,,2025,39,0
F,1,63,17,24/04/2025,SP,355030,SAO PAULO,9,,,2025,17,0
F,1,50,21,24/05/2025,SP,355030,SAO PAULO,1,,,2025,21,0
M,4,4,22,25/05/2025,SP,355030,SAO PAULO,1,1,,2025,22,1
F,4,61,46,12/11/2025,SP,355030,SAO PAULO,1,2,,2025,46,1
F,1,71,12,22/03/2025,SP,355030,SAO PAULO,1,,,2025,12,0
M,1,9,44,28/10/2025,SP,355030,SAO PAULO,1,2,,2025,44,1
F,1,94,27,03/07/2025,SP,355030,SAO PAULO,1,,,2025,27,0
M,4,9,48,23/11/2025,SP,355030,SAO PAULO,1,,,2025,48,0
M,1,6,39,27/09/2025,SP,355030,SAO PAULO,1,,,2025,39,0
F,3,57,20,12/05/2025,SP,355030,SAO PAULO,1,1,,2025,20,1
M,1,84,22,28/05/2025,SP,355030,SAO PAULO,1,,,2025,22,0
F,1,67,20,14/05/2025,SP,355030,SAO PAULO,,1,,2025,20,1
F,4,83,24,10/06/2025,SP,355030,SAO PAULO,1,3,,2025,24,1
M,1,34,23,01/06/2025,SP,355030,SAO PAULO,,,,2025,23,0
M,4,3,33,15/08/2025,SP,355030,SAO PAULO,1,,,2025,33,0
F,4,6,47,21/11/2025,SP,355030,SAO PAULO,1,,,2025,47,0
F,1,57,19,09/05/2025,SP,355030,SAO PAULO,1,,,2025,19,0
M,1,35,26,28/06/2025,SP,355030,SAO PAULO,,1,,2025,26,1
M,1,3,44,31/10/2025,SP,355030,SAO PAULO,1,,,2025,44,0
F,9,65,21,23/05/2025,SP,355030,SAO PAULO,,,,2025,21,0
M,2,4,17,20/04/2025,SP,355030,SAO PAULO,,,,2025,17,0
M,4,1,43,24/10/2025,SP,355030,SAO PAULO,1,,,2025,43,0
M,1,50,20,15/05/2025,SP,355030,SAO PAULO,1,3,,2025,20,1
F,1,58,24,09/06/2025,SP,355030,SAO PAULO,1,,,2025,24,0
M,9,50,18,03/05/2025,SP,355030,SAO PAULO,1,3,,2025,18,1
F,1,79,43,22/10/2025,SP,355030,SAO PAULO,1,,,2025,43,0
F,9,71,26,24/06/2025,SP,355030,SAO PAULO,1,,,2025,26,0
F,1,53,20,17/05/2025,SP,355030,SAO PAULO,1,3,,2025,20,1
M,4,58,16,18/04/2025,SP,355030,SAO PAULO,1,1,,2025,16,1
F,1,88,40,03/10/2025,SP,355030,SAO PAULO,1,2,,2025,40,1
F,9,84,22,29/05/2025,SP,355030,SAO PAULO,1,,,2025,22,0
M,1,50,19,04/05/2025,SP,355030,SAO PAULO,,3,,2025,19,1
F,1,43,20,11/05/2025,SP,355030,SAO PAULO,1,3,,2025,20,1
F,4,25,19,09/05/2025,SP,355030,SAO PAULO,1,1,,2025,19,1
F,9,89,18,03/05/2025,SP,355030,SAO PAULO,1,1,,2025,18,1
F,1,47,22,29/05/2025,SP,355030,SAO PAULO,1,1,,2025,22,1
M,4,87,17,26/04/2025,SP,355030,SAO PAULO,1,,,2025,17,0
M,4,88,25,18/06/2025,SP,355030,SAO PAULO,1,3,,2025,25,1
F,1,44,49,01/12/2025,SP,355030,SAO PAULO,1,3,,2025,49,1
F,1,88,22,25/05/2025,SP,355030,SAO PAULO,1,,,2025,22,0
M,1,73,19,06/05/2025,SP,355030,SAO PAULO,1,,,2025,19,0
M,9,39,18,02/05/2025,SP,355030,SAO PAULO,,,,2025,18,0
M,1,40,18,01/05/2025,SP,355030,SAO PAULO,1,4,,2025,18,1
F,1,86,47,20/11/2025,SP,355030,SAO PAULO,1,,,2025,47,0
F,1,79,01,03/01/2025,SP,355030,SAO PAULO,1,,,2025,1,0
F,1,36,37,10/09/2025,SP,355030,SAO PAULO,1,,,2025,37,0
M,4,35,20,12/05/2025,SP,355030,SAO PAULO,1,,,2025,20,0
M,4,31,34,21/08/2025,SP,355030,SAO PAULO,1,6,SAZONAL / H3,2025,34,1
M,9,29,22,27/05/2025,SP,355030,SAO PAULO,,,,2025,22,0
M,1,30,46,12/11/2025,SP,355030,SAO PAULO,1,3,,2025,46,1
M,1,87,20,17/05/2025,SP,355030,SAO PAULO,,,,2025,20,0
M,1,21,33,10/08/2025,SP,355030,SAO PAULO,1,3,,2025,33,1
M,4,11,44,28/10/2025,SP,355030,SAO PAULO,1,,,2025,44,0
M,1,8,46,12/11/2025,SP,355030,SAO PAULO,1,2,,2025,46,1
M,1,8,16,19/04/2025,SP,355030,SAO PAULO,,,,2025,16,0
M,1,20,21,24/05/2025,SP,355030,SAO PAULO,1,,,2025,21,0
F,4,8,45,07/11/2025,SP,355030,SAO PAULO,1,4,,2025,45,1
F,1,6,18,03/05/2025,SP,355030,SAO PAULO,1,1,,2025,18,1
F,1,17,19,06/05/2025,SP,355030,SAO PAULO,1,3,,2025,19,1
M,1,72,17,24/04/2025,SP,355030,SAO PAULO,1,5,,2025,17,1
F,9,5,22,29/05/2025,SP,355030,SAO PAULO,1,1,,2025,22,1
F,2,5,29,19/07/2025,SP,355030,SAO PAULO,1,6,H3 SAZONAL,2025,29,1
M,1,5,28,11/07/2025,SP,355030,SAO PAULO,1,,,2025,28,0
F,1,10,42,14/10/2025,SP,355030,SAO PAULO,9,3,,2025,42,1
M,9,20,24,14/06/2025,SP,355030,SAO PAULO,1,1,,2025,24,1
F,1,2,21,23/05/2025,SP,355030,SAO PAULO,1,3,,2025,21,1
M,1,78,20,13/05/2025,SP,355030,SAO PAULO,1,1,,2025,20,1
F,9,69,18,30/04/2025,SP,355030,SAO PAULO,1,,,2025,18,0
M,9,51,02,11/01/2025,SP,355030,SAO PAULO,1,2,,2025,2,1
F,9,71,15,12/04/2025,SP,355030,SAO PAULO,1,1,,2025,15,1
M,1,82,15,10/04/2025,SP,355030,SAO PAULO,1,,,2025,15,0
F,9,70,17,23/04/2025,SP,355030,SAO PAULO,1,,,2025,17,0
F,1,80,01,03/01/2025,SP,355030,SAO PAULO,1,,,2025,1,0
M,1,68,46,11/11/2025,SP,355030,SAO PAULO,1,2,,2025,46,1
M,2,73,16,14/04/2025,SP,355030,SAO PAULO,1,3,,2025,16,1
F,1,9,19,05/05/2025,SP,355030,SAO PAULO,1,1,,2025,19,1
F,9,37,19,06/05/2025,SP,355030,SAO PAULO,,,,2025,19,0
M,9,10,46,10/11/2025,SP,355030,SAO PAULO,,,,2025,46,0
M,9,82,20,12/05/2025,SP,355030,SAO PAULO,,,,2025,20,0
M,1,73,23,06/06/2025,SP,355030,SAO PAULO,1,1,,2025,23,1
M,1,63,18,01/05/2025,SP,355030,SAO PAULO,1,1,,2025,18,1
F,9,1,05,31/01/2025,SP,355030,SAO PAULO,1,1,,2025,5,1
F,9,81,26,22/06/2025,SP,355030,SAO PAULO,1,3,,2025,26,1
F,4,1,20,14/05/2025,SP,355030,SAO PAULO,1,,,2025,20,0
M,1,1,44,01/11/2025,SP,355030,SAO PAULO,1,,,2025,44,0
M,1,70,21,23/05/2025,SP,355030,SAO PAULO,1,3,,2025,21,1
F,9,85,51,15/12/2025,SP,355030,SAO PAULO,1,,,2025,51,0
F,9,62,25,16/06/2025,SP,355030,SAO PAULO,1,,,2025,25,0
F,2,8,18,30/04/2025,SP,355030,SAO PAULO,1,4,,2025,18,1
F,2,81,18,28/04/2025,SP,355030,SAO PAULO,1,3,,2025,18,1
F,1,11,29,13/07/2025,SP,355030,SAO PAULO,1,,,2025,29,0
F,4,8,18,01/05/2025,SP,355030,SAO PAULO,1,,,2025,18,0
M,4,7,22,27/05/2025,SP,355030,SAO PAULO,1,,,2025,22,0
M,1,8,25,16/06/2025,SP,355030,SAO PAULO,,1,,2025,25,1
M,1,7,26,26/06/2025,SP,355030,SAO PAULO,1,,,2025,26,0
F,1,61,47,16/11/2025,SP,355030,SAO PAULO,1,,,2025,47,0
M,1,7,37,11/09/2025,SP,355030,SAO PAULO,9,,,2025,37,0
F,1,4,27,30/06/2025,SP,355030,SAO PAULO,1,,,2025,27,0
M,4,64,44,26/10/2025,SP,355030,SAO PAULO,1,3,,2025,44,1
M,1,6,36,06/09/2025,SP,355030,SAO PAULO,1,2,,2025,36,1
F,1,58,24,09/06/2025,SP,355030,SAO PAULO,1,1,,2025,24,1
M,4,4,39,24/09/2025,SP,355030,SAO PAULO,1,,,2025,39,0
F,9,66,06,04/02/2025,SP,355030,SAO PAULO,1,,,2025,6,0
F,1,1,34,18/08/2025,SP,355030,SAO PAULO,1,3,,2025,34,1
F,9,88,19,08/05/2025,SP,355030,SAO PAULO,1,3,,2025,19,1
M,4,1,41,05/10/2025,SP,355030,SAO PAULO,1,,,2025,41,0
F,1,8,17,23/04/2025,SP,355030,SAO PAULO,1,,,2025,17,0
F,4,8,47,16/11/2025,SP,355030,SAO PAULO,1,,,2025,47,0
M,1,52,16,14/04/2025,SP,355030,SAO PAULO,1,5,,2025,16,1
F,9,91,15,07/04/2025,SP,355030,SAO PAULO,1,,,2025,15,0
F,9,81,01,01/01/2025,SP,355030,SAO PAULO,1,,,2025,1,0
F,4,87,24,12/06/2025,SP,355030,SAO PAULO,9,,,2025,24,0
M,1,68,45,05/11/2025,SP,355030,SAO PAULO,1,2,,2025,45,1
M,4,55,18,27/04/2025,SP,355030,SAO PAULO,1,1,,2025,18,1
F,1,96,31,01/08/2025,SP,355030,SAO PAULO,1,,,2025,31,0
F,1,86,01,03/01/2026,SP,355030,SAO PAULO,1,,,2026,1,0
F,4,75,16,19/04/2025,SP,355030,SAO PAULO,1,,,2025,16,0
M,1,50,16,19/04/2025,SP,355030,SAO PAULO,1,1,,2025,16,1
F,3,89,48,29/11/2025,SP,355030,SAO PAULO,1,4,,2025,48,1
F,1,75,24,08/06/2025,SP,355030,SAO PAULO,1,,,2025,24,0
F,1,44,18,02/05/2025,SP,355030,SAO PAULO,1,3,,2025,18,1
F,1,69,43,22/10/2025,SP,355030,SAO PAULO,1,1,,2025,43,1
F,4,10,43,22/10/2025,SP,355030,SAO PAULO,1,2,,2025,43,1
M,9,49,32,06/08/2025,SP,355030,SAO PAULO,1,2,,2025,32,1
M,4,91,45,05/11/2025,SP,355030,SAO PAULO,1,2,,2025,45,1
F,1,85,41,08/10/2025,SP,355030,SAO PAULO,1,3,,2025,41,1
F,4,77,19,10/05/2025,SP,355030,SAO PAULO,1,,,2025,19,0
F,2,47,16,15/04/2025,SP,355030,SAO PAULO,1,,,2025,16,0
M,4,47,14,02/04/2025,SP,355030,SAO PAULO,1,1,,2025,14,1
M,1,78,17,20/04/2025,SP,355030,SAO PAULO,1,5,,2025,17,1
F,2,47,22,26/05/2025,SP,355030,SAO PAULO,1,,,2025,22,0
M,4,79,16,15/04/2025,SP,355030,SAO PAULO,1,1,,2025,16,1
F,3,44,03,16/01/2025,SP,355030,SAO PAULO,1,1,,2025,3,1
F,9,82,20,11/05/2025,SP,355030,SAO PAULO,1,5,,2025,20,1
F,9,81,17,24/04/2025,SP,355030,SAO PAULO,1,,,2025,17,0
M,1,76,21,22/05/2025,SP,355030,SAO PAULO,1,,,2025,21,0
M,4,40,21,20/05/2025,SP,355030,SAO PAULO,1,1,,2025,21,1
M,1,39,19,08/05/2025,SP,355030,SAO PAULO,1,1,,2025,19,1
M,1,73,20,15/05/2025,SP,355030,SAO PAULO,1,1,,2025,20,1
M,1,39,21,18/05/2025,SP,355030,SAO PAULO,1,3,,2025,21,1
M,1,36,22,29/05/2025,SP,355030,SAO PAULO,1,,,2025,22,0
F,1,37,45,08/11/2025,SP,355030,SAO PAULO,1,,,2025,45,0
F,9,36,23,02/06/2025,SP,355030,SAO PAULO,1,,,2025,23,0
F,1,90,02,09/01/2025,SP,355030,SAO PAULO,1,1,,2025,2,1
M,1,19,39,23/09/2025,SP,355030,SAO PAULO,,2,,2025,39,1
M,4,38,18,01/05/2025,SP,355030,SAO PAULO,1,1,,2025,18,1
M,4,29,36,03/09/2025,SP,355030,SAO PAULO,1,3,,2025,36,1
M,1,31,19,05/05/2025,SP,355030,SAO PAULO,1,3,,2025,19,1
F,1,29,43,21/10/2025,SP,355030,SAO PAULO,1,3,,2025,43,1
F,1,77,18,03/05/2025,SP,355030,SAO PAULO,1,3,,2025,18,1
F,1,29,01,30/12/2024,SP,355030,SAO PAULO,1,1,,2024,1,1
M,1,13,20,14/05/2025,SP,355030,SAO PAULO,1,1,,2025,20,1
M,1,22,26,26/06/2025,SP,355030,SAO PAULO,1,3,,2025,26,1
F,1,11,23,03/06/2025,SP,355030,SAO PAULO,1,3,,2025,23,1
M,1,22,11,09/03/2025,SP,355030,SAO PAULO,1,1,,2025,11,1
F,1,29,16,13/04/2025,SP,355030,SAO PAULO,1,,,2025,16,0
M,2,11,18,27/04/2025,SP,355030,SAO PAULO,1,,,2025,18,0
M,1,86,20,11/05/2025,SP,355030,SAO PAULO,1,,,2025,20,0
M,1,91,17,22/04/2025,SP,355030,SAO PAULO,,1,,2025,17,1
M,1,68,17,20/04/2025,SP,355030,SAO PAULO,1,3,,2025,17,1
M,4,76,25,15/06/2025,SP,355030,SAO PAULO,1,,,2025,25,0
F,1,7,21,19/05/2025,SP,355030,SAO PAULO,1,1,,2025,21,1
M,1,8,47,17/11/2025,SP,355030,SAO PAULO,1,,,2025,47,0
F,9,9,22,29/05/2025,SP,355030,SAO PAULO,1,,,2025,22,0
F,1,6,21,21/05/2025,SP,355030,SAO PAULO,1,,,2025,21,0
F,1,11,47,19/11/2025,SP,355030,SAO PAULO,1,3,,2025,47,1
M,4,5,17,25/04/2025,SP,355030,SAO PAULO,,1,,2025,17,1
M,2,5,39,22/09/2025,SP,355030,SAO PAULO,1,2,,2025,39,1
M,1,3,18,28/04/2025,SP,355030,SAO PAULO,1,,,2025,18,0
F,9,12,43,23/10/2025,SP,355030,SAO PAULO,9,3,,2025,43,1
F,4,4,45,02/11/2025,SP,355030,SAO PAULO,1,,,2025,45,0
M,1,2,14,04/04/2025,SP,355030,SAO PAULO,,1,,2025,14,1
M,9,2,19,08/05/2025,SP,355030,SAO PAULO,1,1,,2025,19,1
M,9,91,24,08/06/2025,SP,355030,SAO PAULO,,,,2025,24,0
F,4,2,22,25/05/2025,SP,355030,SAO PAULO,1,,,2025,22,0
F,4,2,22,25/05/2025,SP,355030,SAO PAULO,,3,,2025,22,1
M,1,2,24,08/06/2025,SP,355030,SAO PAULO,1,,,2025,24,0
F,1,2,43,23/10/2025,SP,355030,SAO PAULO,1,,,2025,43,0
F,9,2,35,29/08/2025,SP,355030,SAO PAULO,1,4,,2025,35,1
F,1,2,47,22/11/2025,SP,355030,SAO PAULO,,3,,2025,47,1
M,9,71,17,25/04/2025,SP,355030,SAO PAULO,1,3,,2025,17,1
F,1,86,21,24/05/2025,SP,355030,SAO PAULO,1,,,2025,21,0
M,1,74,42,12/10/2025,SP,355030,SAO PAULO,1,,,2025,42,0
M,1,93,25,15/06/2025,SP,355030,SAO PAULO,1,,,2025,25,0
M,9,63,16,19/04/2025,SP,355030,SAO PAULO,,,,2025,16,0
M,1,73,20,11/05/2025,SP,355030,SAO PAULO,1,3,,2025,20,1
F,9,86,23,02/06/2025,SP,355030,SAO PAULO,,,,2025,23,0
F,1,82,26,26/06/2025,SP,355030,SAO PAULO,1,,,2025,26,0
F,2,2,46,13/11/2025,SP,355030,SAO PAULO,1,2,,2025,46,1
F,1,1,49,04/12/2025,SP,355030,SAO PAULO,1,,,2025,49,0
M,9,80,21,21/05/2025,SP,355030,SAO PAULO,,,,2025,21,0
M,4,59,39,26/09/2025,SP,355030,SAO PAULO,1,6,SAZONAL /H3,2025,39,1
F,1,41,19,09/05/2025,SP,355030,SAO PAULO,1,1,,2025,19,1
M,1,4,22,26/05/2025,SP,355030,SAO PAULO,1,1,,2025,22,1
M,1,66,22,25/05/2025,SP,355030,SAO PAULO,1,3,,2025,22,1
F,1,88,46,14/11/2025,SP,355030,SAO PAULO,1,2,,2025,46,1
M,1,82,28,08/07/2025,SP,355030,SAO PAULO,1,3,,2025,28,1
F,1,73,14,03/04/2025,SP,355030,SAO PAULO,1,1,,2025,14,1
F,1,92,24,11/06/2025,SP,355030,SAO PAULO,1,,,2025,24,0
F,9,83,20,13/05/2025,SP,355030,SAO PAULO,1,1,,2025,20,1
M,1,15,25,21/06/2025,SP,355030,SAO PAULO,1,,,2025,25,0
F,1,81,14,05/04/2025,SP,355030,SAO PAULO,1,1,,2025,14,1
M,1,81,21,23/05/2025,SP,355030,SAO PAULO,1,1,,2025,21,1
F,9,1,24,12/06/2025,SP,355030,SAO PAULO,1,,,2025,24,0
M,4,1,17,22/04/2025,SP,355030,SAO PAULO,1,,,2025,17,0
M,2,64,20,13/05/2025,SP,355030,SAO PAULO,1,,,2025,20,0
F,4,70,01,28/12/2025,SP,355030,SAO PAULO,1,,,2025,1,0
M,1,44,17,21/04/2025,SP,355030,SAO PAULO,1,3,,2025,17,1
F,4,1,41,09/10/2025,SP,355030,SAO PAULO,1,,,2025,41,0
F,9,8,24,14/06/2025,SP,355030,SAO PAULO,,,,2025,24,0
F,1,57,39,26/09/2025,SP,355030,SAO PAULO,1,,,2025,39,0
F,4,4,18,29/04/2025,SP,355030,SAO PAULO,1,,,2025,18,0
F,4,6,24,09/06/2025,SP,355030,SAO PAULO,1,1,,2025,24,1
F,1,61,24,09/06/2025,SP,355030,SAO PAULO,1,3,,2025,24,1
F,9,82,21,23/05/2025,SP,355030,SAO PAULO,,,,2025,21,0
M,1,59,20,11/05/2025,SP,355030,SAO PAULO,1,3,,2025,20,1
F,9,67,20,13/05/2025,SP,355030,SAO PAULO,1,,,2025,20,0
M,9,85,18,02/05/2025,SP,355030,SAO PAULO,,3,,2025,18,1
F,4,69,26,28/06/2025,SP,355030,SAO PAULO,1,,,2025,26,0
F,1,55,17,26/04/2025,SP,355030,SAO PAULO,1,3,,2025,17,1
F,9,78,21,21/05/2025,SP,355030,SAO PAULO,1,1,,2025,21,1
M,4,2,41,08/10/2025,SP,355030,SAO PAULO,1,,,2025,41,0
M,1,41,05,27/01/2025,SP,355030,SAO PAULO,1,4,,2025,5,1
F,1,67,21,21/05/2025,SP,355030,SAO PAULO,1,3,,2025,21,1
F,1,85,38,15/09/2025,SP,355030,SAO PAULO,1,,,2025,38,0
M,9,83,21,22/05/2025,SP,355030,SAO PAULO,1,3,,2025,21,1
F,1,88,17,20/04/2025,SP,355030,SAO PAULO,1,1,,2025,17,1
F,1,55,21,20/05/2025,SP,355030,SAO PAULO,1,3,,2025,21,1
F,1,59,23,04/06/2025,SP,355030,SAO PAULO,,3,,2025,23,1
M,1,3,27,02/07/2025,SP,355030,SAO PAULO,1,,,2025,27,0
M,4,48,43,25/10/2025,SP,355030,SAO PAULO,1,,,2025,43,0
F,1,85,10,03/03/2025,SP,355030,SAO PAULO,,,,2025,10,0
F,1,9,41,10/10/2025,SP,355030,SAO PAULO,1,2,,2025,41,1
M,1,45,13,23/03/2025,SP,355030,SAO PAULO,1,3,,2025,13,1
F,1,86,24,14/06/2025,SP,355030,SAO PAULO,1,1,,2025,24,1
M,1,86,24,08/06/2025,SP,355030,SAO PAULO,1,2,,2025,24,1
F,2,42,15,12/04/2025,SP,355030,SAO PAULO,1,,,2025,15,0
F,1,61,17,25/04/2025,SP,355030,SAO PAULO,1,1,,2025,17,1
M,1,40,13,28/03/2025,SP,355030,SAO PAULO,1,1,,2025,13,1
M,1,40,18,29/04/2025,SP,355030,SAO PAULO,1,1,,2025,18,1
M,4,57,22,31/05/2025,SP,355030,SAO PAULO,1,3,,2025,22,1
F,1,96,21,20/05/2025,SP,355030,SAO PAULO,1,3,,2025,21,1
M,9,38,18,29/04/2025,SP,355030,SAO PAULO,1,4,,2025,18,1
F,9,62,44,31/10/2025,SP,355030,SAO PAULO,1,,,2025,44,0
M,1,36,37,07/09/2025,SP,355030,SAO PAULO,1,3,,2025,37,1
M,1,18,45,04/11/2025,SP,355030,SAO PAULO,1,,,2025,45,0
M,4,32,14,31/03/2025,SP,355030,SAO PAULO,1,,,2025,14,0
M,3,68,24,14/06/2025,SP,355030,SAO PAULO,1,1,,2025,24,1
F,1,32,39,24/09/2025,SP,355030,SAO PAULO,1,2,,2025,39,1
M,1,23,20,12/05/2025,SP,355030,SAO PAULO,1,3,,2025,20,1
M,1,8,26,24/06/2025,SP,355030,SAO PAULO,1,,,2025,26,0
M,1,9,36,05/09/2025,SP,355030,SAO PAULO,1,,,2025,36,0
M,1,9,18,02/05/2025,SP,355030,SAO PAULO,1,1,,2025,18,1
M,1,6,18,03/05/2025,SP,355030,SAO PAULO,1,3,,2025,18,1
M,4,6,18,02/05/2025,SP,355030,SAO PAULO,1,1,,2025,18,1
F,4,6,40,28/09/2025,SP,355030,SAO PAULO,1,6,H3,2025,40,1
F,9,5,13,26/03/2025,SP,355030,SAO PAULO,1,,,2025,13,0
F,4,6,50,11/12/2025,SP,355030,SAO PAULO,,,,2025,50,0
M,9,4,37,13/09/2025,SP,355030,SAO PAULO,1,,,2025,37,0
M,4,2,20,17/05/2025,SP,355030,SAO PAULO,1,,,2025,20,0
M,1,2,44,26/10/2025,SP,355030,SAO PAULO,1,,,2025,44,0
F,4,2,16,18/04/2025,SP,355030,SAO PAULO,1,3,,2025,16,1
F,4,2,42,13/10/2025,SP,355030,SAO PAULO,,2,,2025,42,1
M,4,12,23,05/06/2025,SP,355030,SAO PAULO,1,,,2025,23,0
M,4,2,37,13/09/2025,SP,355030,SAO PAULO,1,,,2025,37,0
F,4,2,39,21/09/2025,SP,355030,SAO PAULO,1,2,,2025,39,1
F,9,74,25,20/06/2025,SP,355030,SAO PAULO,1,3,,2025,25,1
F,4,85,20,17/05/2025,SP,355030,SAO PAULO,1,,,2025,20,0
M,9,69,18,01/05/2025,SP,355030,SAO PAULO,,3,,2025,18,1
M,1,72,21,22/05/2025,SP,355030,SAO PAULO,1,,,2025,21,0
M,1,59,16,15/04/2025,SP,355030,SAO PAULO,1,,,2025,16,0
F,1,79,23,02/06/2025,SP,355030,SAO PAULO,1,,,2025,23,0
M,9,83,19,10/05/2025,SP,355030,SAO PAULO,,,,2025,19,0
M,9,32,10,08/03/2025,SP,355030,SAO PAULO,,,,2025,10,0
M,3,63,24,12/06/2025,SP,355030,SAO PAULO,1,1,,2025,24,1
F,9,1,06,04/02/2025,SP,355030,SAO PAULO,,,,2025,6,0
F,4,74,24,09/06/2025,SP,355030,SAO PAULO,1,1,,2025,24,1
M,1,74,43,21/10/2025,SP,355030,SAO PAULO,1,,,2025,43,0
F,1,85,11,09/03/2025,SP,355030,SAO PAULO,1,3,,2025,11,1
F,9,71,23,04/06/2025,SP,355030,SAO PAULO,1,,,2025,23,0
F,1,72,21,20/05/2025,SP,355030,SAO PAULO,1,2,,2025,21,1
M,9,1,49,02/12/2025,SP,355030,SAO PAULO,1,,,2025,49,0
F,1,1,16,14/04/2025,SP,355030,SAO PAULO,,,,2025,16,0
M,4,1,37,09/09/2025,SP,355030,SAO PAULO,1,,,2025,37,0
M,9,101,23,01/06/2025,SP,355030,SAO PAULO,1,1,,2025,23,1
M,1,61,29,14/07/2025,SP,355030,SAO PAULO,1,1,,2025,29,1
M,4,1,40,03/10/2025,SP,355030,SAO PAULO,1,6,INFLUENZA A SAZONAL/H3,2025,40,1
F,1,60,19,05/05/2025,SP,355030,SAO PAULO,1,3,,2025,19,1
M,4,1,46,12/11/2025,SP,355030,SAO PAULO,1,,,2025,46,0
M,1,62,05,27/01/2025,SP,355030,SAO PAULO,1,,,2025,5,0
F,4,10,22,26/05/2025,SP,355030,SAO PAULO,1,,,2025,22,0
M,4,71,27,05/07/2025,SP,355030,SAO PAULO,1,3,,2025,27,1
M,1,67,16,19/04/2025,SP,355030,SAO PAULO,1,3,,2025,16,1
M,4,41,41,06/10/2025,SP,355030,SAO PAULO,1,,,2025,41,0
M,9,6,16,19/04/2025,SP,355030,SAO PAULO,1,,,2025,16,0
F,4,1,49,05/12/2025,SP,355030,SAO PAULO,1,4,,2025,49,1
F,4,61,25,16/06/2025,SP,355030,SAO PAULO,1,,,2025,25,0
F,1,4,18,02/05/2025,SP,355030,SAO PAULO,1,1,,2025,18,1
M,4,7,37,09/09/2025,SP,355030,SAO PAULO,1,,,2025,37,0
M,1,8,42,12/10/2025,SP,355030,SAO PAULO,,3,,2025,42,1
F,1,9,47,22/11/2025,SP,355030,SAO PAULO,1,,,2025,47,0
M,1,6,32,08/08/2025,SP,355030,SAO PAULO,1,3,,2025,32,1
M,1,69,04,21/01/2025,SP,355030,SAO PAULO,,,,2025,4,0
M,4,7,41,11/10/2025,SP,355030,SAO PAULO,1,,,2025,41,0
F,4,3,24,14/06/2025,SP,355030,SAO PAULO,1,,,2025,24,0
M,9,59,16,15/04/2025,SP,355030,SAO PAULO,1,,,2025,16,0
F,1,88,18,30/04/2025,SP,355030,SAO PAULO,1,1,,2025,18,1
F,9,89,21,24/05/2025,SP,355030,SAO PAULO,1,,,2025,21,0
F,9,70,48,24/11/2025,SP,355030,SAO PAULO,9,6,INFLUENZA A/H3.,2025,48,1
M,1,89,20,16/05/2025,SP,355030,SAO PAULO,,,,2025,20,0
F,4,53,21,18/05/2025,SP,355030,SAO PAULO,1,1,,2025,21,1
F,4,54,21,19/05/2025,SP,355030,SAO PAULO,1,,,2025,21,0
F,9,52,22,30/05/2025,SP,355030,SAO PAULO,1,,,2025,22,0
F,4,68,17,21/04/2025,SP,355030,SAO PAULO,1,3,,2025,17,1
F,1,84,28,11/07/2025,SP,355030,SAO PAULO,1,3,,2025,28,1
M,1,81,23,01/06/2025,SP,355030,SAO PAULO,1,3,,2025,23,1
M,1,75,22,28/05/2025,SP,355030,SAO PAULO,1,,,2025,22,0
F,9,92,20,11/05/2025,SP,355030,SAO PAULO,1,3,,2025,20,1
M,1,43,15,09/04/2025,SP,355030,SAO PAULO,,4,,2025,15,1
M,1,31,22,26/05/2025,SP,355030,SAO PAULO,1,3,,2025,22,1
M,1,11,22,27/05/2025,SP,355030,SAO PAULO,1,1,,2025,22,1
F,1,91,22,25/05/2025,SP,355030,SAO PAULO,1,,,2025,22,0
F,1,73,35,26/08/2025,SP,355030,SAO PAULO,1,2,,2025,35,1
F,1,63,25,16/06/2025,SP,355030,SAO PAULO,1,1,,2025,25,1
F,4,44,28,06/07/2025,SP,355030,SAO PAULO,1,,,2025,28,0
F,1,45,30,21/07/2025,SP,355030,SAO PAULO,,,,2025,30,0
F,9,79,45,03/11/2025,SP,355030,SAO PAULO,1,,,2025,45,0
M,1,41,21,24/05/2025,SP,355030,SAO PAULO,1,1,,2025,21,1
F,1,84,17,21/04/2025,SP,355030,SAO PAULO,1,,,2025,17,0
M,1,40,43,20/10/2025,SP,355030,SAO PAULO,1,3,,2025,43,1
F,1,86,23,03/06/2025,SP,355030,SAO PAULO,1,3,,2025,23,1
F,4,38,17,20/04/2025,SP,355030,SAO PAULO,9,3,,2025,17,1
F,4,76,19,09/05/2025,SP,355030,SAO PAULO,1,1,,2025,19,1
F,1,30,20,11/05/2025,SP,355030,SAO PAULO,1,,,2025,20,0
F,4,35,49,05/12/2025,SP,355030,SAO PAULO,1,3,,2025,49,1
F,1,31,47,22/11/2025,SP,355030,SAO PAULO,1,,,2025,47,0
M,1,34,22,29/05/2025,SP,355030,SAO PAULO,1,3,,2025,22,1
M,9,13,20,13/05/2025,SP,355030,SAO PAULO,1,,,2025,20,0
F,4,13,44,28/10/2025,SP,355030,SAO PAULO,,3,,2025,44,1
F,1,29,11,14/03/2025,SP,355030,SAO PAULO,1,3,,2025,11,1
M,4,77,43,20/10/2025,SP,355030,SAO PAULO,1,,,2025,43,0
F,2,74,18,01/05/2025,SP,355030,SAO PAULO,1,2,,2025,18,1
M,1,78,16,13/04/2025,SP,355030,SAO PAULO,,,,2025,16,0
F,1,14,27,02/07/2025,SP,355030,SAO PAULO,,,,2025,27,0
M,1,8,42,16/10/2025,SP,355030,SAO PAULO,1,2,,2025,42,1
F,9,8,33,10/08/2025,SP,355030,SAO PAULO,1,,,2025,33,0
F,4,7,42,12/10/2025,SP,355030,SAO PAULO,,2,,2025,42,1
F,4,7,43,24/10/2025,SP,355030,SAO PAULO,1,6,H3,2025,43,1
M,1,7,23,01/06/2025,SP,355030,SAO PAULO,1,,,2025,23,0
F,2,7,22,25/05/2025,SP,355030,SAO PAULO,1,,,2025,22,0
M,9,7,41,11/10/2025,SP,355030,SAO PAULO,9,5,,2025,41,1
M,4,11,26,25/06/2025,SP,355030,SAO PAULO,1,,,2025,26,0
F,4,6,17,22/04/2025,SP,355030,SAO PAULO,1,3,,2025,17,1
M,4,6,26,28/06/2025,SP,355030,SAO PAULO,1,3,,2025,26,1
F,4,5,20,12/05/2025,SP,355030,SAO PAULO,1,,,2025,20,0
F,2,85,48,26/11/2025,SP,355030,SAO PAULO,,2,,2025,48,1
F,1,4,12,18/03/2025,SP,355030,SAO PAULO,1,,,2025,12,0
F,1,4,14,31/03/2025,SP,355030,SAO PAULO,9,1,,2025,14,1
M,1,4,17,20/04/2025,SP,355030,SAO PAULO,1,,,2025,17,0
F,1,4,19,08/05/2025,SP,355030,SAO PAULO,1,,,2025,19,0
F,1,4,46,13/11/2025,SP,355030,SAO PAULO,1,,,2025,46,0
F,4,12,23,01/06/2025,SP,355030,SAO PAULO,1,3,,2025,23,1
M,4,3,18,30/04/2025,SP,355030,SAO PAULO,1,1,,2025,18,1
M,1,3,23,01/06/2025,SP,355030,SAO PAULO,1,,,2025,23,0
M,9,11,21,21/05/2025,SP,355030,SAO PAULO,1,,,2025,21,0
M,1,3,41,09/10/2025,SP,355030,SAO PAULO,1,3,,2025,41,1
F,1,3,45,03/11/2025,SP,355030,SAO PAULO,1,2,,2025,45,1
F,1,3,33,10/08/2025,SP,355030,SAO PAULO,1,6,INFLUENZA A SAZONAL / H3,2025,33,1
F,3,2,25,16/06/2025,SP,355030,SAO PAULO,1,2,,2025,25,1
M,1,2,33,16/08/2025,SP,355030,SAO PAULO,1,,,2025,33,0
M,4,3,15,07/04/2025,SP,355030,SAO PAULO,1,,,2025,15,0
F,1,83,19,10/05/2025,SP,355030,SAO PAULO,,3,,2025,19,1
M,1,73,47,17/11/2025,SP,355030,SAO PAULO,1,,,2025,47,0
M,9,73,17,23/04/2025,SP,355030,SAO PAULO,,3,,2025,17,1
F,1,80,22,26/05/2025,SP,355030,SAO PAULO,1,,,2025,22,0
M,1,43,45,02/11/2025,SP,355030,SAO PAULO,1,,,2025,45,0
F,1,93,46,13/11/2025,SP,355030,SAO PAULO,1,3,,2025,46,1
F,9,73,20,11/05/2025,SP,355030,SAO PAULO,1,,,2025,20,0
M,1,11,22,25/05/2025,SP,355030,SAO PAULO,,,,2025,22,0
M,1,10,02,09/01/2025,SP,355030,SAO PAULO,,3,,2025,2,1
M,9,54,49,05/12/2025,SP,355030,SAO PAULO,,,,2025,49,0
F,1,71,20,15/05/2025,SP,355030,SAO PAULO,1,,,2025,20,0
M,4,1,23,05/06/2025,SP,355030,SAO PAULO,1,,,2025,23,0
F,9,66,50,10/12/2025,SP,355030,SAO PAULO,,,,2025,50,0
F,4,1,07,11/02/2025,SP,355030,SAO PAULO,1,,,2025,7,0
M,4,72,17,22/04/2025,SP,355030,SAO PAULO,1,,,2025,17,0
M,1,2,41,11/10/2025,SP,355030,SAO PAULO,1,2,,2025,41,1
M,9,65,43,19/10/2025,SP,355030,SAO PAULO,,3,,2025,43,1
F,9,34,20,15/05/2025,SP,355030,SAO PAULO,,,,2025,20,0
F,4,3,20,15/05/2025,SP,355030,SAO PAULO,1,3,,2025,20,1
F,9,82,21,18/05/2025,SP,355030,SAO PAULO,1,3,,2025,21,1
M,1,1,42,13/10/2025,SP,355030,SAO PAULO,1,3,,2025,42,1
M,1,67,19,10/05/2025,SP,355030,SAO PAULO,1,1,,2025,19,1
F,4,1,36,04/09/2025,SP,355030,SAO PAULO,1,2,,2025,36,1
F,4,1,22,29/05/2025,SP,355030,SAO PAULO,1,,,2025,22,0
F,1,11,15,08/04/2025,SP,355030,SAO PAULO,1,5,,2025,15,1
M,1,86,21,21/05/2025,SP,355030,SAO PAULO,1,1,,2025,21,1
M,4,64,21,23/05/2025,SP,355030,SAO PAULO,1,,,2025,21,0
M,4,10,14,05/04/2025,SP,355030,SAO PAULO,1,,,2025,14,0
F,1,73,19,07/05/2025,SP,355030,SAO PAULO,,1,,2025,19,1
M,4,9,19,06/05/2025,SP,355030,SAO PAULO,1,,,2025,19,0
F,4,8,22,31/05/2025,SP,355030,SAO PAULO,1,,,2025,22,0
M,4,1,39,26/09/2025,SP,355030,SAO PAULO,1,,,2025,39,0
M,1,62,19,06/05/2025,SP,355030,SAO PAULO,1,,,2025,19,0
F,4,3,06,07/02/2025,SP,355030,SAO PAULO,1,,,2025,6,0
F,9,60,49,02/12/2025,SP,355030,SAO PAULO,1,2,,2025,49,1
F,9,3,18,01/05/2025,SP,355030,SAO PAULO,1,,,2025,18,0
M,1,9,45,03/11/2025,SP,355030,SAO PAULO,1,6,H3,2025,45,1
F,1,80,19,05/05/2025,SP,355030,SAO PAULO,,,,2025,19,0
F,1,7,43,20/10/2025,SP,355030,SAO PAULO,1,3,,2025,43,1
F,1,68,20,17/05/2025,SP,355030,SAO PAULO,1,3,,2025,20,1
F,4,7,41,05/10/2025,SP,355030,SAO PAULO,1,6,H3,2025,41,1
M,4,7,45,04/11/2025,SP,355030,SAO PAULO,,,,2025,45,0
F,1,61,17,25/04/2025,SP,355030,SAO PAULO,1,1,,2025,17,1
M,4,5,41,10/10/2025,SP,355030,SAO PAULO,1,2,,2025,41,1
F,4,6,40,01/10/2025,SP,355030,SAO PAULO,1,3,,2025,40,1
M,4,81,19,04/05/2025,SP,355030,SAO PAULO,1,,,2025,19,0
F,1,7,46,13/11/2025,SP,355030,SAO PAULO,1,2,,2025,46,1
F,4,3,38,19/09/2025,SP,355030,SAO PAULO,1,,,2025,38,0
F,9,93,24,10/06/2025,SP,355030,SAO PAULO,1,2,,2025,24,1
F,4,2,39,26/09/2025,SP,355030,SAO PAULO,1,,,2025,39,0
F,1,77,23,06/06/2025,SP,355030,SAO PAULO,1,3,,2025,23,1
F,4,82,40,02/10/2025,SP,355030,SAO PAULO,1,,,2025,40,0
M,1,89,02,08/01/2025,SP,355030,SAO PAULO,1,2,,2025,2,1
M,1,95,19,06/05/2025,SP,355030,SAO PAULO,,,,2025,19,0
M,4,3,45,03/11/2025,SP,355030,SAO PAULO,1,,,2025,45,0
F,4,57,16,17/04/2025,SP,355030,SAO PAULO,1,1,,2025,16,1
M,1,51,19,07/05/2025,SP,355030,SAO PAULO,1,1,,2025,19,1
F,1,67,20,13/05/2025,SP,355030,SAO PAULO,1,3,,2025,20,1
F,9,50,28,06/07/2025,SP,355030,SAO PAULO,1,,,2025,28,0
F,9,81,21,24/05/2025,SP,355030,SAO PAULO,1,3,,2025,21,1
F,4,86,22,25/05/2025,SP,355030,SAO PAULO,1,,,2025,22,0
F,1,77,23,04/06/2025,SP,355030,SAO PAULO,1,4,,2025,23,1
F,1,51,47,16/11/2025,SP,355030,SAO PAULO,1,3,,2025,47,1
M,4,42,21,21/05/2025,SP,355030,SAO PAULO,1,,,2025,21,0
F,9,86,22,29/05/2025,SP,355030,SAO PAULO,1,,,2025,22,0
F,2,9,44,29/10/2025,SP,355030,SAO PAULO,1,2,,2025,44,1
F,1,67,50,09/12/2025,SP,355030,SAO PAULO,1,3,,2025,50,1
M,1,48,48,25/11/2025,SP,355030,SAO PAULO,1,3,,2025,48,1
F,1,48,18,30/04/2025,SP,355030,SAO PAULO,1,,,2025,18,0
M,4,54,20,16/05/2025,SP,355030,SAO PAULO,1,,,2025,20,0
M,1,84,18,01/05/2025,SP,355030,SAO PAULO,1,1,,2025,18,1
F,1,95,23,04/06/2025,SP,355030,SAO PAULO,1,,,2025,23,0
F,2,49,20,11/05/2025,SP,355030,SAO PAULO,1,,,2025,20,0
M,1,68,05,30/01/2025,SP,355030,SAO PAULO,1,1,,2025,5,1
F,4,82,44,30/10/2025,SP,355030,SAO PAULO,1,2,,2025,44,1
F,1,79,11,15/03/2025,SP,355030,SAO PAULO,1,1,,2025,11,1
F,1,40,17,20/04/2025,SP,355030,SAO PAULO,1,3,,2025,17,1
M,1,42,20,11/05/2025,SP,355030,SAO PAULO,1,3,,2025,20,1
F,4,71,04,21/01/2025,SP,355030,SAO PAULO,1,,,2025,4,0
F,1,71,07,10/02/2025,SP,355030,SAO PAULO,1,2,,2025,7,1
F,4,34,23,06/06/2025,SP,355030,SAO PAULO,1,3,,2025,23,1
F,1,20,19,09/05/2025,SP,355030,SAO PAULO,1,3,,2025,19,1
F,4,22,33,12/08/2025,SP,355030,SAO PAULO,1,3,,2025,33,1
M,1,36,44,28/10/2025,SP,355030,SAO PAULO,1,2,,2025,44,1
F,4,32,50,10/12/2025,SP,355030,SAO PAULO,1,3,,2025,50,1
F,9,21,46,09/11/2025,SP,355030,SAO PAULO,1,,,2025,46,0
M,9,78,23,02/06/2025,SP,355030,SAO PAULO,1,3,,2025,23,1
F,1,15,26,25/06/2025,SP,355030,SAO PAULO,1,3,,2025,26,1
F,1,30,39,21/09/2025,SP,355030,SAO PAULO,1,,,2025,39,0
F,1,25,29,14/07/2025,SP,355030,SAO PAULO,1,3,,2025,29,1
F,1,20,46,12/11/2025,SP,355030,SAO PAULO,1,5,,2025,46,1
F,1,94,12,19/03/2025,SP,355030,SAO PAULO,1,3,,2025,12,1
M,1,7,21,19/05/2025,SP,355030,SAO PAULO,1,3,,2025,21,1
M,9,7,21,22/05/2025,SP,355030,SAO PAULO,1,3,,2025,21,1
F,1,6,20,17/05/2025,SP,355030,SAO PAULO,1,5,,2025,20,1
F,1,12,47,21/11/2025,SP,355030,SAO PAULO,1,,,2025,47,0
M,1,6,43,21/10/2025,SP,355030,SAO PAULO,,2,,2025,43,1
F,1,12,18,02/05/2025,SP,355030,SAO PAULO,1,,,2025,18,0
F,1,4,22,25/05/2025,SP,355030,SAO PAULO,1,3,,2025,22,1
F,9,4,42,13/10/2025,SP,355030,SAO PAULO,1,,,2025,42,0
M,1,11,45,04/11/2025,SP,355030,SAO PAULO,1,,,2025,45,0
F,1,2,30,21/07/2025,SP,355030,SAO PAULO,1,,,2025,30,0
F,9,2,18,01/05/2025,SP,355030,SAO PAULO,1,,,2025,18,0
F,1,2,20,11/05/2025,SP,355030,SAO PAULO,1,,,2025,20,0
M,1,2,22,30/05/2025,SP,355030,SAO PAULO,1,,,2025,22,0
M,1,2,17,21/04/2025,SP,355030,SAO PAULO,1,1,,2025,17,1
M,1,1,23,07/06/2025,SP,355030,SAO PAULO,1,,,2025,23,0
M,1,24,35,30/08/2025,SP,355030,SAO PAULO,1,,,2025,35,0
F,1,71,10,05/03/2025,SP,355030,SAO PAULO,1,5,,2025,10,1
M,9,78,19,04/05/2025,SP,355030,SAO PAULO,1,1,,2025,19,1
M,9,5,16,15/04/2025,SP,355030,SAO PAULO,,,,2025,16,0
F,9,87,40,29/09/2025,SP,355030,SAO PAULO,,,,2025,40,0
M,9,67,19,10/05/2025,SP,355030,SAO PAULO,,,,2025,19,0
F,9,68,20,12/05/2025,SP,355030,SAO PAULO,,,,2025,20,0
F,4,49,41,09/10/2025,SP,355030,SAO PAULO,1,2,,2025,41,1
F,9,4,44,26/10/2025,SP,355030,SAO PAULO,,,,2025,44,0
F,2,29,43,22/10/2025,SP,355030,SAO PAULO,1,,,2025,43,0
M,9,70,01,03/01/2025,SP,355030,SAO PAULO,1,1,,2025,1,1
F,1,84,25,16/06/2025,SP,355030,SAO PAULO,1,,,2025,25,0
F,1,76,19,07/05/2025,SP,355030,SAO PAULO,1,1,,2025,19,1
F,4,102,23,01/06/2025,SP,355030,SAO PAULO,1,1,,2025,23,1
M,4,40,48,27/11/2025,SP,355030,SAO PAULO,,3,,2025,48,1
F,4,73,19,10/05/2025,SP,355030,SAO PAULO,1,,,2025,19,0
F,4,70,05,30/01/2025,SP,355030,SAO PAULO,1,,,2025,5,0
F,1,87,20,15/05/2025,SP,355030,SAO PAULO,1,,,2025,20,0
M,1,64,07,09/02/2025,SP,355030,SAO PAULO,1,,,2025,7,0
M,1,70,16,13/04/2025,SP,355030,SAO PAULO,1,,,2025,16,0
F,4,65,25,15/06/2025,SP,355030,SAO PAULO,1,1,,2025,25,1
F,1,1,44,26/10/2025,SP,355030,SAO PAULO,1,,,2025,44,0
M,9,64,50,12/12/2025,SP,355030,SAO PAULO,1,,,2025,50,0
F,9,96,19,04/05/2025,SP,355030,SAO PAULO,1,3,,2025,19,1
F,9,88,22,30/05/2025,SP,355030,SAO PAULO,1,1,,2025,22,1
F,4,8,16,18/04/2025,SP,355030,SAO PAULO,,,,2025,16,0
F,2,67,24,08/06/2025,SP,355030,SAO PAULO,1,3,,2025,24,1
F,1,1,39,23/09/2025,SP,355030,SAO PAULO,1,6,H3,2025,39,1
F,1,1,51,14/12/2025,SP,355030,SAO PAULO,1,4,,2025,51,1
M,4,8,24,10/06/2025,SP,355030,SAO PAULO,,,,2025,24,0
F,1,70,03,13/01/2025,SP,355030,SAO PAULO,1,,,2025,3,0
M,1,83,17,25/04/2025,SP,355030,SAO PAULO,1,,,2025,17,0
M,4,57,18,02/05/2025,SP,355030,SAO PAULO,,3,,2025,18,1
F,9,65,20,13/05/2025,SP,355030,SAO PAULO,1,3,,2025,20,1
M,4,2,22,26/05/2025,SP,355030,SAO PAULO,1,,,2025,22,0
M,4,1,20,12/05/2025,SP,355030,SAO PAULO,1,,,2025,20,0
F,4,63,11,14/03/2025,SP,355030,SAO PAULO,1,,,2025,11,0
M,4,54,21,18/05/2025,SP,355030,SAO PAULO,1,,,2025,21,0
F,2,79,43,24/10/2025,SP,355030,SAO PAULO,,2,,2025,43,1
F,4,5,44,01/11/2025,SP,355030,SAO PAULO,1,,,2025,44,0
M,4,94,26,25/06/2025,SP,355030,SAO PAULO,,3,,2025,26,1
F,1,60,19,05/05/2025,SP,355030,SAO PAULO,1,1,,2025,19,1
F,4,77,27,02/07/2025,SP,355030,SAO PAULO,1,,,2025,27,0
F,1,78,06,08/02/2025,SP,355030,SAO PAULO,1,,,2025,6,0
F,4,89,38,15/09/2025,SP,355030,SAO PAULO,1,,,2025,38,0
F,4,69,18,02/05/2025,SP,355030,SAO PAULO,1,,,2025,18,0
F,1,53,17,22/04/2025,SP,355030,SAO PAULO,1,3,,2025,17,1
F,9,96,18,02/05/2025,SP,355030,SAO PAULO,1,3,,2025,18,1
F,4,50,51,14/12/2025,SP,355030,SAO PAULO,1,3,,2025,51,1
F,1,85,23,06/06/2025,SP,355030,SAO PAULO,1,3,,2025,23,1
M,1,74,16,17/04/2025,SP,355030,SAO PAULO,1,3,,2025,16,1
M,9,43,09,01/03/2025,SP,355030,SAO PAULO,1,3,,2025,9,1
M,1,10,27,05/07/2025,SP,355030,SAO PAULO,1,,,2025,27,0
F,4,81,21,22/05/2025,SP,355030,SAO PAULO,1,,,2025,21,0
F,9,51,20,11/05/2025,SP,355030,SAO PAULO,1,1,,2025,20,1
M,9,83,22,26/05/2025,SP,355030,SAO PAULO,1,,,2025,22,0
F,1,80,18,03/05/2025,SP,355030,SAO PAULO,,1,,2025,18,1
F,9,49,20,12/05/2025,SP,355030,SAO PAULO,1,1,,2025,20,1
F,1,45,49,05/12/2025,SP,355030,SAO PAULO,1,,,2025,49,0
M,4,46,23,03/06/2025,SP,355030,SAO PAULO,1,,,2025,23,0
F,1,48,48,23/11/2025,SP,355030,SAO PAULO,1,3,,2025,48,1
F,1,42,15,12/04/2025,SP,355030,SAO PAULO,1,,,2025,15,0
F,1,80,21,20/05/2025,SP,355030,SAO PAULO,1,,,2025,21,0
F,4,67,19,06/05/2025,SP,355030,SAO PAULO,1,3,,2025,19,1
F,1,41,29,18/07/2025,SP,355030,SAO PAULO,1,3,,2025,29,1
F,1,39,52,22/12/2025,SP,355030,SAO PAULO,1,3,,2025,52,1
F,1,39,21,22/05/2025,SP,355030,SAO PAULO,1,3,,2025,21,1
M,4,38,26,24/06/2025,SP,355030,SAO PAULO,1,4,,2025,26,1
M,1,82,29,14/07/2025,SP,355030,SAO PAULO,1,,,2025,29,0
F,9,35,28,10/07/2025,SP,355030,SAO PAULO,1,,,2025,28,0
M,1,21,41,11/10/2025,SP,355030,SAO PAULO,2,2,,2025,41,1
F,1,89,22,29/05/2025,SP,355030,SAO PAULO,1,,,2025,22,0
M,4,30,20,15/05/2025,SP,355030,SAO PAULO,1,,,2025,20,0
F,1,59,25,21/06/2025,SP,355030,SAO PAULO,1,3,,2025,25,1
M,4,30,18,02/05/2025,SP,355030,SAO PAULO,1,,,2025,18,0
F,1,29,28,07/07/2025,SP,355030,SAO PAULO,,,,2025,28,0
F,2,78,20,14/05/2025,SP,355030,SAO PAULO,,4,,2025,20,1
M,4,20,44,01/11/2025,SP,355030,SAO PAULO,,2,,2025,44,1
F,1,82,52,23/12/2025,SP,355030,SAO PAULO,1,1,,2025,52,1
F,9,22,47,17/11/2025,SP,355030,SAO PAULO,1,,,2025,47,0
M,1,9,41,10/10/2025,SP,355030,SAO PAULO,1,3,,2025,41,1
F,9,20,22,31/05/2025,SP,355030,SAO PAULO,1,2,,2025,22,1
M,1,8,25,16/06/2025,SP,355030,SAO PAULO,1,1,,2025,25,1
F,4,8,45,08/11/2025,SP,355030,SAO PAULO,1,2,,2025,45,1
F,1,18,26,23/06/2025,SP,355030,SAO PAULO,1,3,,2025,26,1
M,1,10,33,15/08/2025,SP,355030,SAO PAULO,1,2,,2025,33,1
F,4,7,18,27/04/2025,SP,355030,SAO PAULO,,1,,2025,18,1
M,2,7,21,19/05/2025,SP,355030,SAO PAULO,,1,,2025,21,1
M,4,7,25,17/06/2025,SP,355030,SAO PAULO,,1,,2025,25,1
F,1,16,24,14/06/2025,SP,355030,SAO PAULO,1,,,2025,24,0
F,1,10,22,29/05/2025,SP,355030,SAO PAULO,1,,,2025,22,0
M,4,9,15,09/04/2025,SP,355030,SAO PAULO,1,,,2025,15,0
M,2,79,19,05/05/2025,SP,355030,SAO PAULO,1,,,2025,19,0
M,4,6,43,25/10/2025,SP,355030,SAO PAULO,1,1,,2025,43,1
F,4,5,45,03/11/2025,SP,355030,SAO PAULO,1,1,,2025,45,1
F,1,5,20,14/05/2025,SP,355030,SAO PAULO,1,3,,2025,20,1
F,1,5,35,29/08/2025,SP,355030,SAO PAULO,1,,,2025,35,0
M,4,13,46,13/11/2025,SP,355030,SAO PAULO,1,2,,2025,46,1
F,4,3,20,15/05/2025,SP,355030,SAO PAULO,,1,,2025,20,1
M,1,3,42,16/10/2025,SP,355030,SAO PAULO,1,1,,2025,42,1
M,4,10,42,12/10/2025,SP,355030,SAO PAULO,1,,,2025,42,0
F,1,2,17,26/04/2025,SP,355030,SAO PAULO,1,1,,2025,17,1
F,4,3,45,02/11/2025,SP,355030,SAO PAULO,1,,,2025,45,0
F,9,2,43,25/10/2025,SP,355030,SAO PAULO,9,,,2025,43,0
M,1,2,21,22/05/2025,SP,355030,SAO PAULO,,1,,2025,21,1
M,9,2,42,17/10/2025,SP,355030,SAO PAULO,1,,,2025,42,0
F,4,1,17,23/04/2025,SP,355030,SAO PAULO,1,3,,2025,17,1
F,4,1,22,27/05/2025,SP,355030,SAO PAULO,,1,,2025,22,1
F,9,87,19,05/05/2025,SP,355030,SAO PAULO,1,,,2025,19,0
F,1,82,15,12/04/2025,SP,355030,SAO PAULO,1,,,2025,15,0
F,9,84,18,02/05/2025,SP,355030,SAO PAULO,1,3,,2025,18,1
M,1,72,19,04/05/2025,SP,355030,SAO PAULO,1,3,,2025,19,1
F,9,81,17,21/04/2025,SP,355030,SAO PAULO,,,,2025,17,0
M,4,68,39,23/09/2025,SP,355030,SAO PAULO,1,3,,2025,39,1
F,9,75,22,31/05/2025,SP,355030,SAO PAULO,,,,2025,22,0
F,4,84,19,07/05/2025,SP,355030,SAO PAULO,1,,,2025,19,0
M,9,93,24,10/06/2025,SP,355030,SAO PAULO,1,,,2025,24,0
M,9,82,07,09/02/2025,SP,355030,SAO PAULO,1,,,2025,7,0
F,4,65,18,01/05/2025,SP,355030,SAO PAULO,1,,,2025,18,0
F,1,64,19,08/05/2025,SP,355030,SAO PAULO,1,1,,2025,19,1
M,4,1,16,16/04/2025,SP,355030,SAO PAULO,1,,,2025,16,0
F,1,1,16,16/04/2025,SP,355030,SAO PAULO,1,3,,2025,16,1
F,1,1,42,16/10/2025,SP,355030,SAO PAULO,1,,,2025,42,0
M,4,1,46,10/11/2025,SP,355030,SAO PAULO,1,2,,2025,46,1
F,2,1,44,28/10/2025,SP,355030,SAO PAULO,1,4,,2025,44,1
M,9,92,23,05/06/2025,SP,355030,SAO PAULO,1,,,2025,23,0
F,1,72,15,09/04/2025,SP,355030,SAO PAULO,1,,,2025,15,0
M,9,64,21,19/05/2025,SP,355030,SAO PAULO,1,,,2025,21,0
M,4,65,49,04/12/2025,SP,355030,SAO PAULO,1,3,,2025,49,1
F,4,91,28,09/07/2025,SP,355030,SAO PAULO,1,3,,2025,28,1
M,4,63,17,26/04/2025,SP,355030,SAO PAULO,1,3,,2025,17,1
M,4,1,42,16/10/2025,SP,355030,SAO PAULO,1,6,H3,2025,42,1
F,3,8,24,08/06/2025,SP,355030,SAO PAULO,1,,,2025,24,0
F,1,64,26,25/06/2025,SP,355030,SAO PAULO,1,,,2025,26,0
F,1,7,20,13/05/2025,SP,355030,SAO PAULO,,1,,2025,20,1
F,1,90,51,14/12/2025,SP,355030,SAO PAULO,1,,,2025,51,0
M,4,5,22,29/05/2025,SP,355030,SAO PAULO,1,,,2025,22,0
F,1,2,18,28/04/2025,SP,355030,SAO PAULO,1,3,,2025,18,1
M,4,8,47,21/11/2025,SP,355030,SAO PAULO,1,,,2025,47,0
F,9,7,47,19/11/2025,SP,355030,SAO PAULO,1,,,2025,47,0
M,4,16,18,30/04/2025,SP,355030,SAO PAULO,1,,,2025,18,0
F,1,90,45,07/11/2025,SP,355030,SAO PAULO,,,,2025,45,0
F,4,1,22,25/05/2025,SP,355030,SAO PAULO,1,,,2025,22,0
F,1,77,21,18/05/2025,SP,355030,SAO PAULO,1,,,2025,21,0
M,1,84,44,27/10/2025,SP,355030,SAO PAULO,1,,,2025,44,0
F,1,6,49,01/12/2025,SP,355030,SAO PAULO,1,3,,2025,49,1
M,1,88,25,21/06/2025,SP,355030,SAO PAULO,1,,,2025,25,0
M,1,29,22,26/05/2025,SP,355030,SAO PAULO,1,1,,2025,22,1
M,1,2,34,17/08/2025,SP,355030,SAO PAULO,1,,,2025,34,0
M,1,90,18,03/05/2025,SP,355030,SAO PAULO,1,3,,2025,18,1
F,9,74,42,18/10/2025,SP,355030,SAO PAULO,1,,,2025,42,0
F,1,55,15,09/04/2025,SP,355030,SAO PAULO,1,,,2025,15,0
F,9,70,17,25/04/2025,SP,355030,SAO PAULO,1,,,2025,17,0
M,9,55,16,15/04/2025,SP,355030,SAO PAULO,1,,,2025,16,0
M,4,3,17,23/04/2025,SP,355030,SAO PAULO,1,,,2025,17,0
F,1,71,16,17/04/2025,SP,355030,SAO PAULO,1,,,2025,16,0
F,4,86,21,22/05/2025,SP,355030,SAO PAULO,1,,,2025,21,0
M,4,8,43,25/10/2025,SP,355030,SAO PAULO,,4,,2025,43,1
F,4,81,31,02/08/2025,SP,355030,SAO PAULO,1,,,2025,31,0
F,4,75,30,20/07/2025,SP,355030,SAO PAULO,1,,,2025,30,0
M,4,1,48,27/11/2025,SP,355030,SAO PAULO,1,6,SAZONAL / H3,2025,48,1
M,9,84,21,20/05/2025,SP,355030,SAO PAULO,1,3,,2025,21,1
F,3,91,22,31/05/2025,SP,355030,SAO PAULO,1,,,2025,22,0
F,1,94,21,20/05/2025,SP,355030,SAO PAULO,1,3,,2025,21,1
F,9,90,18,02/05/2025,SP,355030,SAO PAULO,1,3,,2025,18,1
M,9,56,14,04/04/2025,SP,355030,SAO PAULO,9,3,,2025,14,1
M,9,75,51,17/12/2025,SP,355030,SAO PAULO,1,6,INFLUENZA A/H3,2025,51,1
F,1,81,22,25/05/2025,SP,355030,SAO PAULO,1,1,,2025,22,1
F,4,75,44,27/10/2025,SP,355030,SAO PAULO,1,,,2025,44,0
M,1,81,20,12/05/2025,SP,355030,SAO PAULO,1,1,,2025,20,1
F,1,96,18,01/05/2025,SP,355030,SAO PAULO,1,3,,2025,18,1
F,1,87,25,16/06/2025,SP,355030,SAO PAULO,,3,,2025,25,1
F,1,73,21,21/05/2025,SP,355030,SAO PAULO,1,3,,2025,21,1
M,9,44,26,27/06/2025,SP,355030,SAO PAULO,1,3,,2025,26,1
F,4,62,22,30/05/2025,SP,355030,SAO PAULO,1,,,2025,22,0
F,4,83,04,20/01/2025,SP,355030,SAO PAULO,,3,,2025,4,1
M,1,77,20,11/05/2025,SP,355030,SAO PAULO,,1,,2025,20,1
M,1,45,51,14/12/2025,SP,355030,SAO PAULO,1,2,,2025,51,1
M,1,47,39,21/09/2025,SP,355030,SAO PAULO,1,3,,2025,39,1
M,1,64,43,19/10/2025,SP,355030,SAO PAULO,1,3,,2025,43,1
F,9,45,20,15/05/2025,SP,355030,SAO PAULO,1,3,,2025,20,1
F,4,76,19,10/05/2025,SP,355030,SAO PAULO,1,,,2025,19,0
M,4,37,15,09/04/2025,SP,355030,SAO PAULO,1,3,,2025,15,1
F,9,56,16,14/04/2025,SP,355030,SAO PAULO,1,3,,2025,16,1
F,9,37,26,28/06/2025,SP,355030,SAO PAULO,1,,,2025,26,0
M,1,76,18,27/04/2025,SP,355030,SAO PAULO,1,3,,2025,18,1
F,4,26,16,16/04/2025,SP,355030,SAO PAULO,1,,,2025,16,0
F,1,29,47,17/11/2025,SP,355030,SAO PAULO,1,3,,2025,47,1
M,1,58,06,04/02/2025,SP,355030,SAO PAULO,1,3,,2025,6,1
F,1,27,24,12/06/2025,SP,355030,SAO PAULO,1,3,,2025,24,1
F,1,27,43,22/10/2025,SP,355030,SAO PAULO,1,,,2025,43,0
F,1,24,20,15/05/2025,SP,355030,SAO PAULO,1,3,,2025,20,1
F,1,13,16,13/04/2025,SP,355030,SAO PAULO,9,1,,2025,16,1
M,4,12,13,24/03/2025,SP,355030,SAO PAULO,1,3,,2025,13,1
F,4,9,44,28/10/2025,SP,355030,SAO PAULO,1,,,2025,44,0
M,9,77,48,27/11/2025,SP,355030,SAO PAULO,1,3,,2025,48,1
M,4,8,41,05/10/2025,SP,355030,SAO PAULO,1,3,,2025,41,1
M,1,7,22,29/05/2025,SP,355030,SAO PAULO,1,3,,2025,22,1
F,9,8,46,15/11/2025,SP,355030,SAO PAULO,1,,,2025,46,0
F,1,15,42,14/10/2025,SP,355030,SAO PAULO,1,2,,2025,42,1
M,9,12,22,25/05/2025,SP,355030,SAO PAULO,1,,,2025,22,0
M,1,6,23,07/06/2025,SP,355030,SAO PAULO,1,3,,2025,23,1
M,1,59,37,10/09/2025,SP,355030,SAO PAULO,1,3,,2025,37,1
F,4,19,45,02/11/2025,SP,355030,SAO PAULO,1,,,2025,45,0
F,1,89,18,01/05/2025,SP,355030,SAO PAULO,1,1,,2025,18,1
M,1,75,24,10/06/2025,SP,355030,SAO PAULO,1,,,2025,24,0
M,1,5,16,16/04/2025,SP,355030,SAO PAULO,1,1,,2025,16,1
M,9,4,18,30/04/2025,SP,355030,SAO PAULO,1,,,2025,18,0
M,1,4,20,11/05/2025,SP,355030,SAO PAULO,1,,,2025,20,0
M,1,3,44,26/10/2025,SP,355030,SAO PAULO,1,2,,2025,44,1
M,9,3,47,21/11/2025,SP,355030,SAO PAULO,1,6,INLFUENZA A SAZONAL/H3,2025,47,1
F,1,3,43,19/10/2025,SP,355030,SAO PAULO,1,6,H3,2025,43,1
F,9,2,17,24/04/2025,SP,355030,SAO PAULO,1,1,,2025,17,1
M,1,2,35,29/08/2025,SP,355030,SAO PAULO,1,3,,2025,35,1
F,1,2,39,25/09/2025,SP,355030,SAO PAULO,1,,,2025,39,0
F,1,1,16,13/04/2025,SP,355030,SAO PAULO,1,1,,2025,16,1
M,2,1,18,27/04/2025,SP,355030,SAO PAULO,1,,,2025,18,0
M,1,1,06,05/02/2025,SP,355030,SAO PAULO,1,3,,2025,6,1
M,1,74,19,10/05/2025,SP,355030,SAO PAULO,1,,,2025,19,0
M,1,75,18,01/05/2025,SP,355030,SAO PAULO,1,3,,2025,18,1
M,9,74,26,24/06/2025,SP,355030,SAO PAULO,1,3,,2025,26,1
F,1,69,18,01/05/2025,SP,355030,SAO PAULO,,,,2025,18,0
M,4,72,19,08/05/2025,SP,355030,SAO PAULO,,3,,2025,19,1
M,1,82,19,09/05/2025,SP,355030,SAO PAULO,1,,,2025,19,0
M,1,69,18,03/05/2025,SP,355030,SAO PAULO,2,3,,2025,18,1
M,4,4,20,12/05/2025,SP,355030,SAO PAULO,,4,,2025,20,1
M,4,77,01,03/01/2026,SP,355030,SAO PAULO,1,,,2026,1,0
M,9,85,45,03/11/2025,SP,355030,SAO PAULO,,,,2025,45,0
F,1,51,15,08/04/2025,SP,355030,SAO PAULO,1,1,,2025,15,1
F,1,10,21,22/05/2025,SP,355030,SAO PAULO,1,,,2025,21,0
M,4,3,50,10/12/2025,SP,355030,SAO PAULO,1,,,2025,50,0
M,1,1,15,06/04/2025,SP,355030,SAO PAULO,1,3,,2025,15,1
F,1,1,15,09/04/2025,SP,355030,SAO PAULO,1,3,,2025,15,1
M,4,1,17,25/04/2025,SP,355030,SAO PAULO,1,1,,2025,17,1
F,1,1,12,17/03/2025,SP,355030,SAO PAULO,1,,,2025,12,0
M,1,1,42,16/10/2025,SP,355030,SAO PAULO,1,2,,2025,42,1
M,4,1,21,24/05/2025,SP,355030,SAO PAULO,1,1,,2025,21,1
M,4,1,21,22/05/2025,SP,355030,SAO PAULO,1,,,2025,21,0
M,1,1,40,04/10/2025,SP,355030,SAO PAULO,1,,,2025,40,0
F,4,62,17,20/04/2025,SP,355030,SAO PAULO,1,,,2025,17,0
F,4,83,23,05/06/2025,SP,355030,SAO PAULO,1,1,,2025,23,1
F,4,86,18,30/04/2025,SP,355030,SAO PAULO,1,1,,2025,18,1
M,4,10,15,07/04/2025,SP,355030,SAO PAULO,2,,,2025,15,0
F,1,67,10,03/03/2025,SP,355030,SAO PAULO,1,1,,2025,10,1
F,1,62,17,21/04/2025,SP,355030,SAO PAULO,1,1,,2025,17,1
M,1,9,19,10/05/2025,SP,355030,SAO PAULO,1,,,2025,19,0
M,1,1,42,12/10/2025,SP,355030,SAO PAULO,1,,,2025,42,0
F,4,0,45,03/11/2025,SP,355030,SAO PAULO,1,2,,2025,45,1
M,1,6,19,10/05/2025,SP,355030,SAO PAULO,1,1,,2025,19,1
M,1,84,19,10/05/2025,SP,355030,SAO PAULO,1,,,2025,19,0
F,1,6,30,26/07/2025,SP,355030,SAO PAULO,1,6,A SAZONAL / H3,2025,30,1
F,1,2,16,14/04/2025,SP,355030,SAO PAULO,1,,,2025,16,0
M,4,67,15,10/04/2025,SP,355030,SAO PAULO,1,3,,2025,15,1
F,1,79,16,17/04/2025,SP,355030,SAO PAULO,1,3,,2025,16,1
F,9,93,22,31/05/2025,SP,355030,SAO PAULO,,,,2025,22,0
F,1,55,23,03/06/2025,SP,355030,SAO PAULO,1,3,,2025,23,1
F,9,80,21,19/05/2025,SP,355030,SAO PAULO,1,,,2025,21,0
F,4,58,21,23/05/2025,SP,355030,SAO PAULO,1,3,,2025,21,1
F,1,52,17,22/04/2025,SP,355030,SAO PAULO,1,1,,2025,17,1
M,4,3,21,19/05/2025,SP,355030,SAO PAULO,1,3,,2025,21,1
F,4,1,44,29/10/2025,SP,355030,SAO PAULO,1,,,2025,44,0
F,1,96,40,01/10/2025,SP,355030,SAO PAULO,1,3,,2025,40,1
F,1,52,19,07/05/2025,SP,355030,SAO PAULO,1,,,2025,19,0
F,4,82,23,02/06/2025,SP,355030,SAO PAULO,1,3,,2025,23,1
F,3,81,19,07/05/2025,SP,355030,SAO PAULO,1,5,,2025,19,1
F,1,57,18,01/05/2025,SP,355030,SAO PAULO,1,1,,2025,18,1
F,2,60,21,18/05/2025,SP,355030,SAO PAULO,1,1,,2025,21,1
F,1,52,20,15/05/2025,SP,355030,SAO PAULO,1,1,,2025,20,1
F,1,86,17,20/04/2025,SP,355030,SAO PAULO,1,,,2025,17,0
M,9,74,23,05/06/2025,SP,355030,SAO PAULO,2,1,,2025,23,1
F,9,80,24,08/06/2025,SP,355030,SAO PAULO,1,,,2025,24,0
F,9,88,40,04/10/2025,SP,355030,SAO PAULO,,3,,2025,40,1
F,1,69,19,10/05/2025,SP,355030,SAO PAULO,1,,,2025,19,0
F,1,45,02,06/01/2025,SP,355030,SAO PAULO,1,,,2025,2,0
M,1,79,19,10/05/2025,SP,355030,SAO PAULO,1,3,,2025,19,1
M,9,80,21,18/05/2025,SP,355030,SAO PAULO,1,,,2025,21,0
F,1,92,18,03/05/2025,SP,355030,SAO PAULO,1,3,,2025,18,1
F,4,72,19,05/05/2025,SP,355030,SAO PAULO,1,,,2025,19,0
M,4,51,16,15/04/2025,SP,355030,SAO PAULO,1,3,,2025,16,1
F,4,77,22,28/05/2025,SP,355030,SAO PAULO,1,,,2025,22,0
F,4,46,14,03/04/2025,SP,355030,SAO PAULO,1,3,,2025,14,1
F,1,46,24,08/06/2025,SP,355030,SAO PAULO,1,3,,2025,24,1
F,1,47,17,22/04/2025,SP,355030,SAO PAULO,1,3,,2025,17,1
F,1,43,19,05/05/2025,SP,355030,SAO PAULO,1,,,2025,19,0
F,1,40,20,15/05/2025,SP,355030,SAO PAULO,1,3,,2025,20,1
F,4,38,24,09/06/2025,SP,355030,SAO PAULO,1,,,2025,24,0
F,4,39,19,08/05/2025,SP,355030,SAO PAULO,1,,,2025,19,0
F,9,35,24,12/06/2025,SP,355030,SAO PAULO,1,3,,2025,24,1
M,4,36,23,02/06/2025,SP,355030,SAO PAULO,1,,,2025,23,0
M,1,26,33,10/08/2025,SP,355030,SAO PAULO,1,,,2025,33,0
M,1,74,27,01/07/2025,SP,355030,SAO PAULO,1,3,,2025,27,1
F,1,60,08,22/02/2025,SP,355030,SAO PAULO,1,1,,2025,8,1
M,4,16,38,18/09/2025,SP,355030,SAO PAULO,1,6,SAZONAL H3,2025,38,1
F,1,69,30,22/07/2025,SP,355030,SAO PAULO,1,6,H1-2009,2025,30,1
F,1,24,18,01/05/2025,SP,355030,SAO PAULO,1,3,,2025,18,1
F,4,10,27,29/06/2025,SP,355030,SAO PAULO,1,,,2025,27,0
M,9,8,18,30/04/2025,SP,355030,SAO PAULO,1,,,2025,18,0
M,1,8,22,25/05/2025,SP,355030,SAO PAULO,1,3,,2025,22,1
M,4,16,17,25/04/2025,SP,355030,SAO PAULO,1,3,,2025,17,1
M,1,74,22,26/05/2025,SP,355030,SAO PAULO,1,1,,2025,22,1
F,1,15,18,01/05/2025,SP,355030,SAO PAULO,1,3,,2025,18,1
F,9,6,18,01/05/2025,SP,355030,SAO PAULO,1,,,2025,18,0
M,1,10,19,06/05/2025,SP,355030,SAO PAULO,1,,,2025,19,0
F,2,6,44,26/10/2025,SP,355030,SAO PAULO,1,2,,2025,44,1
M,1,6,41,08/10/2025,SP,355030,SAO PAULO,1,4,,2025,41,1
M,4,11,20,13/05/2025,SP,355030,SAO PAULO,1,1,,2025,20,1
F,4,11,20,17/05/2025,SP,355030,SAO PAULO,1,1,,2025,20,1
F,9,5,43,20/10/2025,SP,355030,SAO PAULO,1,4,,2025,43,1
M,1,5,18,03/05/2025,SP,355030,SAO PAULO,1,3,,2025,18,1
M,1,5,17,20/04/2025,SP,355030,SAO PAULO,,4,,2025,17,1
M,1,4,15,12/04/2025,SP,355030,SAO PAULO,1,3,,2025,15,1
M,1,9,42,15/10/2025,SP,355030,SAO PAULO,1,,,2025,42,0
M,2,3,16,19/04/2025,SP,355030,SAO PAULO,9,3,,2025,16,1
M,9,3,40,03/10/2025,SP,355030,SAO PAULO,1,,,2025,40,0
F,1,2,27,03/07/2025,SP,355030,SAO PAULO,1,1,,2025,27,1
F,1,3,50,12/12/2025,SP,355030,SAO PAULO,1,,,2025,50,0
M,1,2,21,21/05/2025,SP,355030,SAO PAULO,1,,,2025,21,0
M,4,2,46,13/11/2025,SP,355030,SAO PAULO,1,2,,2025,46,1
F,4,1,18,28/04/2025,SP,355030,SAO PAULO,1,,,2025,18,0
M,9,72,43,25/10/2025,SP,355030,SAO PAULO,1,,,2025,43,0
F,1,72,18,01/05/2025,SP,355030,SAO PAULO,1,1,,2025,18,1
F,9,70,19,10/05/2025,SP,355030,SAO PAULO,,1,,2025,19,1
M,4,50,34,23/08/2025,SP,355030,SAO PAULO,1,,,2025,34,0
F,4,87,23,06/06/2025,SP,355030,SAO PAULO,1,3,,2025,23,1
F,1,88,07,09/02/2025,SP,355030,SAO PAULO,1,3,,2025,7,1
F,9,68,26,26/06/2025,SP,355030,SAO PAULO,,,,2025,26,0
F,1,77,22,28/05/2025,SP,355030,SAO PAULO,,,,2025,22,0
M,1,81,07,13/02/2025,SP,355030,SAO PAULO,1,,,2025,7,0
F,1,40,03,17/01/2025,SP,355030,SAO PAULO,1,3,,2025,3,1
F,1,67,18,03/05/2025,SP,355030,SAO PAULO,1,,,2025,18,0
F,1,1,14,01/04/2025,SP,355030,SAO PAULO,1,1,,2025,14,1
F,9,4,43,20/10/2025,SP,355030,SAO PAULO,,,,2025,43,0
M,1,71,23,03/06/2025,SP,355030,SAO PAULO,1,1,,2025,23,1
F,4,8,21,20/05/2025,SP,355030,SAO PAULO,1,3,,2025,21,1
M,1,63,19,04/05/2025,SP,355030,SAO PAULO,1,1,,2025,19,1
F,4,64,29,13/07/2025,SP,355030,SAO PAULO,1,,,2025,29,0
F,1,11,46,11/11/2025,SP,355030,SAO PAULO,1,,,2025,46,0
F,9,94,24,12/06/2025,SP,355030,SAO PAULO,1,,,2025,24,0
M,2,56,24,13/06/2025,SP,355030,SAO PAULO,,1,,2025,24,1
F,1,85,17,25/04/2025,SP,355030,SAO PAULO,1,,,2025,17,0
M,1,57,23,04/06/2025,SP,355030,SAO PAULO,1,3,,2025,23,1
F,4,44,50,08/12/2025,SP,355030,SAO PAULO,1,,,2025,50,0
M,1,45,06,07/02/2025,SP,355030,SAO PAULO,1,3,,2025,6,1
M,4,40,04,25/01/2025,SP,355030,SAO PAULO,1,1,,2025,4,1
F,9,51,25,20/06/2025,SP,355030,SAO PAULO,1,1,,2025,25,1
M,2,77,21,24/05/2025,SP,355030,SAO PAULO,1,1,,2025,21,1
M,9,87,19,04/05/2025,SP,355030,SAO PAULO,1,,,2025,19,0
F,4,41,46,10/11/2025,SP,355030,SAO PAULO,1,,,2025,46,0
M,1,38,18,01/05/2025,SP,355030,SAO PAULO,1,,,2025,18,0
M,4,38,18,27/04/2025,SP,355030,SAO PAULO,1,,,2025,18,0
M,1,29,43,21/10/2025,SP,355030,SAO PAULO,1,3,,2025,43,1
M,1,12,22,30/05/2025,SP,355030,SAO PAULO,1,3,,2025,22,1
F,9,28,26,25/06/2025,SP,355030,SAO PAULO,1,,,2025,26,0
F,9,20,42,16/10/2025,SP,355030,SAO PAULO,,3,,2025,42,1
M,1,3,16,19/04/2025,SP,355030,SAO PAULO,1,1,,2025,16,1
M,4,3,43,23/10/2025,SP,355030,SAO PAULO,1,3,,2025,43,1
M,4,69,07,13/02/2025,SP,355030,SAO PAULO,,,,2025,7,0
M,9,67,10,07/03/2025,SP,355030,SAO PAULO,1,1,,2025,10,1
M,4,74,27,01/07/2025,SP,355030,SAO PAULO,1,,,2025,27,0
F,1,85,20,15/05/2025,SP,355030,SAO PAULO,1,,,2025,20,0
F,9,7,15,12/04/2025,SP,355030,SAO PAULO,,,,2025,15,0
F,9,82,19,10/05/2025,SP,355030,SAO PAULO,,,,2025,19,0
F,4,75,19,08/05/2025,SP,355030,SAO PAULO,1,,,2025,19,0
M,9,1,03,17/01/2025,SP,355030,SAO PAULO,,,,2025,3,0
F,1,73,46,09/11/2025,SP,355030,SAO PAULO,,,,2025,46,0
M,1,1,34,23/08/2025,SP,355030,SAO PAULO,1,2,,2025,34,1
M,4,69,22,25/05/2025,SP,355030,SAO PAULO,1,1,,2025,22,1
F,1,24,15,10/04/2025,SP,355030,SAO PAULO,1,,,2025,15,0
F,4,1,43,25/10/2025,SP,355030,SAO PAULO,1,,,2025,43,0
F,2,67,18,01/05/2025,SP,355030,SAO PAULO,1,3,,2025,18,1
F,9,78,15,08/04/2025,SP,355030,SAO PAULO,1,,,2025,15,0
M,9,1,21,20/05/2025,SP,355030,SAO PAULO,1,,,2025,21,0
F,1,90,16,18/04/2025,SP,355030,SAO PAULO,1,5,,2025,16,1
M,4,1,24,09/06/2025,SP,355030,SAO PAULO,1,,,2025,24,0
M,9,1,43,25/10/2025,SP,355030,SAO PAULO,,3,,2025,43,1
M,1,0,16,14/04/2025,SP,355030,SAO PAULO,1,3,,2025,16,1
M,9,1,42,18/10/2025,SP,355030,SAO PAULO,9,3,,2025,42,1
M,9,63,31,01/08/2025,SP,355030,SAO PAULO,1,,,2025,31,0
F,9,83,17,20/04/2025,SP,355030,SAO PAULO,1,1,,2025,17,1
F,4,66,45,05/11/2025,SP,355030,SAO PAULO,1,,,2025,45,0
F,1,67,52,23/12/2025,SP,355030,SAO PAULO,1,3,,2025,52,1
F,1,83,26,25/06/2025,SP,355030,SAO PAULO,1,3,,2025,26,1
F,4,62,20,11/05/2025,SP,355030,SAO PAULO,1,3,,2025,20,1
F,1,60,20,15/05/2025,SP,355030,SAO PAULO,1,3,,2025,20,1
M,1,11,27,04/07/2025,SP,355030,SAO PAULO,,,,2025,27,0
M,1,81,21,21/05/2025,SP,355030,SAO PAULO,,1,,2025,21,1
M,1,7,14,01/04/2025,SP,355030,SAO PAULO,1,,,2025,14,0
M,4,43,27,03/07/2025,SP,355030,SAO PAULO,1,,,2025,27,0
F,1,1,43,24/10/2025,SP,355030,SAO PAULO,1,2,,2025,43,1
F,9,61,20,11/05/2025,SP,355030,SAO PAULO,1,,,2025,20,0
F,1,36,22,25/05/2025,SP,355030,SAO PAULO,1,3,,2025,22,1
M,1,5,19,07/05/2025,SP,355030,SAO PAULO,1,,,2025,19,0
F,1,77,04,25/01/2025,SP,355030,SAO PAULO,1,,,2025,4,0
F,1,11,46,10/11/2025,SP,355030,SAO PAULO,1,,,2025,46,0
F,4,58,13,24/03/2025,SP,355030,SAO PAULO,,,,2025,13,0
M,1,10,47,19/11/2025,SP,355030,SAO PAULO,1,,,2025,47,0
F,4,1,40,03/10/2025,SP,355030,SAO PAULO,1,,,2025,40,0
M,1,6,40,30/09/2025,SP,355030,SAO PAULO,1,3,,2025,40,1
M,5,3,21,23/05/2025,SP,355030,SAO PAULO,1,1,,2025,21,1
M,4,7,42,17/10/2025,SP,355030,SAO PAULO,1,6,H3,2025,42,1
F,4,7,42,18/10/2025,SP,355030,SAO PAULO,1,,,2025,42,0
M,4,7,51,20/12/2025,SP,355030,SAO PAULO,1,3,,2025,51,1
M,4,21,26,28/06/2025,SP,355030,SAO PAULO,1,3,,2025,26,1
M,1,5,44,30/10/2025,SP,355030,SAO PAULO,1,,,2025,44,0
M,4,73,41,09/10/2025,SP,355030,SAO PAULO,1,2,,2025,41,1
M,1,3,44,27/10/2025,SP,355030,SAO PAULO,1,4,,2025,44,1
M,9,54,21,18/05/2025,SP,355030,SAO PAULO,1,,,2025,21,0
F,9,91,26,24/06/2025,SP,355030,SAO PAULO,1,1,,2025,26,1
M,1,81,21,22/05/2025,SP,355030,SAO PAULO,1,3,,2025,21,1
M,4,6,36,04/09/2025,SP,355030,SAO PAULO,1,,,2025,36,0
F,9,33,03,17/01/2025,SP,355030,SAO PAULO,1,1,,2025,3,1
F,4,63,19,05/05/2025,SP,355030,SAO PAULO,1,1,,2025,19,1
F,9,75,22,26/05/2025,SP,355030,SAO PAULO,1,,,2025,22,0
F,4,76,19,04/05/2025,SP,355030,SAO PAULO,,,,2025,19,0
M,1,1,50,10/12/2025,SP,355030,SAO PAULO,,,,2025,50,0
F,1,81,23,01/06/2025,SP,355030,SAO PAULO,1,3,,2025,23,1
F,1,66,41,08/10/2025,SP,355030,SAO PAULO,1,2,,2025,41,1
M,9,52,23,02/06/2025,SP,355030,SAO PAULO,1,1,,2025,23,1
F,9,43,23,04/06/2025,SP,355030,SAO PAULO,1,3,,2025,23,1
M,1,70,45,06/11/2025,SP,355030,SAO PAULO,1,,,2025,45,0
M,4,12,19,10/05/2025,SP,355030,SAO PAULO,1,,,2025,19,0
F,1,12,38,15/09/2025,SP,355030,SAO PAULO,1,2,,2025,38,1
F,1,46,12,20/03/2025,SP,355030,SAO PAULO,1,3,,2025,12,1
F,1,76,46,14/11/2025,SP,355030,SAO PAULO,1,6,H3,2025,46,1
F,1,43,23,05/06/2025,SP,355030,SAO PAULO,1,3,,2025,23,1
M,4,68,15,10/04/2025,SP,355030,SAO PAULO,1,1,,2025,15,1
M,1,38,16,16/04/2025,SP,355030,SAO PAULO,1,,,2025,16,0
F,4,27,01,02/01/2026,SP,355030,SAO PAULO,1,,,2026,1,0
M,9,77,19,08/05/2025,SP,355030,SAO PAULO,1,3,,2025,19,1
F,1,34,19,10/05/2025,SP,355030,SAO PAULO,1,3,,2025,19,1
M,4,31,21,23/05/2025,SP,355030,SAO PAULO,1,,,2025,21,0
F,4,34,20,14/05/2025,SP,355030,SAO PAULO,1,3,,2025,20,1
M,9,83,48,24/11/2025,SP,355030,SAO PAULO,1,,,2025,48,0
M,1,14,46,11/11/2025,SP,355030,SAO PAULO,1,,,2025,46,0
M,1,72,48,29/11/2025,SP,355030,SAO PAULO,,2,,2025,48,1
M,9,82,49,01/12/2025,SP,355030,SAO PAULO,,3,,2025,49,1
M,1,10,15,12/04/2025,SP,355030,SAO PAULO,1,3,,2025,15,1
M,1,16,23,02/06/2025,SP,355030,SAO PAULO,1,3,,2025,23,1
M,4,13,03,18/01/2025,SP,355030,SAO PAULO,1,,,2025,3,0
M,1,6,14,03/04/2025,SP,355030,SAO PAULO,,,,2025,14,0
F,1,7,52,24/12/2025,SP,355030,SAO PAULO,1,,,2025,52,0
F,1,15,30,21/07/2025,SP,355030,SAO PAULO,1,3,,2025,30,1
M,1,75,32,08/08/2025,SP,355030,SAO PAULO,1,3,,2025,32,1
F,1,4,21,18/05/2025,SP,355030,SAO PAULO,1,3,,2025,21,1
M,1,14,19,05/05/2025,SP,355030,SAO PAULO,1,,,2025,19,0
M,4,3,45,08/11/2025,SP,355030,SAO PAULO,,3,,2025,45,1
F,2,3,43,25/10/2025,SP,355030,SAO PAULO,1,2,,2025,43,1
M,4,1,13,24/03/2025,SP,355030,SAO PAULO,1,,,2025,13,0
M,1,2,45,08/11/2025,SP,355030,SAO PAULO,1,3,,2025,45,1
M,1,2,44,27/10/2025,SP,355030,SAO PAULO,1,,,2025,44,0
M,1,56,20,15/05/2025,SP,355030,SAO PAULO,1,3,,2025,20,1
M,4,72,50,08/12/2025,SP,355030,SAO PAULO,1,2,,2025,50,1
M,4,57,18,01/05/2025,SP,355030,SAO PAULO,1,,,2025,18,0
F,1,88,21,23/05/2025,SP,355030,SAO PAULO,1,,,2025,21,0
M,9,77,47,20/11/2025,SP,355030,SAO PAULO,1,3,,2025,47,1
M,1,83,40,29/09/2025,SP,355030,SAO PAULO,1,3,,2025,40,1
M,4,81,20,11/05/2025,SP,355030,SAO PAULO,1,1,,2025,20,1
M,9,69,22,28/05/2025,SP,355030,SAO PAULO,1,,,2025,22,0
F,1,1,19,04/05/2026,SP,355030,SAO PAULO,1,,,2026,19,0
F,4,78,11,13/03/2026,SP,355030,SAO PAULO,1,3,,2026,11,1
M,9,77,05,29/01/2026,SP,355030,SAO PAULO,1,1,,2026,5,1
M,1,65,16,14/04/2026,SP,355030,SAO PAULO,1,5,,2026,16,1
M,9,8,22,28/05/2026,SP,355030,SAO PAULO,1,4,,2026,22,1
F,9,58,19,06/05/2026,SP,355030,SAO PAULO,1,,,2026,19,0
F,9,2,09,25/02/2026,SP,355030,SAO PAULO,1,3,,2026,9,1
M,1,2,22,26/05/2026,SP,355030,SAO PAULO,1,,,2026,22,0
M,4,28,19,06/05/2026,SP,355030,SAO PAULO,1,2,,2026,19,1
F,1,40,18,27/04/2026,SP,355030,SAO PAULO,1,2,,2026,18,1
M,4,48,10,01/03/2026,SP,355030,SAO PAULO,1,3,,2026,10,1
F,1,61,12,15/03/2026,SP,355030,SAO PAULO,,5,,2026,12,1
F,9,46,18,30/04/2026,SP,355030,SAO PAULO,1,,,2026,18,0
M,1,41,07,14/02/2026,SP,355030,SAO PAULO,1,,,2026,7,0
F,4,37,22,30/05/2026,SP,355030,SAO PAULO,1,5,,2026,22,1
F,4,31,20,10/05/2026,SP,355030,SAO PAULO,1,3,,2026,20,1
F,1,10,21,19/05/2026,SP,355030,SAO PAULO,1,2,,2026,21,1
M,1,10,19,04/05/2026,SP,355030,SAO PAULO,1,3,,2026,19,1
M,1,16,22,25/05/2026,SP,355030,SAO PAULO,1,3,,2026,22,1
M,4,8,25,18/06/2026,SP,355030,SAO PAULO,9,3,,2026,25,1
M,1,7,14,04/04/2026,SP,355030,SAO PAULO,1,,,2026,14,0
M,3,7,17,22/04/2026,SP,355030,SAO PAULO,1,6,AGUARDA SUBTIPAGEM,2026,17,1
M,1,3,13,25/03/2026,SP,355030,SAO PAULO,1,2,,2026,13,1
M,1,3,16,17/04/2026,SP,355030,SAO PAULO,1,,,2026,16,0
M,1,3,17,19/04/2026,SP,355030,SAO PAULO,1,6,AGUARDA SUBTIPAGEM,2026,17,1
M,4,73,05,31/01/2026,SP,355030,SAO PAULO,1,1,,2026,5,1
M,1,86,16,16/04/2026,SP,355030,SAO PAULO,1,2,,2026,16,1
M,9,6,08,21/02/2026,SP,355030,SAO PAULO,,,,2026,8,0
M,1,66,19,07/05/2026,SP,355030,SAO PAULO,1,2,,2026,19,1
M,4,2,18,02/05/2026,SP,355030,SAO PAULO,1,3,,2026,18,1
M,9,91,20,11/05/2026,SP,355030,SAO PAULO,1,,,2026,20,0
M,1,61,02,05/01/2026,SP,355030,SAO PAULO,1,,,2026,2,0
F,4,1,17,21/04/2026,SP,355030,SAO PAULO,1,2,,2026,17,1
M,1,10,10,03/03/2026,SP,355030,SAO PAULO,1,,,2026,10,0
F,4,63,19,07/05/2026,SP,355030,SAO PAULO,1,2,,2026,19,1
F,1,57,23,31/05/2026,SP,355030,SAO PAULO,1,,,2026,23,0
M,4,7,19,04/05/2026,SP,355030,SAO PAULO,1,2,,2026,19,1
F,1,4,13,24/03/2026,SP,355030,SAO PAULO,1,2,,2026,13,1
M,9,4,27,29/06/2026,SP,355030,SAO PAULO,1,,,2026,27,0
M,1,68,25,19/06/2026,SP,355030,SAO PAULO,1,,,2026,25,0
M,9,77,24,10/06/2026,SP,355030,SAO PAULO,1,1,,2026,24,1
M,9,38,24,10/06/2026,SP,355030,SAO PAULO,,3,,2026,24,1
F,1,81,20,10/05/2026,SP,355030,SAO PAULO,1,2,,2026,20,1
F,1,66,23,03/06/2026,SP,355030,SAO PAULO,1,4,,2026,23,1
F,1,43,10,01/03/2026,SP,355030,SAO PAULO,1,5,,2026,10,1
F,1,42,18,27/04/2026,SP,355030,SAO PAULO,1,1,,2026,18,1
F,9,42,18,01/05/2026,SP,355030,SAO PAULO,,,,2026,18,0
M,9,30,16,14/04/2026,SP,355030,SAO PAULO,1,3,,2026,16,1
F,9,23,24,09/06/2026,SP,355030,SAO PAULO,1,3,,2026,24,1
F,9,27,22,26/05/2026,SP,355030,SAO PAULO,1,,,2026,22,0
M,4,29,21,23/05/2026,SP,355030,SAO PAULO,1,2,,2026,21,1
F,4,22,24,07/06/2026,SP,355030,SAO PAULO,1,2,,2026,24,1
M,1,7,21,17/05/2026,SP,355030,SAO PAULO,1,3,,2026,21,1
F,4,5,12,19/03/2026,SP,355030,SAO PAULO,1,1,,2026,12,1
F,1,3,15,05/04/2026,SP,355030,SAO PAULO,1,2,,2026,15,1
M,1,2,07,13/02/2026,SP,355030,SAO PAULO,1,,,2026,7,0
F,2,16,18,27/04/2026,SP,355030,SAO PAULO,1,,,2026,18,0
M,1,1,16,13/04/2026,SP,355030,SAO PAULO,1,4,,2026,16,1
F,1,80,17,22/04/2026,SP,355030,SAO PAULO,1,2,,2026,17,1
M,9,80,10,02/03/2026,SP,355030,SAO PAULO,1,2,,2026,10,1
M,1,87,13,28/03/2026,SP,355030,SAO PAULO,1,2,,2026,13,1
F,3,95,03,11/01/2026,SP,355030,SAO PAULO,1,,,2026,3,0
M,4,1,09,28/02/2026,SP,355030,SAO PAULO,1,2,,2026,9,1
F,1,84,22,26/05/2026,SP,355030,SAO PAULO,1,,,2026,22,0
M,1,58,21,17/05/2026,SP,355030,SAO PAULO,1,3,,2026,21,1
M,1,28,05,28/01/2026,SP,355030,SAO PAULO,1,2,,2026,5,1
F,1,7,16,16/04/2026,SP,355030,SAO PAULO,1,,,2026,16,0
M,1,9,17,25/04/2026,SP,355030,SAO PAULO,1,2,,2026,17,1
F,4,4,23,06/06/2026,SP,355030,SAO PAULO,1,3,,2026,23,1
M,1,78,22,24/05/2026,SP,355030,SAO PAULO,1,,,2026,22,0
F,1,53,10,05/03/2026,SP,355030,SAO PAULO,1,2,,2026,10,1
F,1,48,22,29/05/2026,SP,355030,SAO PAULO,1,6,INFLUENZA A SAZONAL/H3,2026,22,1
F,1,28,19,03/05/2026,SP,355030,SAO PAULO,1,,,2026,19,0
F,1,30,22,24/05/2026,SP,355030,SAO PAULO,1,,,2026,22,0
F,1,31,24,12/06/2026,SP,355030,SAO PAULO,1,,,2026,24,0
F,9,89,14,29/03/2026,SP,355030,SAO PAULO,1,2,,2026,14,1
M,1,8,17,24/04/2026,SP,355030,SAO PAULO,1,,,2026,17,0
M,1,8,21,18/05/2026,SP,355030,SAO PAULO,1,,,2026,21,0
M,1,8,25,19/06/2026,SP,355030,SAO PAULO,1,3,,2026,25,1
F,1,3,16,13/04/2026,SP,355030,SAO PAULO,1,3,,2026,16,1
F,1,72,21,23/05/2026,SP,355030,SAO PAULO,1,6,H3,2026,21,1
F,9,74,23,06/06/2026,SP,355030,SAO PAULO,1,,,2026,23,0
F,1,65,14,02/04/2026,SP,355030,SAO PAULO,1,3,,2026,14,1
M,1,71,16,13/04/2026,SP,355030,SAO PAULO,1,2,,2026,16,1
F,9,66,19,09/05/2026,SP,355030,SAO PAULO,1,1,,2026,19,1
M,1,1,13,24/03/2026,SP,355030,SAO PAULO,1,2,,2026,13,1
M,1,1,19,09/05/2026,SP,355030,SAO PAULO,1,3,,2026,19,1
F,9,65,02,04/01/2026,SP,355030,SAO PAULO,,,,2026,2,0
M,9,96,08,19/02/2026,SP,355030,SAO PAULO,1,,,2026,8,0
F,9,1,24,07/06/2026,SP,355030,SAO PAULO,9,,,2026,24,0
F,2,69,23,31/05/2026,SP,355030,SAO PAULO,1,3,,2026,23,1
M,1,54,16,17/04/2026,SP,355030,SAO PAULO,1,3,,2026,16,1
M,4,7,14,29/03/2026,SP,355030,SAO PAULO,1,,,2026,14,0
M,2,10,20,13/05/2026,SP,355030,SAO PAULO,1,,,2026,20,0
F,4,6,14,01/04/2026,SP,355030,SAO PAULO,1,4,,2026,14,1
F,1,87,23,02/06/2026,SP,355030,SAO PAULO,1,,,2026,23,0
F,1,52,10,02/03/2026,SP,355030,SAO PAULO,1,5,,2026,10,1
F,1,20,19,08/05/2026,SP,355030,SAO PAULO,1,,,2026,19,0
F,1,53,15,08/04/2026,SP,355030,SAO PAULO,1,,,2026,15,0
F,1,82,28,09/07/2026,SP,355030,SAO PAULO,,,,2026,28,0
F,4,67,14,30/03/2026,SP,355030,SAO PAULO,1,2,,2026,14,1
M,1,84,10,05/03/2026,SP,355030,SAO PAULO,1,3,,2026,10,1
M,9,28,21,20/05/2026,SP,355030,SAO PAULO,1,,,2026,21,0
F,4,32,14,30/03/2026,SP,355030,SAO PAULO,1,,,2026,14,0
M,4,38,20,12/05/2026,SP,355030,SAO PAULO,1,,,2026,20,0
F,1,20,18,28/04/2026,SP,355030,SAO PAULO,1,,,2026,18,0
F,4,16,23,05/06/2026,SP,355030,SAO PAULO,1,1,,2026,23,1
F,9,22,13,24/03/2026,SP,355030,SAO PAULO,1,2,,2026,13,1
F,1,26,15,11/04/2026,SP,355030,SAO PAULO,1,2,,2026,15,1
F,4,11,14,29/03/2026,SP,355030,SAO PAULO,1,,,2026,14,0
F,4,9,21,20/05/2026,SP,355030,SAO PAULO,1,6,H3,2026,21,1
M,4,22,10,06/03/2026,SP,355030,SAO PAULO,1,,,2026,10,0
M,4,8,06,02/02/2026,SP,355030,SAO PAULO,1,,,2026,6,0
M,4,16,14,02/04/2026,SP,355030,SAO PAULO,1,,,2026,14,0
F,1,19,20,14/05/2026,SP,355030,SAO PAULO,1,3,,2026,20,1
M,1,5,15,10/04/2026,SP,355030,SAO PAULO,1,2,,2026,15,1
M,4,14,11,10/03/2026,SP,355030,SAO PAULO,1,3,,2026,11,1
F,9,70,15,10/04/2026,SP,355030,SAO PAULO,1,1,,2026,15,1
F,9,2,11,13/03/2026,SP,355030,SAO PAULO,1,,,2026,11,0
M,1,47,10,01/03/2026,SP,355030,SAO PAULO,1,,,2026,10,0
M,1,1,18,26/04/2026,SP,355030,SAO PAULO,1,2,,2026,18,1
M,1,84,06,02/02/2026,SP,355030,SAO PAULO,,2,,2026,6,1
M,1,1,16,12/04/2026,SP,355030,SAO PAULO,1,3,,2026,16,1
M,4,10,15,07/04/2026,SP,355030,SAO PAULO,,4,,2026,15,1
M,4,84,14,03/04/2026,SP,355030,SAO PAULO,1,,,2026,14,0
F,4,76,14,30/03/2026,SP,355030,SAO PAULO,1,,,2026,14,0
M,1,10,20,15/05/2026,SP,355030,SAO PAULO,1,,,2026,20,0
M,1,54,15,10/04/2026,SP,355030,SAO PAULO,1,2,,2026,15,1
M,4,65,17,21/04/2026,SP,355030,SAO PAULO,1,2,,2026,17,1
F,1,4,15,07/04/2026,SP,355030,SAO PAULO,1,,,2026,15,0
F,4,82,16,13/04/2026,SP,355030,SAO PAULO,1,2,,2026,16,1
M,2,15,21,17/05/2026,SP,355030,SAO PAULO,1,,,2026,21,0
F,1,84,14,02/04/2026,SP,355030,SAO PAULO,1,3,,2026,14,1
F,1,26,14,29/03/2026,SP,355030,SAO PAULO,1,1,,2026,14,1
M,4,37,17,21/04/2026,SP,355030,SAO PAULO,1,2,,2026,17,1
M,1,16,15,05/04/2026,SP,355030,SAO PAULO,1,2,,2026,15,1
F,1,17,18,27/04/2026,SP,355030,SAO PAULO,1,,,2026,18,0
F,2,24,15,05/04/2026,SP,355030,SAO PAULO,1,3,,2026,15,1
M,4,12,18,02/05/2026,SP,355030,SAO PAULO,1,,,2026,18,0
M,3,23,18,02/05/2026,SP,355030,SAO PAULO,1,5,,2026,18,1
M,9,9,18,26/04/2026,SP,355030,SAO PAULO,1,,,2026,18,0
M,1,24,16,18/04/2026,SP,355030,SAO PAULO,1,3,,2026,16,1
M,4,8,16,16/04/2026,SP,355030,SAO PAULO,1,,,2026,16,0
F,1,6,16,16/04/2026,SP,355030,SAO PAULO,,,,2026,16,0
M,9,6,21,17/05/2026,SP,355030,SAO PAULO,1,,,2026,21,0
F,1,6,19,03/05/2026,SP,355030,SAO PAULO,1,3,,2026,19,1
M,9,6,23,31/05/2026,SP,355030,SAO PAULO,1,,,2026,23,0
M,4,5,21,17/05/2026,SP,355030,SAO PAULO,1,,,2026,21,0
F,1,3,11,12/03/2026,SP,355030,SAO PAULO,,,,2026,11,0
M,1,3,15,11/04/2026,SP,355030,SAO PAULO,1,3,,2026,15,1
F,1,86,17,21/04/2026,SP,355030,SAO PAULO,,,,2026,17,0
F,1,69,15,05/04/2026,SP,355030,SAO PAULO,1,3,,2026,15,1
F,4,7,17,20/04/2026,SP,355030,SAO PAULO,1,,,2026,17,0
M,1,93,18,02/05/2026,SP,355030,SAO PAULO,1,5,,2026,18,1
F,1,71,21,18/05/2026,SP,355030,SAO PAULO,,2,,2026,21,1
F,1,64,02,05/01/2026,SP,355030,SAO PAULO,1,2,,2026,2,1
M,1,1,22,25/05/2026,SP,355030,SAO PAULO,1,,,2026,22,0
M,1,78,02,05/01/2026,SP,355030,SAO PAULO,,,,2026,2,0
M,1,1,19,06/05/2026,SP,355030,SAO PAULO,1,,,2026,19,0
M,4,59,16,12/04/2026,SP,355030,SAO PAULO,1,2,,2026,16,1
F,4,0,14,01/04/2026,SP,355030,SAO PAULO,1,,,2026,14,0
M,1,7,14,31/03/2026,SP,355030,SAO PAULO,1,2,,2026,14,1
F,4,8,22,29/05/2026,SP,355030,SAO PAULO,1,,,2026,22,0
M,2,10,22,25/05/2026,SP,355030,SAO PAULO,1,2,,2026,22,1
M,1,8,19,07/05/2026,SP,355030,SAO PAULO,1,1,,2026,19,1
F,1,7,19,08/05/2026,SP,355030,SAO PAULO,1,,,2026,19,0
F,4,62,17,22/04/2026,SP,355030,SAO PAULO,1,,,2026,17,0
M,1,4,19,08/05/2026,SP,355030,SAO PAULO,1,3,,2026,19,1
M,1,4,24,07/06/2026,SP,355030,SAO PAULO,1,,,2026,24,0
F,1,48,26,26/06/2026,SP,355030,SAO PAULO,1,,,2026,26,0
M,2,45,22,25/05/2026,SP,355030,SAO PAULO,1,,,2026,22,0
M,9,47,14,02/04/2026,SP,355030,SAO PAULO,1,,,2026,14,0
F,2,50,22,26/05/2026,SP,355030,SAO PAULO,1,2,,2026,22,1
M,9,26,10,03/03/2026,SP,355030,SAO PAULO,1,,,2026,10,0
M,4,21,17,25/04/2026,SP,355030,SAO PAULO,1,3,,2026,17,1
F,1,31,19,08/05/2026,SP,355030,SAO PAULO,1,,,2026,19,0
F,4,25,26,21/06/2026,SP,355030,SAO PAULO,1,,,2026,26,0
F,1,87,24,09/06/2026,SP,355030,SAO PAULO,1,,,2026,24,0
F,4,31,05,26/01/2026,SP,355030,SAO PAULO,1,,,2026,5,0
M,9,12,24,12/06/2026,SP,355030,SAO PAULO,1,,,2026,24,0
F,1,24,11,08/03/2026,SP,355030,SAO PAULO,1,3,,2026,11,1
M,1,11,26,23/06/2026,SP,355030,SAO PAULO,,,,2026,26,0
M,1,78,15,09/04/2026,SP,355030,SAO PAULO,1,3,,2026,15,1
F,1,8,13,22/03/2026,SP,355030,SAO PAULO,1,2,,2026,13,1
F,1,4,05,31/01/2026,SP,355030,SAO PAULO,1,,,2026,5,0
F,9,4,19,08/05/2026,SP,355030,SAO PAULO,,2,,2026,19,1
F,4,3,22,28/05/2026,SP,355030,SAO PAULO,1,,,2026,22,0
F,9,3,12,16/03/2026,SP,355030,SAO PAULO,1,1,,2026,12,1
F,1,87,11,12/03/2026,SP,355030,SAO PAULO,1,5,,2026,11,1
F,4,30,15,11/04/2026,SP,355030,SAO PAULO,1,,,2026,15,0
F,1,75,06,02/02/2026,SP,355030,SAO PAULO,1,1,,2026,6,1
M,3,67,19,04/05/2026,SP,355030,SAO PAULO,1,3,,2026,19,1
M,4,2,27,29/06/2026,SP,355030,SAO PAULO,1,2,,2026,27,1
F,1,85,16,12/04/2026,SP,355030,SAO PAULO,1,2,,2026,16,1
F,1,79,17,24/04/2026,SP,355030,SAO PAULO,,2,,2026,17,1
F,4,8,16,13/04/2026,SP,355030,SAO PAULO,1,2,,2026,16,1
M,1,9,27,29/06/2026,SP,355030,SAO PAULO,1,3,,2026,27,1
F,2,80,21,20/05/2026,SP,355030,SAO PAULO,1,,,2026,21,0
M,1,3,24,12/06/2026,SP,355030,SAO PAULO,1,6,H3,2026,24,1
F,4,2,23,04/06/2026,SP,355030,SAO PAULO,1,2,,2026,23,1
F,1,78,15,05/04/2026,SP,355030,SAO PAULO,1,3,,2026,15,1
M,1,87,26,25/06/2026,SP,355030,SAO PAULO,1,,,2026,26,0
M,4,44,02,07/01/2026,SP,355030,SAO PAULO,1,,,2026,2,0
F,1,39,21,20/05/2026,SP,355030,SAO PAULO,1,3,,2026,21,1
M,4,18,21,22/05/2026,SP,355030,SAO PAULO,1,,,2026,21,0
F,4,15,11,14/03/2026,SP,355030,SAO PAULO,1,,,2026,11,0
F,9,10,21,18/05/2026,SP,355030,SAO PAULO,,,,2026,21,0
M,1,53,12,20/03/2026,SP,355030,SAO PAULO,1,2,,2026,12,1
F,9,23,27,30/06/2026,SP,355030,SAO PAULO,1,,,2026,27,0
F,1,25,05,30/01/2026,SP,355030,SAO PAULO,1,,,2026,5,0
M,1,8,15,05/04/2026,SP,355030,SAO PAULO,1,3,,2026,15,1
M,4,7,04,22/01/2026,SP,355030,SAO PAULO,1,,,2026,4,0
F,9,10,13,22/03/2026,SP,355030,SAO PAULO,1,3,,2026,13,1
M,1,3,14,02/04/2026,SP,355030,SAO PAULO,1,2,,2026,14,1
F,1,2,17,22/04/2026,SP,355030,SAO PAULO,1,,,2026,17,0
F,4,81,05,25/01/2026,SP,355030,SAO PAULO,1,,,2026,5,0
F,1,67,16,13/04/2026,SP,355030,SAO PAULO,1,,,2026,16,0
M,4,1,18,30/04/2026,SP,355030,SAO PAULO,1,,,2026,18,0
F,1,90,16,15/04/2026,SP,355030,SAO PAULO,1,3,,2026,16,1
F,9,86,19,04/05/2026,SP,355030,SAO PAULO,1,,,2026,19,0
F,1,90,21,18/05/2026,SP,355030,SAO PAULO,9,,,2026,21,0
M,1,84,04,18/01/2026,SP,355030,SAO PAULO,1,2,,2026,4,1
M,1,1,14,02/04/2026,SP,355030,SAO PAULO,1,3,,2026,14,1
M,4,59,20,12/05/2026,SP,355030,SAO PAULO,1,,,2026,20,0
M,2,35,12,18/03/2026,SP,355030,SAO PAULO,1,,,2026,12,0
F,1,8,15,08/04/2026,SP,355030,SAO PAULO,1,,,2026,15,0
M,1,2,18,30/04/2026,SP,355030,SAO PAULO,1,6,H3,2026,18,1
F,9,44,26,23/06/2026,SP,355030,SAO PAULO,1,,,2026,26,0
F,1,97,02,07/01/2026,SP,355030,SAO PAULO,1,2,,2026,2,1
F,4,77,17,21/04/2026,SP,355030,SAO PAULO,1,,,2026,17,0
M,1,74,24,12/06/2026,SP,355030,SAO PAULO,,,,2026,24,0
F,1,43,24,07/06/2026,SP,355030,SAO PAULO,1,2,,2026,24,1
F,2,36,15,08/04/2026,SP,355030,SAO PAULO,1,,,2026,15,0
M,4,21,20,10/05/2026,SP,355030,SAO PAULO,1,2,,2026,20,1
M,4,16,17,19/04/2026,SP,355030,SAO PAULO,1,2,,2026,17,1
M,1,22,09,26/02/2026,SP,355030,SAO PAULO,1,,,2026,9,0
F,4,25,24,10/06/2026,SP,355030,SAO PAULO,1,,,2026,24,0
F,1,11,19,07/05/2026,SP,355030,SAO PAULO,1,,,2026,19,0
F,1,8,18,27/04/2026,SP,355030,SAO PAULO,1,3,,2026,18,1
F,9,6,12,19/03/2026,SP,355030,SAO PAULO,1,,,2026,12,0
F,4,3,19,08/05/2026,SP,355030,SAO PAULO,1,,,2026,19,0
F,9,3,18,26/04/2026,SP,355030,SAO PAULO,1,3,,2026,18,1
F,1,84,14,01/04/2026,SP,355030,SAO PAULO,1,,,2026,14,0
M,4,87,28,06/07/2026,SP,355030,SAO PAULO,1,3,,2026,28,1
M,4,33,05,27/01/2026,SP,355030,SAO PAULO,1,,,2026,5,0
M,1,48,18,29/04/2026,SP,355030,SAO PAULO,1,,,2026,18,0
M,1,47,21,18/05/2026,SP,355030,SAO PAULO,1,2,,2026,21,1
M,4,64,16,13/04/2026,SP,355030,SAO PAULO,1,2,,2026,16,1
F,1,1,15,11/04/2026,SP,355030,SAO PAULO,1,,,2026,15,0
F,1,82,12,21/03/2026,SP,355030,SAO PAULO,1,3,,2026,12,1
F,9,1,20,10/05/2026,SP,355030,SAO PAULO,1,6,H3,2026,20,1
F,4,1,18,01/05/2026,SP,355030,SAO PAULO,1,2,,2026,18,1
M,4,1,25,20/06/2026,SP,355030,SAO PAULO,1,,,2026,25,0
F,1,0,17,19/04/2026,SP,355030,SAO PAULO,1,,,2026,17,0
M,1,9,18,30/04/2026,SP,355030,SAO PAULO,,3,,2026,18,1
M,9,9,22,25/05/2026,SP,355030,SAO PAULO,1,,,2026,22,0
M,2,58,22,25/05/2026,SP,355030,SAO PAULO,1,,,2026,22,0
M,1,8,21,22/05/2026,SP,355030,SAO PAULO,1,3,,2026,21,1
F,1,7,20,10/05/2026,SP,355030,SAO PAULO,1,2,,2026,20,1
M,9,5,16,15/04/2026,SP,355030,SAO PAULO,1,,,2026,16,0
M,9,6,23,06/06/2026,SP,355030,SAO PAULO,1,,,2026,23,0
F,4,87,16,14/04/2026,SP,355030,SAO PAULO,1,,,2026,16,0
F,9,46,12,16/03/2026,SP,355030,SAO PAULO,1,2,,2026,12,1
M,9,49,24,12/06/2026,SP,355030,SAO PAULO,1,2,,2026,24,1
F,1,42,13,25/03/2026,SP,355030,SAO PAULO,1,3,,2026,13,1
F,1,78,12,18/03/2026,SP,355030,SAO PAULO,1,,,2026,12,0
M,9,36,17,25/04/2026,SP,355030,SAO PAULO,1,3,,2026,17,1
F,4,35,18,01/05/2026,SP,355030,SAO PAULO,1,,,2026,18,0
F,1,21,18,30/04/2026,SP,355030,SAO PAULO,1,,,2026,18,0
M,1,79,08,18/02/2026,SP,355030,SAO PAULO,,3,,2026,8,1
M,1,28,17,20/04/2026,SP,355030,SAO PAULO,1,4,,2026,17,1
F,4,26,14,30/03/2026,SP,355030,SAO PAULO,1,,,2026,14,0
M,9,21,16,12/04/2026,SP,355030,SAO PAULO,1,,,2026,16,0
F,9,6,22,29/05/2026,SP,355030,SAO PAULO,1,,,2026,22,0
M,1,5,13,28/03/2026,SP,355030,SAO PAULO,1,3,,2026,13,1
M,4,89,26,24/06/2026,SP,355030,SAO PAULO,1,,,2026,26,0
F,1,3,17,21/04/2026,SP,355030,SAO PAULO,1,,,2026,17,0
M,9,6,17,20/04/2026,SP,355030,SAO PAULO,,,,2026,17,0
F,3,75,05,28/01/2026,SP,355030,SAO PAULO,1,1,,2026,5,1
F,2,71,11,08/03/2026,SP,355030,SAO PAULO,1,3,,2026,11,1
M,9,87,20,12/05/2026,SP,355030,SAO PAULO,1,6,A/H3,2026,20,1
M,1,95,06,04/02/2026,SP,355030,SAO PAULO,1,2,,2026,6,1
F,4,72,12,20/03/2026,SP,355030,SAO PAULO,,,,2026,12,0
F,1,2,19,05/05/2026,SP,355030,SAO PAULO,1,6,AGUARDANDO RESULTADO,2026,19,1
F,4,67,21,18/05/2026,SP,355030,SAO PAULO,1,,,2026,21,0
M,1,88,14,03/04/2026,SP,355030,SAO PAULO,1,,,2026,14,0
M,4,64,21,18/05/2026,SP,355030,SAO PAULO,1,,,2026,21,0
M,9,1,13,24/03/2026,SP,355030,SAO PAULO,1,,,2026,13,0
F,1,64,21,23/05/2026,SP,355030,SAO PAULO,,,,2026,21,0
M,4,1,17,25/04/2026,SP,355030,SAO PAULO,1,2,,2026,17,1
M,1,0,15,05/04/2026,SP,355030,SAO PAULO,1,6,AG. RESULTADO,2026,15,1
M,9,11,26,25/06/2026,SP,355030,SAO PAULO,1,,,2026,26,0
M,4,70,07,14/02/2026,SP,355030,SAO PAULO,1,,,2026,7,0
M,1,5,15,10/04/2026,SP,355030,SAO PAULO,1,4,,2026,15,1
F,1,93,11,10/03/2026,SP,355030,SAO PAULO,,2,,2026,11,1
F,1,27,22,26/05/2026,SP,355030,SAO PAULO,1,,,2026,22,0
F,9,39,15,11/04/2026,SP,355030,SAO PAULO,9,4,,2026,15,1
M,1,82,11,13/03/2026,SP,355030,SAO PAULO,1,2,,2026,11,1
M,1,32,13,27/03/2026,SP,355030,SAO PAULO,,,,2026,13,0
F,1,29,20,15/05/2026,SP,355030,SAO PAULO,,,,2026,20,0
F,1,27,17,20/04/2026,SP,355030,SAO PAULO,1,,,2026,17,0
M,4,9,20,11/05/2026,SP,355030,SAO PAULO,1,2,,2026,20,1
M,1,22,23,06/06/2026,SP,355030,SAO PAULO,1,6,H3/SAZONAL,2026,23,1
F,9,14,22,29/05/2026,SP,355030,SAO PAULO,1,,,2026,22,0
F,1,6,12,20/03/2026,SP,355030,SAO PAULO,1,2,,2026,12,1
M,1,5,14,30/03/2026,SP,355030,SAO PAULO,1,,,2026,14,0
M,4,5,13,26/03/2026,SP,355030,SAO PAULO,1,,,2026,13,0
F,9,5,23,03/06/2026,SP,355030,SAO PAULO,1,,,2026,23,0
F,1,81,13,28/03/2026,SP,355030,SAO PAULO,1,,,2026,13,0
F,9,6,11,11/03/2026,SP,355030,SAO PAULO,,,,2026,11,0
F,3,98,15,05/04/2026,SP,355030,SAO PAULO,1,,,2026,15,0
M,1,80,14,01/04/2026,SP,355030,SAO PAULO,1,2,,2026,14,1
M,1,65,15,07/04/2026,SP,355030,SAO PAULO,1,,,2026,15,0
M,1,90,16,15/04/2026,SP,355030,SAO PAULO,,,,2026,16,0
M,4,2,13,22/03/2026,SP,355030,SAO PAULO,1,2,,2026,13,1
M,9,37,15,05/04/2026,SP,355030,SAO PAULO,1,,,2026,15,0
F,4,1,19,06/05/2026,SP,355030,SAO PAULO,1,,,2026,19,0
F,1,85,04,19/01/2026,SP,355030,SAO PAULO,1,3,,2026,4,1
F,1,61,17,22/04/2026,SP,355030,SAO PAULO,1,,,2026,17,0
F,4,1,23,05/06/2026,SP,355030,SAO PAULO,1,6,H3,2026,23,1
M,9,8,08,15/02/2026,SP,355030,SAO PAULO,1,,,2026,8,0
F,1,11,24,11/06/2026,SP,355030,SAO PAULO,1,,,2026,24,0
F,1,93,11,13/03/2026,SP,355030,SAO PAULO,1,3,,2026,11,1
F,4,8,15,07/04/2026,SP,355030,SAO PAULO,1,,,2026,15,0
M,9,37,02,05/01/2026,SP,355030,SAO PAULO,1,3,,2026,2,1
M,1,7,15,05/04/2026,SP,355030,SAO PAULO,1,,,2026,15,0
F,4,79,25,19/06/2026,SP,355030,SAO PAULO,1,,,2026,25,0
F,1,76,18,27/04/2026,SP,355030,SAO PAULO,1,,,2026,18,0
F,1,63,12,15/03/2026,SP,355030,SAO PAULO,1,,,2026,12,0
F,1,45,19,06/05/2026,SP,355030,SAO PAULO,1,3,,2026,19,1
F,9,73,18,26/04/2026,SP,355030,SAO PAULO,1,,,2026,18,0
F,4,75,23,03/06/2026,SP,355030,SAO PAULO,1,2,,2026,23,1
M,1,37,10,04/03/2026,SP,355030,SAO PAULO,1,,,2026,10,0
F,9,35,11,08/03/2026,SP,355030,SAO PAULO,1,,,2026,11,0
F,9,10,17,21/04/2026,SP,355030,SAO PAULO,1,,,2026,17,0
M,4,7,10,07/03/2026,SP,355030,SAO PAULO,1,4,,2026,10,1
F,4,19,21,21/05/2026,SP,355030,SAO PAULO,1,,,2026,21,0
M,4,5,13,28/03/2026,SP,355030,SAO PAULO,1,4,,2026,13,1
M,9,23,15,10/04/2026,SP,355030,SAO PAULO,1,3,,2026,15,1
F,1,73,27,04/07/2026,SP,355030,SAO PAULO,1,,,2026,27,0
F,9,79,14,29/03/2026,SP,355030,SAO PAULO,1,3,,2026,14,1
M,9,77,21,21/05/2026,SP,355030,SAO PAULO,1,,,2026,21,0
M,4,57,17,25/04/2026,SP,355030,SAO PAULO,1,6,NAO CONSTA,2026,17,1
F,4,15,11,13/03/2026,SP,355030,SAO PAULO,1,,,2026,11,0
M,4,84,15,10/04/2026,SP,355030,SAO PAULO,1,,,2026,15,0
M,1,1,15,05/04/2026,SP,355030,SAO PAULO,1,2,,2026,15,1
F,1,61,16,15/04/2026,SP,355030,SAO PAULO,1,1,,2026,16,1
M,1,10,17,21/04/2026,SP,355030,SAO PAULO,1,,,2026,17,0
M,4,10,21,22/05/2026,SP,355030,SAO PAULO,1,3,,2026,21,1
M,1,58,22,26/05/2026,SP,355030,SAO PAULO,1,3,,2026,22,1
M,1,51,17,23/04/2026,SP,355030,SAO PAULO,1,2,,2026,17,1
F,4,90,20,15/05/2026,SP,355030,SAO PAULO,,,,2026,20,0
M,4,9,26,24/06/2026,SP,355030,SAO PAULO,1,2,,2026,26,1
M,1,8,24,10/06/2026,SP,355030,SAO PAULO,1,2,,2026,24,1
M,4,6,25,18/06/2026,SP,355030,SAO PAULO,1,2,,2026,25,1
F,1,6,24,08/06/2026,SP,355030,SAO PAULO,1,3,,2026,24,1
M,9,52,20,11/05/2026,SP,355030,SAO PAULO,1,,,2026,20,0
F,1,89,15,11/04/2026,SP,355030,SAO PAULO,1,,,2026,15,0
M,1,48,15,09/04/2026,SP,355030,SAO PAULO,1,3,,2026,15,1
F,1,26,16,13/04/2026,SP,355030,SAO PAULO,1,3,,2026,16,1
M,1,33,03,13/01/2026,SP,355030,SAO PAULO,1,,,2026,3,0
M,2,78,11,10/03/2026,SP,355030,SAO PAULO,1,,,2026,11,0
M,9,28,13,22/03/2026,SP,355030,SAO PAULO,1,3,,2026,13,1
M,1,28,15,05/04/2026,SP,355030,SAO PAULO,1,,,2026,15,0
F,1,11,20,15/05/2026,SP,355030,SAO PAULO,1,3,,2026,20,1
F,2,8,18,28/04/2026,SP,355030,SAO PAULO,1,,,2026,18,0
M,1,11,23,05/06/2026,SP,355030,SAO PAULO,1,,,2026,23,0
F,1,6,14,04/04/2026,SP,355030,SAO PAULO,1,3,,2026,14,1
F,1,3,24,08/06/2026,SP,355030,SAO PAULO,1,3,,2026,24,1
M,1,2,17,19/04/2026,SP,355030,SAO PAULO,1,6,AGUARDA  SUBTIPAGEM,2026,17,1
M,4,2,18,29/04/2026,SP,355030,SAO PAULO,1,,,2026,18,0
M,9,1,18,27/04/2026,SP,355030,SAO PAULO,,,,2026,18,0
M,9,11,11,12/03/2026,SP,355030,SAO PAULO,,,,2026,11,0
M,2,33,19,06/05/2026,SP,355030,SAO PAULO,1,,,2026,19,0
M,9,88,02,07/01/2026,SP,355030,SAO PAULO,,,,2026,2,0
M,1,70,23,06/06/2026,SP,355030,SAO PAULO,1,2,,2026,23,1
M,4,1,15,05/04/2026,SP,355030,SAO PAULO,1,,,2026,15,0
F,1,85,10,03/03/2026,SP,355030,SAO PAULO,1,5,,2026,10,1
M,2,65,15,06/04/2026,SP,355030,SAO PAULO,1,,,2026,15,0
F,1,92,03,15/01/2026,SP,355030,SAO PAULO,1,2,,2026,3,1
M,1,1,22,28/05/2026,SP,355030,SAO PAULO,1,,,2026,22,0
F,4,1,19,03/05/2026,SP,355030,SAO PAULO,1,,,2026,19,0
F,1,76,23,01/06/2026,SP,355030,SAO PAULO,1,2,,2026,23,1
F,1,78,14,02/04/2026,SP,355030,SAO PAULO,1,,,2026,14,0
M,4,1,19,07/05/2026,SP,355030,SAO PAULO,1,,,2026,19,0
M,1,53,15,06/04/2026,SP,355030,SAO PAULO,1,2,,2026,15,1
M,1,6,19,09/05/2026,SP,355030,SAO PAULO,1,3,,2026,19,1
F,9,84,07,13/02/2026,SP,355030,SAO PAULO,1,,,2026,7,0
F,1,72,23,01/06/2026,SP,355030,SAO PAULO,1,,,2026,23,0
F,1,13,08,15/02/2026,SP,355030,SAO PAULO,1,2,,2026,8,1
M,9,13,25,18/06/2026,SP,355030,SAO PAULO,1,,,2026,25,0
F,1,78,12,16/03/2026,SP,355030,SAO PAULO,1,3,,2026,12,1
F,1,9,22,27/05/2026,SP,355030,SAO PAULO,1,6,H3,2026,22,1
M,1,5,11,13/03/2026,SP,355030,SAO PAULO,1,2,,2026,11,1
F,4,2,11,12/03/2026,SP,355030,SAO PAULO,1,1,,2026,11,1
M,9,8,14,02/04/2026,SP,355030,SAO PAULO,,,,2026,14,0
F,4,11,18,28/04/2026,SP,355030,SAO PAULO,1,,,2026,18,0
F,1,77,16,12/04/2026,SP,355030,SAO PAULO,1,1,,2026,16,1
F,9,65,20,14/05/2026,SP,355030,SAO PAULO,,2,,2026,20,1
F,4,63,11,12/03/2026,SP,355030,SAO PAULO,1,2,,2026,11,1
F,4,1,16,18/04/2026,SP,355030,SAO PAULO,1,2,,2026,16,1
M,9,1,17,24/04/2026,SP,355030,SAO PAULO,1,3,,2026,17,1
F,9,85,20,13/05/2026,SP,355030,SAO PAULO,1,2,,2026,20,1
M,1,60,17,20/04/2026,SP,355030,SAO PAULO,1,3,,2026,17,1
M,4,10,21,18/05/2026,SP,355030,SAO PAULO,1,2,,2026,21,1
M,9,9,19,04/05/2026,SP,355030,SAO PAULO,1,4,,2026,19,1
M,1,5,06,01/02/2026,SP,355030,SAO PAULO,1,6,INFLUENZA A SAZONAL/H3,2026,6,1
M,4,6,18,26/04/2026,SP,355030,SAO PAULO,1,,,2026,18,0
F,9,7,20,14/05/2026,SP,355030,SAO PAULO,1,3,,2026,20,1
F,4,68,23,06/06/2026,SP,355030,SAO PAULO,1,,,2026,23,0
F,1,4,23,01/06/2026,SP,355030,SAO PAULO,1,2,,2026,23,1
M,1,46,21,20/05/2026,SP,355030,SAO PAULO,1,4,,2026,21,1
F,9,84,21,19/05/2026,SP,355030,SAO PAULO,1,,,2026,21,0
M,1,89,25,20/06/2026,SP,355030,SAO PAULO,,,,2026,25,0
F,1,23,22,26/05/2026,SP,355030,SAO PAULO,1,,,2026,22,0
F,1,27,27,30/06/2026,SP,355030,SAO PAULO,1,,,2026,27,0
F,4,29,15,08/04/2026,SP,355030,SAO PAULO,1,,,2026,15,0
F,1,10,13,28/03/2026,SP,355030,SAO PAULO,1,,,2026,13,0
M,4,86,19,08/05/2026,SP,355030,SAO PAULO,1,,,2026,19,0
F,2,11,27,29/06/2026,SP,355030,SAO PAULO,1,,,2026,27,0
M,9,8,20,15/05/2026,SP,355030,SAO PAULO,,,,2026,20,0
M,1,75,02,10/01/2026,SP,355030,SAO PAULO,1,4,,2026,2,1
F,1,7,16,17/04/2026,SP,355030,SAO PAULO,1,2,,2026,16,1
M,4,7,26,26/06/2026,SP,355030,SAO PAULO,1,,,2026,26,0
F,1,10,16,12/04/2026,SP,355030,SAO PAULO,1,3,,2026,16,1
F,1,4,17,20/04/2026,SP,355030,SAO PAULO,1,4,,2026,17,1
M,4,3,15,11/04/2026,SP,355030,SAO PAULO,1,,,2026,15,0
M,1,2,12,20/03/2026,SP,355030,SAO PAULO,,2,,2026,12,1
M,1,2,20,10/05/2026,SP,355030,SAO PAULO,1,,,2026,20,0
F,9,72,15,07/04/2026,SP,355030,SAO PAULO,1,,,2026,15,0
M,1,93,10,05/03/2026,SP,355030,SAO PAULO,,3,,2026,10,1
M,1,2,17,21/04/2026,SP,355030,SAO PAULO,1,,,2026,17,0
F,9,2,19,03/05/2026,SP,355030,SAO PAULO,1,3,,2026,19,1
M,2,66,04,22/01/2026,SP,355030,SAO PAULO,1,4,,2026,4,1
F,9,96,15,07/04/2026,SP,355030,SAO PAULO,9,3,,2026,15,1
M,4,1,18,30/04/2026,SP,355030,SAO PAULO,1,,,2026,18,0
M,1,1,14,01/04/2026,SP,355030,SAO PAULO,1,,,2026,14,0
F,4,1,17,23/04/2026,SP,355030,SAO PAULO,1,,,2026,17,0
M,9,63,10,02/03/2026,SP,355030,SAO PAULO,,3,,2026,10,1
F,1,1,21,22/05/2026,SP,355030,SAO PAULO,1,3,,2026,21,1
F,9,98,12,21/03/2026,SP,355030,SAO PAULO,1,,,2026,12,0
M,1,61,21,17/05/2026,SP,355030,SAO PAULO,1,,,2026,21,0
M,1,93,26,27/06/2026,SP,355030,SAO PAULO,,,,2026,26,0
F,9,92,14,04/04/2026,SP,355030,SAO PAULO,1,,,2026,14,0
M,4,57,17,24/04/2026,SP,355030,SAO PAULO,,,,2026,17,0
F,1,11,14,03/04/2026,SP,355030,SAO PAULO,1,2,,2026,14,1
M,1,9,18,28/04/2026,SP,355030,SAO PAULO,1,4,,2026,18,1
M,4,8,16,13/04/2026,SP,355030,SAO PAULO,1,2,,2026,16,1
F,1,87,21,22/05/2026,SP,355030,SAO PAULO,1,3,,2026,21,1
M,4,8,25,19/06/2026,SP,355030,SAO PAULO,1,3,,2026,25,1
M,9,4,11,12/03/2026,SP,355030,SAO PAULO,1,3,,2026,11,1
F,4,52,16,12/04/2026,SP,355030,SAO PAULO,1,6,H3,2026,16,1
F,1,100,20,13/05/2026,SP,355030,SAO PAULO,1,2,,2026,20,1
F,1,53,04,19/01/2026,SP,355030,SAO PAULO,1,,,2026,4,0
F,1,69,24,10/06/2026,SP,355030,SAO PAULO,1,,,2026,24,0
F,1,90,11,11/03/2026,SP,355030,SAO PAULO,1,2,,2026,11,1
M,1,37,14,31/03/2026,SP,355030,SAO PAULO,,,,2026,14,0
F,4,48,07,14/02/2026,SP,355030,SAO PAULO,1,2,,2026,7,1
F,9,23,22,29/05/2026,SP,355030,SAO PAULO,1,,,2026,22,0
M,9,18,15,10/04/2026,SP,355030,SAO PAULO,1,,,2026,15,0
M,1,28,24,07/06/2026,SP,355030,SAO PAULO,1,6,INFLUENZA A SAZONAL / H3,2026,24,1
M,1,7,20,14/05/2026,SP,355030,SAO PAULO,1,3,,2026,20,1
M,1,2,14,03/04/2026,SP,355030,SAO PAULO,1,,,2026,14,0
F,1,74,16,12/04/2026,SP,355030,SAO PAULO,1,2,,2026,16,1
M,9,69,20,15/05/2026,SP,355030,SAO PAULO,1,,,2026,20,0
M,1,93,06,04/02/2026,SP,355030,SAO PAULO,,,,2026,6,0
F,9,69,17,20/04/2026,SP,355030,SAO PAULO,1,,,2026,17,0
M,9,2,22,28/05/2026,SP,355030,SAO PAULO,1,,,2026,22,0
F,1,2,12,18/03/2026,SP,355030,SAO PAULO,1,3,,2026,12,1
F,4,2,14,01/04/2026,SP,355030,SAO PAULO,1,,,2026,14,0
F,4,32,15,06/04/2026,SP,355030,SAO PAULO,1,,,2026,15,0
F,1,1,17,20/04/2026,SP,355030,SAO PAULO,1,2,,2026,17,1
F,9,1,23,01/06/2026,SP,355030,SAO PAULO,,2,,2026,23,1
F,4,81,25,19/06/2026,SP,355030,SAO PAULO,,,,2026,25,0
M,1,1,17,19/04/2026,SP,355030,SAO PAULO,1,,,2026,17,0
F,9,53,15,06/04/2026,SP,355030,SAO PAULO,1,3,,2026,15,1
F,1,78,22,25/05/2026,SP,355030,SAO PAULO,1,,,2026,22,0
M,1,75,25,18/06/2026,SP,355030,SAO PAULO,1,,,2026,25,0
M,1,36,18,01/05/2026,SP,355030,SAO PAULO,1,,,2026,18,0
M,1,18,14,04/04/2026,SP,355030,SAO PAULO,1,3,,2026,14,1
F,1,20,23,06/06/2026,SP,355030,SAO PAULO,1,,,2026,23,0
F,1,9,21,23/05/2026,SP,355030,SAO PAULO,1,3,,2026,21,1
M,4,8,15,06/04/2026,SP,355030,SAO PAULO,1,,,2026,15,0
M,1,18,03,11/01/2026,SP,355030,SAO PAULO,1,,,2026,3,0
M,1,10,12,19/03/2026,SP,355030,SAO PAULO,1,2,,2026,12,1
M,4,5,25,20/06/2026,SP,355030,SAO PAULO,1,,,2026,25,0
M,2,19,15,06/04/2026,SP,355030,SAO PAULO,1,3,,2026,15,1
F,9,5,16,13/04/2026,SP,355030,SAO PAULO,1,,,2026,16,0
M,1,4,23,04/06/2026,SP,355030,SAO PAULO,1,3,,2026,23,1
M,1,4,22,25/05/2026,SP,355030,SAO PAULO,1,,,2026,22,0
M,4,2,23,05/06/2026,SP,355030,SAO PAULO,1,,,2026,23,0
F,1,69,08,17/02/2026,SP,355030,SAO PAULO,1,5,,2026,8,1
F,9,87,27,28/06/2026,SP,355030,SAO PAULO,1,,,2026,27,0
F,9,78,09,24/02/2026,SP,355030,SAO PAULO,,2,,2026,9,1
M,1,2,14,31/03/2026,SP,355030,SAO PAULO,1,,,2026,14,0
F,4,1,22,26/05/2026,SP,355030,SAO PAULO,1,,,2026,22,0
F,5,11,21,19/05/2026,SP,355030,SAO PAULO,1,,,2026,21,0
M,1,4,23,03/06/2026,SP,355030,SAO PAULO,1,3,,2026,23,1
F,2,3,23,01/06/2026,SP,355030,SAO PAULO,1,6,H3,2026,23,1
F,1,52,16,16/04/2026,SP,355030,SAO PAULO,1,,,2026,16,0
F,1,93,21,21/05/2026,SP,355030,SAO PAULO,1,,,2026,21,0
F,1,59,11,13/03/2026,SP,355030,SAO PAULO,1,2,,2026,11,1
F,4,76,17,22/04/2026,SP,355030,SAO PAULO,1,6,AGUARDA SUBT,2026,17,1
F,9,42,12,15/03/2026,SP,355030,SAO PAULO,,3,,2026,12,1
F,2,73,16,12/04/2026,SP,355030,SAO PAULO,1,3,,2026,16,1
M,1,30,21,21/05/2026,SP,355030,SAO PAULO,1,,,2026,21,0
M,9,12,17,25/04/2026,SP,355030,SAO PAULO,1,6,H3,2026,17,1
F,1,5,16,15/04/2026,SP,355030,SAO PAULO,1,3,,2026,16,1
F,1,5,21,19/05/2026,SP,355030,SAO PAULO,1,,,2026,21,0
F,9,3,04,23/01/2026,SP,355030,SAO PAULO,1,1,,2026,4,1
M,9,28,13,25/03/2026,SP,355030,SAO PAULO,,,,2026,13,0
M,9,1,13,28/03/2026,SP,355030,SAO PAULO,1,,,2026,13,0
M,1,91,19,05/05/2026,SP,355030,SAO PAULO,1,,,2026,19,0
M,4,63,15,09/04/2026,SP,355030,SAO PAULO,1,,,2026,15,0
M,4,89,21,20/05/2026,SP,355030,SAO PAULO,,,,2026,21,0
M,4,2,24,10/06/2026,SP,355030,SAO PAULO,1,2,,2026,24,1
M,9,2,21,17/05/2026,SP,355030,SAO PAULO,1,,,2026,21,0
M,1,94,03,15/01/2026,SP,355030,SAO PAULO,1,3,,2026,3,1
F,1,72,04,21/01/2026,SP,355030,SAO PAULO,1,3,,2026,4,1
F,4,1,16,13/04/2026,SP,355030,SAO PAULO,1,,,2026,16,0
F,1,93,14,03/04/2026,SP,355030,SAO PAULO,1,2,,2026,14,1
F,4,1,11,13/03/2026,SP,355030,SAO PAULO,1,2,,2026,11,1
F,1,60,22,29/05/2026,SP,355030,SAO PAULO,,,,2026,22,0
M,1,1,25,17/06/2026,SP,355030,SAO PAULO,,,,2026,25,0
F,9,10,20,13/05/2026,SP,355030,SAO PAULO,1,2,,2026,20,1
M,4,9,17,25/04/2026,SP,355030,SAO PAULO,1,2,,2026,17,1
F,1,11,23,04/06/2026,SP,355030,SAO PAULO,1,,,2026,23,0
M,1,8,19,03/05/2026,SP,355030,SAO PAULO,1,3,,2026,19,1
F,9,7,21,17/05/2026,SP,355030,SAO PAULO,9,1,,2026,21,1
F,1,80,20,14/05/2026,SP,355030,SAO PAULO,1,3,,2026,20,1
F,4,92,22,26/05/2026,SP,355030,SAO PAULO,,,,2026,22,0
M,1,44,18,27/04/2026,SP,355030,SAO PAULO,1,3,,2026,18,1
M,1,86,23,06/06/2026,SP,355030,SAO PAULO,1,3,,2026,23,1
F,1,23,02,07/01/2026,SP,355030,SAO PAULO,1,,,2026,2,0
F,1,37,20,15/05/2026,SP,355030,SAO PAULO,1,,,2026,20,0
F,1,94,19,05/05/2026,SP,355030,SAO PAULO,1,3,,2026,19,1
M,2,34,27,01/07/2026,SP,355030,SAO PAULO,1,,,2026,27,0
M,1,29,18,26/04/2026,SP,355030,SAO PAULO,1,,,2026,18,0
F,4,22,19,04/05/2026,SP,355030,SAO PAULO,1,,,2026,19,0
M,1,7,15,09/04/2026,SP,355030,SAO PAULO,1,2,,2026,15,1
M,1,7,14,30/03/2026,SP,355030,SAO PAULO,1,,,2026,14,0
F,1,88,14,29/03/2026,SP,355030,SAO PAULO,1,,,2026,14,0
F,1,70,22,24/05/2026,SP,355030,SAO PAULO,,,,2026,22,0
M,9,3,17,20/04/2026,SP,355030,SAO PAULO,,,,2026,17,0
M,9,1,17,19/04/2026,SP,355030,SAO PAULO,1,,,2026,17,0
M,9,97,25,20/06/2026,SP,355030,SAO PAULO,1,3,,2026,25,1
M,1,83,11,10/03/2026,SP,355030,SAO PAULO,1,3,,2026,11,1
M,1,11,14,01/04/2026,SP,355030,SAO PAULO,1,3,,2026,14,1
F,1,9,18,29/04/2026,SP,355030,SAO PAULO,9,,,2026,18,0
F,4,10,20,10/05/2026,SP,355030,SAO PAULO,1,6,H3,2026,20,1
F,1,8,21,20/05/2026,SP,355030,SAO PAULO,1,3,,2026,21,1
F,4,9,10,06/03/2026,SP,355030,SAO PAULO,1,1,,2026,10,1
F,4,96,24,10/06/2026,SP,355030,SAO PAULO,,,,2026,24,0
M,1,4,20,12/05/2026,SP,355030,SAO PAULO,1,4,,2026,20,1
F,1,3,25,18/06/2026,SP,355030,SAO PAULO,1,6,H3,2026,25,1
F,4,10,17,20/04/2026,SP,355030,SAO PAULO,1,2,,2026,17,1
F,2,46,22,24/05/2026,SP,355030,SAO PAULO,1,3,,2026,22,1
F,9,59,19,03/05/2026,SP,355030,SAO PAULO,1,4,,2026,19,1
M,4,50,17,24/04/2026,SP,355030,SAO PAULO,1,2,,2026,17,1
F,1,44,12,20/03/2026,SP,355030,SAO PAULO,1,,,2026,12,0
M,2,30,16,15/04/2026,SP,355030,SAO PAULO,1,3,,2026,16,1
M,1,87,19,09/05/2026,SP,355030,SAO PAULO,1,2,,2026,19,1
M,1,7,15,11/04/2026,SP,355030,SAO PAULO,,,,2026,15,0
F,4,6,28,06/07/2026,SP,355030,SAO PAULO,1,6,H3,2026,28,1
M,1,75,14,31/03/2026,SP,355030,SAO PAULO,1,,,2026,14,0
F,1,93,16,14/04/2026,SP,355030,SAO PAULO,1,3,,2026,16,1
M,1,2,16,13/04/2026,SP,355030,SAO PAULO,1,2,,2026,16,1
F,9,1,13,22/03/2026,SP,355030,SAO PAULO,1,,,2026,13,0
M,1,1,19,09/05/2026,SP,355030,SAO PAULO,1,2,,2026,19,1
F,1,95,25,16/06/2026,SP,355030,SAO PAULO,,,,2026,25,0
M,1,57,14,03/04/2026,SP,355030,SAO PAULO,1,2,,2026,14,1
M,1,5,22,27/05/2026,SP,355030,SAO PAULO,1,,,2026,22,0
M,9,11,23,02/06/2026,SP,355030,SAO PAULO,1,,,2026,23,0
F,1,9,13,23/03/2026,SP,355030,SAO PAULO,1,,,2026,13,0
M,1,18,20,14/05/2026,SP,355030,SAO PAULO,1,,,2026,20,0
M,1,76,21,23/05/2026,SP,355030,SAO PAULO,1,,,2026,21,0
M,1,6,14,03/04/2026,SP,355030,SAO PAULO,1,3,,2026,14,1
M,4,5,22,25/05/2026,SP,355030,SAO PAULO,1,,,2026,22,0
F,4,4,10,05/03/2026,SP,355030,SAO PAULO,1,,,2026,10,0
F,4,80,20,10/05/2026,SP,355030,SAO PAULO,1,,,2026,20,0
F,1,4,23,03/06/2026,SP,355030,SAO PAULO,1,,,2026,23,0
M,1,74,27,03/07/2026,SP,355030,SAO PAULO,1,3,,2026,27,1
M,1,88,12,20/03/2026,SP,355030,SAO PAULO,1,1,,2026,12,1
F,1,88,09,23/02/2026,SP,355030,SAO PAULO,1,,,2026,9,0
F,1,2,27,02/07/2026,SP,355030,SAO PAULO,1,3,,2026,27,1
F,1,26,27,01/07/2026,SP,355030,SAO PAULO,,5,,2026,27,1
F,4,1,19,08/05/2026,SP,355030,SAO PAULO,1,1,,2026,19,1
F,1,11,23,01/06/2026,SP,355030,SAO PAULO,1,,,2026,23,0
F,1,61,20,14/05/2026,SP,355030,SAO PAULO,1,3,,2026,20,1
M,4,8,18,26/04/2026,SP,355030,SAO PAULO,1,,,2026,18,0
M,1,8,19,07/05/2026,SP,355030,SAO PAULO,1,2,,2026,19,1
F,2,6,15,05/04/2026,SP,355030,SAO PAULO,1,2,,2026,15,1
F,1,73,19,06/05/2026,SP,355030,SAO PAULO,1,3,,2026,19,1
M,9,53,08,20/02/2026,SP,355030,SAO PAULO,,,,2026,8,0
M,4,1,21,19/05/2026,SP,355030,SAO PAULO,1,2,,2026,21,1
F,1,79,26,21/06/2026,SP,355030,SAO PAULO,,,,2026,26,0
F,9,17,20,13/05/2026,SP,355030,SAO PAULO,1,,,2026,20,0
F,9,49,15,10/04/2026,SP,355030,SAO PAULO,9,1,,2026,15,1
F,4,70,15,11/04/2026,SP,355030,SAO PAULO,1,,,2026,15,0
F,4,80,15,10/04/2026,SP,355030,SAO PAULO,1,2,,2026,15,1
F,1,87,26,26/06/2026,SP,355030,SAO PAULO,,,,2026,26,0
M,9,15,11,08/03/2026,SP,355030,SAO PAULO,1,,,2026,11,0
F,1,32,24,10/06/2026,SP,355030,SAO PAULO,1,,,2026,24,0
M,9,75,13,25/03/2026,SP,355030,SAO PAULO,1,3,,2026,13,1
M,1,25,21,20/05/2026,SP,355030,SAO PAULO,1,,,2026,21,0
F,1,24,14,30/03/2026,SP,355030,SAO PAULO,,,,2026,14,0
M,4,17,13,25/03/2026,SP,355030,SAO PAULO,,,,2026,13,0
M,1,17,24,09/06/2026,SP,355030,SAO PAULO,,,,2026,24,0
F,3,73,13,27/03/2026,SP,355030,SAO PAULO,1,,,2026,13,0
M,1,7,21,18/05/2026,SP,355030,SAO PAULO,1,3,,2026,21,1
M,2,3,17,21/04/2026,SP,355030,SAO PAULO,,,,2026,17,0
F,1,75,21,22/05/2026,SP,355030,SAO PAULO,1,3,,2026,21,1
M,4,44,17,24/04/2026,SP,355030,SAO PAULO,1,3,,2026,17,1
F,9,7,17,22/04/2026,SP,355030,SAO PAULO,,,,2026,17,0
F,1,76,17,21/04/2026,SP,355030,SAO PAULO,1,,,2026,17,0
M,4,91,07,10/02/2026,SP,355030,SAO PAULO,1,,,2026,7,0
M,4,85,18,30/04/2026,SP,355030,SAO PAULO,1,2,,2026,18,1
M,1,1,15,06/04/2026,SP,355030,SAO PAULO,1,3,,2026,15,1
F,1,1,21,18/05/2026,SP,355030,SAO PAULO,1,6,H3,2026,21,1
F,1,61,20,10/05/2026,SP,355030,SAO PAULO,1,3,,2026,20,1
F,1,1,16,17/04/2026,SP,355030,SAO PAULO,,2,,2026,16,1
F,9,84,23,31/05/2026,SP,355030,SAO PAULO,1,,,2026,23,0
M,4,1,09,22/02/2026,SP,355030,SAO PAULO,1,1,,2026,9,1
F,4,88,20,14/05/2026,SP,355030,SAO PAULO,,,,2026,20,0
M,1,1,18,26/04/2026,SP,355030,SAO PAULO,1,,,2026,18,0
F,1,56,12,15/03/2026,SP,355030,SAO PAULO,1,,,2026,12,0
M,1,10,22,24/05/2026,SP,355030,SAO PAULO,1,3,,2026,22,1
F,5,10,20,15/05/2026,SP,355030,SAO PAULO,1,,,2026,20,0
F,4,9,20,11/05/2026,SP,355030,SAO PAULO,1,,,2026,20,0
F,4,4,17,20/04/2026,SP,355030,SAO PAULO,1,6,AGUARDA SUBTIPAGEM,2026,17,1
M,1,1,09,24/02/2026,SP,355030,SAO PAULO,1,1,,2026,9,1
F,1,44,12,16/03/2026,SP,355030,SAO PAULO,1,2,,2026,12,1
M,4,35,28,08/07/2026,SP,355030,SAO PAULO,1,,,2026,28,0
M,9,39,20,11/05/2026,SP,355030,SAO PAULO,1,6,A/H3,2026,20,1
M,1,24,08,18/02/2026,SP,355030,SAO PAULO,1,,,2026,8,0
F,9,21,23,04/06/2026,SP,355030,SAO PAULO,1,,,2026,23,0
M,1,8,17,24/04/2026,SP,355030,SAO PAULO,1,,,2026,17,0
M,1,16,25,14/06/2026,SP,355030,SAO PAULO,1,1,,2026,25,1
F,1,87,18,26/04/2026,SP,355030,SAO PAULO,,,,2026,18,0
M,4,77,16,13/04/2026,SP,355030,SAO PAULO,1,,,2026,16,0
F,9,84,24,08/06/2026,SP,355030,SAO PAULO,1,,,2026,24,0
M,1,74,17,20/04/2026,SP,355030,SAO PAULO,1,,,2026,17,0
M,1,60,15,08/04/2026,SP,355030,SAO PAULO,1,,,2026,15,0
M,4,8,16,17/04/2026,SP,355030,SAO PAULO,1,,,2026,16,0
M,4,9,20,11/05/2026,SP,355030,SAO PAULO,1,,,2026,20,0
F,9,54,22,29/05/2026,SP,355030,SAO PAULO,1,3,,2026,22,1
F,1,89,15,09/04/2026,SP,355030,SAO PAULO,1,2,,2026,15,1
F,1,92,15,07/04/2026,SP,355030,SAO PAULO,1,5,,2026,15,1
F,1,80,05,29/01/2026,SP,355030,SAO PAULO,1,3,,2026,5,1
F,1,83,23,01/06/2026,SP,355030,SAO PAULO,1,3,,2026,23,1
F,4,12,26,22/06/2026,SP,355030,SAO PAULO,1,,,2026,26,0
F,1,25,13,23/03/2026,SP,355030,SAO PAULO,1,,,2026,13,0
M,1,11,14,31/03/2026,SP,355030,SAO PAULO,1,,,2026,14,0
M,9,10,23,02/06/2026,SP,355030,SAO PAULO,1,,,2026,23,0
M,9,11,19,08/05/2026,SP,355030,SAO PAULO,1,,,2026,19,0
F,4,11,20,11/05/2026,SP,355030,SAO PAULO,1,,,2026,20,0
F,4,75,21,17/05/2026,SP,355030,SAO PAULO,1,,,2026,21,0
M,4,5,12,18/03/2026,SP,355030,SAO PAULO,1,,,2026,12,0
M,9,5,12,19/03/2026,SP,355030,SAO PAULO,1,,,2026,12,0
F,1,3,09,22/02/2026,SP,355030,SAO PAULO,1,,,2026,9,0
M,4,2,16,13/04/2026,SP,355030,SAO PAULO,1,,,2026,16,0
F,4,72,11,08/03/2026,SP,355030,SAO PAULO,1,1,,2026,11,1
M,9,3,12,21/03/2026,SP,355030,SAO PAULO,,,,2026,12,0
F,1,2,18,29/04/2026,SP,355030,SAO PAULO,1,,,2026,18,0
F,1,1,17,19/04/2026,SP,355030,SAO PAULO,1,2,,2026,17,1
M,9,11,18,30/04/2026,SP,355030,SAO PAULO,1,,,2026,18,0
F,4,59,24,07/06/2026,SP,355030,SAO PAULO,1,2,,2026,24,1
M,1,7,15,07/04/2026,SP,355030,SAO PAULO,1,2,,2026,15,1
M,1,88,18,26/04/2026,SP,355030,SAO PAULO,1,2,,2026,18,1
F,1,83,20,16/05/2026,SP,355030,SAO PAULO,1,3,,2026,20,1
M,4,13,18,29/04/2026,SP,355030,SAO PAULO,1,,,2026,18,0
F,4,67,16,12/04/2026,SP,355030,SAO PAULO,1,3,,2026,16,1
M,1,4,16,13/04/2026,SP,355030,SAO PAULO,1,4,,2026,16,1
F,1,59,13,22/03/2026,SP,355030,SAO PAULO,1,3,,2026,13,1
F,1,78,20,13/05/2026,SP,355030,SAO PAULO,1,2,,2026,20,1
M,1,39,19,05/05/2026,SP,355030,SAO PAULO,1,,,2026,19,0
M,1,33,12,15/03/2026,SP,355030,SAO PAULO,1,,,2026,12,0
F,9,16,19,04/05/2026,SP,355030,SAO PAULO,1,,,2026,19,0
M,4,26,28,07/07/2026,SP,355030,SAO PAULO,1,,,2026,28,0
F,1,24,21,17/05/2026,SP,355030,SAO PAULO,1,,,2026,21,0
F,9,9,22,28/05/2026,SP,355030,SAO PAULO,1,,,2026,22,0
M,1,9,20,16/05/2026,SP,355030,SAO PAULO,1,,,2026,20,0
M,1,8,17,21/04/2026,SP,355030,SAO PAULO,1,2,,2026,17,1
M,4,8,14,30/03/2026,SP,355030,SAO PAULO,1,,,2026,14,0
M,1,12,14,29/03/2026,SP,355030,SAO PAULO,1,,,2026,14,0
M,1,7,18,29/04/2026,SP,355030,SAO PAULO,1,,,2026,18,0
M,4,2,16,13/04/2026,SP,355030,SAO PAULO,1,,,2026,16,0
F,2,77,13,25/03/2026,SP,355030,SAO PAULO,,2,,2026,13,1
F,1,70,15,10/04/2026,SP,355030,SAO PAULO,,,,2026,15,0
M,4,7,20,15/05/2026,SP,355030,SAO PAULO,1,,,2026,20,0
M,4,2,22,30/05/2026,SP,355030,SAO PAULO,1,,,2026,22,0
F,9,60,20,16/05/2026,SP,355030,SAO PAULO,1,,,2026,20,0
F,1,1,21,23/05/2026,SP,355030,SAO PAULO,1,,,2026,21,0
F,4,11,23,05/06/2026,SP,355030,SAO PAULO,1,3,,2026,23,1
M,4,9,15,08/04/2026,SP,355030,SAO PAULO,1,,,2026,15,0
F,1,49,03,15/01/2026,SP,355030,SAO PAULO,1,4,,2026,3,1
M,1,21,21,18/05/2026,SP,355030,SAO PAULO,1,,,2026,21,0
M,1,9,22,28/05/2026,SP,355030,SAO PAULO,1,,,2026,22,0
M,9,6,13,28/03/2026,SP,355030,SAO PAULO,,,,2026,13,0
F,9,2,15,10/04/2026,SP,355030,SAO PAULO,1,,,2026,15,0
M,4,65,19,03/05/2026,SP,355030,SAO PAULO,1,3,,2026,19,1
F,4,67,17,20/04/2026,SP,355030,SAO PAULO,1,3,,2026,17,1
M,1,91,15,07/04/2026,SP,355030,SAO PAULO,,2,,2026,15,1
F,1,64,22,25/05/2026,SP,355030,SAO PAULO,1,,,2026,22,0
M,1,1,14,03/04/2026,SP,355030,SAO PAULO,1,4,,2026,14,1
F,2,68,08,20/02/2026,SP,355030,SAO PAULO,1,,,2026,8,0
F,9,73,15,08/04/2026,SP,355030,SAO PAULO,,2,,2026,15,1
F,4,1,13,26/03/2026,SP,355030,SAO PAULO,1,2,,2026,13,1
F,4,1,14,01/04/2026,SP,355030,SAO PAULO,1,,,2026,14,0
F,1,61,10,04/03/2026,SP,355030,SAO PAULO,1,2,,2026,10,1
M,4,7,13,26/03/2026,SP,355030,SAO PAULO,1,2,,2026,13,1
M,1,60,20,11/05/2026,SP,355030,SAO PAULO,1,3,,2026,20,1
F,9,57,15,06/04/2026,SP,355030,SAO PAULO,,,,2026,15,0
M,4,10,15,05/04/2026,SP,355030,SAO PAULO,1,,,2026,15,0
F,1,80,11,11/03/2026,SP,355030,SAO PAULO,1,5,,2026,11,1
F,1,82,13,28/03/2026,SP,355030,SAO PAULO,1,,,2026,13,0
F,9,82,15,07/04/2026,SP,355030,SAO PAULO,1,1,,2026,15,1
F,4,53,20,12/05/2026,SP,355030,SAO PAULO,1,,,2026,20,0
F,1,22,02,05/01/2026,SP,355030,SAO PAULO,,2,,2026,2,1
M,9,37,18,28/04/2026,SP,355030,SAO PAULO,1,3,,2026,18,1
F,1,30,25,20/06/2026,SP,355030,SAO PAULO,1,3,,2026,25,1
M,1,75,24,10/06/2026,SP,355030,SAO PAULO,1,3,,2026,24,1
F,1,29,26,26/06/2026,SP,355030,SAO PAULO,1,,,2026,26,0
M,1,30,20,15/05/2026,SP,355030,SAO PAULO,1,,,2026,20,0
M,4,17,21,17/05/2026,SP,355030,SAO PAULO,1,2,,2026,21,1
M,9,10,22,28/05/2026,SP,355030,SAO PAULO,1,6,H3,2026,22,1
M,4,59,21,22/05/2026,SP,355030,SAO PAULO,1,3,,2026,21,1
F,1,20,05,30/01/2026,SP,355030,SAO PAULO,1,,,2026,5,0
M,4,15,18,26/04/2026,SP,355030,SAO PAULO,1,3,,2026,18,1
F,1,17,27,28/06/2026,SP,355030,SAO PAULO,1,,,2026,27,0
F,9,79,15,06/04/2026,SP,355030,SAO PAULO,1,4,,2026,15,1
M,1,7,17,25/04/2026,SP,355030,SAO PAULO,1,,,2026,17,0
M,1,9,14,30/03/2026,SP,355030,SAO PAULO,1,2,,2026,14,1
F,4,51,22,29/05/2026,SP,355030,SAO PAULO,1,6,H3,2026,22,1
M,4,78,18,28/04/2026,SP,355030,SAO PAULO,1,,,2026,18,0
M,9,71,23,06/06/2026,SP,355030,SAO PAULO,1,,,2026,23,0
F,4,50,18,26/04/2026,SP,355030,SAO PAULO,1,3,,2026,18,1
